bucket,length
0,0
1,0
2,0
3,0
4,0
5,0
6,0
7,0
8,1
9,0
10,0
11,0
12,1
13,0
14,1
15,0
16,0
17,0
18,2
19,0
20,0
21,0
22,0
23,0
24,0
25,0
26,2
27,0
28,2
29,0
30,2
31,0
32,0
33,0
34,3
35,0
36,1
37,0
38,2
39,0
40,0
41,0
42,0
43,0
44,1
45,0
46,0
47,0
48,0
49,0
50,1
51,0
52,0
53,0
54,2
55,0
56,1
57,0
58,2
59,0
60,1
61,0
62,2
63,0
64,0
65,0
66,1
67,0
68,0
69,0
70,1
71,0
72,1
73,0
74,3
75,0
76,1
77,0
78,0
79,0
80,1
81,0
82,2
83,0
84,0
85,0
86,1
87,0
88,1
89,0
90,4
91,0
92,2
93,0
94,2
95,0
96,0
97,0
98,1
99,0
100,0
101,0
102,0
103,0
104,0
105,0
106,1
107,0
108,2
109,0
110,1
111,0
112,0
113,0
114,1
115,0
116,0
117,0
118,0
119,0
120,0
121,0
122,2
123,0
124,0
125,0
126,1
127,0
128,0
129,0
130,2
131,0
132,0
133,0
134,1
135,0
136,2
137,0
138,2
139,0
140,1
141,0
142,0
143,0
144,0
145,0
146,1
147,0
148,0
149,0
150,0
151,0
152,0
153,0
154,1
155,0
156,0
157,0
158,2
159,0
160,1
161,0
162,5
163,0
164,0
165,0
166,1
167,0
168,0
169,0
170,0
171,0
172,1
173,0
174,1
175,0
176,0
177,0
178,1
179,0
180,0
181,0
182,2
183,0
184,1
185,0
186,2
187,0
188,3
189,0
190,1
191,0
192,0
193,0
194,1
195,0
196,0
197,0
198,1
199,0
200,3
201,0
202,2
203,0
204,2
205,0
206,0
207,0
208,0
209,0
210,1
211,0
212,0
213,0
214,1
215,0
216,0
217,0
218,1
219,0
220,2
221,0
222,2
223,0
224,0
225,0
226,1
227,0
228,0
229,0
230,1
231,0
232,1
233,0
234,0
235,0
236,1
237,0
238,0
239,0
240,0
241,0
242,1
243,0
244,0
245,0
246,2
247,0
248,1
249,0
250,4
251,0
252,2
253,0
254,2
255,0
256,0
257,0
258,1
259,0
260,0
261,0
262,0
263,0
264,1
265,0
266,1
267,0
268,1
269,0
270,1
271,0
272,0
273,0
274,3
275,0
276,0
277,0
278,1
279,0
280,1
281,0
282,1
283,0
284,1
285,0
286,2
287,0
288,0
289,0
290,1
291,0
292,0
293,0
294,2
295,0
296,1
297,0
298,1
299,0
300,1
301,0
302,0
303,0
304,0
305,0
306,1
307,0
308,0
309,0
310,0
311,0
312,0
313,0
314,2
315,0
316,0
317,0
318,3
319,0
320,0
321,0
322,3
323,0
324,0
325,0
326,0
327,0
328,1
329,0
330,2
331,0
332,0
333,0
334,1
335,0
336,0
337,0
338,1
339,0
340,1
341,0
342,1
343,0
344,1
345,0
346,1
347,0
348,0
349,0
350,2
351,0
352,0
353,0
354,1
355,0
356,0
357,0
358,0
359,0
360,1
361,0
362,0
363,0
364,0
365,0
366,0
367,0
368,0
369,0
370,1
371,0
372,0
373,0
374,3
375,0
376,1
377,0
378,2
379,0
380,0
381,0
382,3
383,0
384,0
385,0
386,1
387,0
388,0
389,0
390,1
391,0
392,1
393,0
394,0
395,0
396,1
397,0
398,0
399,0
400,2
401,0
402,0
403,0
404,0
405,0
406,1
407,0
408,0
409,0
410,3
411,0
412,0
413,0
414,1
415,0
416,0
417,0
418,2
419,0
420,0
421,0
422,1
423,0
424,1
425,0
426,1
427,0
428,2
429,0
430,0
431,0
432,0
433,0
434,0
435,0
436,0
437,0
438,1
439,0
440,0
441,0
442,0
443,0
444,0
445,0
446,2
447,0
448,0
449,0
450,4
451,0
452,0
453,0
454,2
455,0
456,1
457,0
458,2
459,0
460,1
461,0
462,0
463,0
464,0
465,0
466,2
467,0
468,0
469,0
470,3
471,0
472,1
473,0
474,1
475,0
476,0
477,0
478,0
479,0
480,0
481,0
482,3
483,0
484,0
485,0
486,0
487,0
488,0
489,0
490,2
491,0
492,0
493,0
494,0
495,0
496,2
497,0
498,0
499,0
500,0
501,0
502,2
503,0
504,0
505,0
506,4
507,0
508,0
509,0
510,2
511,0
512,0
513,0
514,0
515,0
516,0
517,0
518,2
519,0
520,2
521,0
522,3
523,0
524,0
525,0
526,1
527,0
528,0
529,0
530,1
531,0
532,1
533,0
534,1
535,0
536,0
537,0
538,2
539,0
540,0
541,0
542,1
543,0
544,0
545,0
546,0
547,0
548,0
549,0
550,0
551,0
552,0
553,0
554,3
555,0
556,0
557,0
558,2
559,0
560,0
561,0
562,2
563,0
564,0
565,0
566,2
567,0
568,0
569,0
570,3
571,0
572,0
573,0
574,2
575,0
576,2
577,0
578,3
579,0
580,0
581,0
582,4
583,0
584,1
585,0
586,1
587,0
588,0
589,0
590,1
591,0
592,1
593,0
594,1
595,0
596,0
597,0
598,2
599,0
600,0
601,0
602,0
603,0
604,0
605,0
606,1
607,0
608,0
609,0
610,3
611,0
612,0
613,0
614,1
615,0
616,0
617,0
618,1
619,0
620,0
621,0
622,1
623,0
624,0
625,0
626,0
627,0
628,1
629,0
630,2
631,0
632,0
633,0
634,4
635,0
636,0
637,0
638,2
639,0
640,1
641,0
642,3
643,0
644,0
645,0
646,2
647,0
648,2
649,0
650,0
651,0
652,0
653,0
654,0
655,0
656,1
657,0
658,0
659,0
660,0
661,0
662,0
663,0
664,0
665,0
666,2
667,0
668,0
669,0
670,2
671,0
672,1
673,0
674,0
675,0
676,0
677,0
678,0
679,0
680,0
681,0
682,1
683,0
684,0
685,0
686,2
687,0
688,0
689,0
690,1
691,0
692,3
693,0
694,6
695,0
696,1
697,0
698,2
699,0
700,0
701,0
702,0
703,0
704,1
705,0
706,1
707,0
708,0
709,0
710,0
711,0
712,0
713,0
714,1
715,0
716,1
717,0
718,0
719,0
720,0
721,0
722,1
723,0
724,1
725,0
726,0
727,0
728,1
729,0
730,0
731,0
732,1
733,0
734,1
735,0
736,0
737,0
738,0
739,0
740,0
741,0
742,1
743,0
744,1
745,0
746,2
747,0
748,0
749,0
750,2
751,0
752,1
753,0
754,0
755,0
756,0
757,0
758,0
759,0
760,0
761,0
762,3
763,0
764,0
765,0
766,5
767,0
768,0
769,0
770,0
771,0
772,0
773,0
774,2
775,0
776,2
777,0
778,2
779,0
780,0
781,0
782,0
783,0
784,1
785,0
786,0
787,0
788,1
789,0
790,2
791,0
792,0
793,0
794,1
795,0
796,1
797,0
798,1
799,0
800,0
801,0
802,0
803,0
804,0
805,0
806,0
807,0
808,2
809,0
810,0
811,0
812,0
813,0
814,2
815,0
816,0
817,0
818,1
819,0
820,0
821,0
822,1
823,0
824,1
825,0
826,2
827,0
828,2
829,0
830,4
831,0
832,0
833,0
834,2
835,0
836,0
837,0
838,1
839,0
840,0
841,0
842,0
843,0
844,2
845,0
846,1
847,0
848,1
849,0
850,3
851,0
852,0
853,0
854,1
855,0
856,2
857,0
858,1
859,0
860,3
861,0
862,0
863,0
864,0
865,0
866,1
867,0
868,0
869,0
870,1
871,0
872,0
873,0
874,2
875,0
876,0
877,0
878,0
879,0
880,0
881,0
882,4
883,0
884,1
885,0
886,1
887,0
888,0
889,0
890,2
891,0
892,1
893,0
894,2
895,0
896,1
897,0
898,4
899,0
900,0
901,0
902,2
903,0
904,5
905,0
906,3
907,0
908,2
909,0
910,0
911,0
912,1
913,0
914,2
915,0
916,1
917,0
918,0
919,0
920,1
921,0
922,3
923,0
924,0
925,0
926,1
927,0
928,0
929,0
930,4
931,0
932,0
933,0
934,1
935,0
936,0
937,0
938,0
939,0
940,1
941,0
942,1
943,0
944,0
945,0
946,1
947,0
948,0
949,0
950,0
951,0
952,1
953,0
954,3
955,0
956,0
957,0
958,1
959,0
960,0
961,0
962,0
963,0
964,0
965,0
966,0
967,0
968,3
969,0
970,2
971,0
972,0
973,0
974,0
975,0
976,0
977,0
978,0
979,0
980,0
981,0
982,0
983,0
984,1
985,0
986,2
987,0
988,1
989,0
990,3
991,0
992,0
993,0
994,2
995,0
996,0
997,0
998,0
999,0
1000,1
1001,0
1002,3
1003,0
1004,1
1005,0
1006,1
1007,0
1008,0
1009,0
1010,3
1011,0
1012,0
1013,0
1014,1
1015,0
1016,1
1017,0
1018,0
1019,0
1020,1
1021,0
1022,1
1023,0
1024,2
1025,0
1026,6
1027,0
1028,1
1029,0
1030,2
1031,0
1032,1
1033,0
1034,0
1035,0
1036,0
1037,0
1038,2
1039,0
1040,1
1041,0
1042,4
1043,0
1044,2
1045,0
1046,1
1047,0
1048,0
1049,0
1050,2
1051,0
1052,1
1053,0
1054,2
1055,0
1056,2
1057,0
1058,3
1059,0
1060,1
1061,0
1062,1
1063,0
1064,2
1065,0
1066,1
1067,0
1068,2
1069,0
1070,0
1071,0
1072,3
1073,0
1074,2
1075,0
1076,1
1077,0
1078,0
1079,0
1080,2
1081,0
1082,1
1083,0
1084,2
1085,0
1086,3
1087,0
1088,2
1089,0
1090,1
1091,0
1092,0
1093,0
1094,1
1095,0
1096,1
1097,0
1098,0
1099,0
1100,1
1101,0
1102,2
1103,0
1104,2
1105,0
1106,1
1107,0
1108,0
1109,0
1110,0
1111,0
1112,1
1113,0
1114,3
1115,0
1116,1
1117,0
1118,1
1119,0
1120,2
1121,0
1122,3
1123,0
1124,0
1125,0
1126,0
1127,0
1128,3
1129,0
1130,0
1131,0
1132,0
1133,0
1134,2
1135,0
1136,1
1137,0
1138,0
1139,0
1140,0
1141,0
1142,3
1143,0
1144,3
1145,0
1146,5
1147,0
1148,3
1149,0
1150,3
1151,0
1152,2
1153,0
1154,1
1155,0
1156,1
1157,0
1158,0
1159,0
1160,3
1161,0
1162,2
1163,0
1164,0
1165,0
1166,2
1167,0
1168,2
1169,0
1170,0
1171,0
1172,0
1173,0
1174,1
1175,0
1176,0
1177,0
1178,1
1179,0
1180,2
1181,0
1182,3
1183,0
1184,0
1185,0
1186,2
1187,0
1188,0
1189,0
1190,2
1191,0
1192,0
1193,0
1194,0
1195,0
1196,3
1197,0
1198,0
1199,0
1200,0
1201,0
1202,7
1203,0
1204,1
1205,0
1206,0
1207,0
1208,2
1209,0
1210,1
1211,0
1212,0
1213,0
1214,3
1215,0
1216,0
1217,0
1218,2
1219,0
1220,3
1221,0
1222,0
1223,0
1224,2
1225,0
1226,0
1227,0
1228,2
1229,0
1230,0
1231,0
1232,4
1233,0
1234,0
1235,0
1236,0
1237,0
1238,1
1239,0
1240,0
1241,0
1242,2
1243,0
1244,2
1245,0
1246,0
1247,0
1248,1
1249,0
1250,2
1251,0
1252,0
1253,0
1254,1
1255,0
1256,2
1257,0
1258,3
1259,0
1260,0
1261,0
1262,3
1263,0
1264,1
1265,0
1266,2
1267,0
1268,0
1269,0
1270,2
1271,0
1272,0
1273,0
1274,1
1275,0
1276,5
1277,0
1278,2
1279,0
1280,1
1281,0
1282,2
1283,0
1284,0
1285,0
1286,0
1287,0
1288,3
1289,0
1290,2
1291,0
1292,1
1293,0
1294,0
1295,0
1296,1
1297,0
1298,4
1299,0
1300,0
1301,0
1302,0
1303,0
1304,1
1305,0
1306,2
1307,0
1308,4
1309,0
1310,1
1311,0
1312,0
1313,0
1314,3
1315,0
1316,2
1317,0
1318,2
1319,0
1320,1
1321,0
1322,2
1323,0
1324,1
1325,0
1326,1
1327,0
1328,0
1329,0
1330,1
1331,0
1332,1
1333,0
1334,1
1335,0
1336,0
1337,0
1338,4
1339,0
1340,1
1341,0
1342,1
1343,0
1344,0
1345,0
1346,1
1347,0
1348,1
1349,0
1350,3
1351,0
1352,2
1353,0
1354,0
1355,0
1356,1
1357,0
1358,0
1359,0
1360,1
1361,0
1362,0
1363,0
1364,0
1365,0
1366,1
1367,0
1368,1
1369,0
1370,2
1371,0
1372,0
1373,0
1374,1
1375,0
1376,2
1377,0
1378,3
1379,0
1380,0
1381,0
1382,0
1383,0
1384,1
1385,0
1386,1
1387,0
1388,2
1389,0
1390,0
1391,0
1392,1
1393,0
1394,2
1395,0
1396,1
1397,0
1398,1
1399,0
1400,1
1401,0
1402,0
1403,0
1404,0
1405,0
1406,2
1407,0
1408,0
1409,0
1410,0
1411,0
1412,3
1413,0
1414,0
1415,0
1416,2
1417,0
1418,1
1419,0
1420,1
1421,0
1422,1
1423,0
1424,1
1425,0
1426,0
1427,0
1428,3
1429,0
1430,1
1431,0
1432,0
1433,0
1434,1
1435,0
1436,0
1437,0
1438,3
1439,0
1440,0
1441,0
1442,1
1443,0
1444,1
1445,0
1446,0
1447,0
1448,1
1449,0
1450,1
1451,0
1452,0
1453,0
1454,1
1455,0
1456,0
1457,0
1458,2
1459,0
1460,1
1461,0
1462,0
1463,0
1464,2
1465,0
1466,1
1467,0
1468,5
1469,0
1470,4
1471,0
1472,0
1473,0
1474,1
1475,0
1476,2
1477,0
1478,1
1479,0
1480,0
1481,0
1482,0
1483,0
1484,2
1485,0
1486,1
1487,0
1488,2
1489,0
1490,2
1491,0
1492,1
1493,0
1494,0
1495,0
1496,1
1497,0
1498,0
1499,0
1500,1
1501,0
1502,2
1503,0
1504,0
1505,0
1506,0
1507,0
1508,0
1509,0
1510,1
1511,0
1512,1
1513,0
1514,5
1515,0
1516,1
1517,0
1518,1
1519,0
1520,2
1521,0
1522,2
1523,0
1524,0
1525,0
1526,0
1527,0
1528,6
1529,0
1530,1
1531,0
1532,1
1533,0
1534,3
1535,0
1536,0
1537,0
1538,2
1539,0
1540,0
1541,0
1542,0
1543,0
1544,2
1545,0
1546,2
1547,0
1548,3
1549,0
1550,0
1551,0
1552,0
1553,0
1554,2
1555,0
1556,1
1557,0
1558,0
1559,0
1560,0
1561,0
1562,1
1563,0
1564,0
1565,0
1566,1
1567,0
1568,0
1569,0
1570,2
1571,0
1572,0
1573,0
1574,0
1575,0
1576,1
1577,0
1578,4
1579,0
1580,1
1581,0
1582,1
1583,0
1584,0
1585,0
1586,0
1587,0
1588,1
1589,0
1590,0
1591,0
1592,0
1593,0
1594,1
1595,0
1596,2
1597,0
1598,2
1599,0
1600,0
1601,0
1602,1
1603,0
1604,0
1605,0
1606,0
1607,0
1608,2
1609,0
1610,1
1611,0
1612,1
1613,0
1614,0
1615,0
1616,0
1617,0
1618,4
1619,0
1620,2
1621,0
1622,0
1623,0
1624,0
1625,0
1626,2
1627,0
1628,1
1629,0
1630,1
1631,0
1632,0
1633,0
1634,1
1635,0
1636,0
1637,0
1638,1
1639,0
1640,1
1641,0
1642,1
1643,0
1644,0
1645,0
1646,1
1647,0
1648,1
1649,0
1650,1
1651,0
1652,1
1653,0
1654,1
1655,0
1656,1
1657,0
1658,1
1659,0
1660,1
1661,0
1662,0
1663,0
1664,0
1665,0
1666,1
1667,0
1668,0
1669,0
1670,2
1671,0
1672,1
1673,0
1674,1
1675,0
1676,0
1677,0
1678,0
1679,0
1680,0
1681,0
1682,0
1683,0
1684,0
1685,0
1686,2
1687,0
1688,0
1689,0
1690,2
1691,0
1692,0
1693,0
1694,2
1695,0
1696,1
1697,0
1698,4
1699,0
1700,0
1701,0
1702,0
1703,0
1704,1
1705,0
1706,0
1707,0
1708,1
1709,0
1710,2
1711,0
1712,0
1713,0
1714,3
1715,0
1716,0
1717,0
1718,2
1719,0
1720,1
1721,0
1722,1
1723,0
1724,1
1725,0
1726,1
1727,0
1728,0
1729,0
1730,1
1731,0
1732,1
1733,0
1734,0
1735,0
1736,0
1737,0
1738,2
1739,0
1740,0
1741,0
1742,1
1743,0
1744,2
1745,0
1746,0
1747,0
1748,1
1749,0
1750,1
1751,0
1752,0
1753,0
1754,0
1755,0
1756,1
1757,0
1758,2
1759,0
1760,0
1761,0
1762,2
1763,0
1764,0
1765,0
1766,1
1767,0
1768,0
1769,0
1770,3
1771,0
1772,1
1773,0
1774,1
1775,0
1776,0
1777,0
1778,0
1779,0
1780,0
1781,0
1782,4
1783,0
1784,3
1785,0
1786,2
1787,0
1788,1
1789,0
1790,3
1791,0
1792,0
1793,0
1794,0
1795,0
1796,0
1797,0
1798,0
1799,0
1800,1
1801,0
1802,1
1803,0
1804,0
1805,0
1806,1
1807,0
1808,0
1809,0
1810,1
1811,0
1812,0
1813,0
1814,1
1815,0
1816,0
1817,0
1818,1
1819,0
1820,2
1821,0
1822,2
1823,0
1824,0
1825,0
1826,1
1827,0
1828,0
1829,0
1830,1
1831,0
1832,0
1833,0
1834,1
1835,0
1836,0
1837,0
1838,1
1839,0
1840,0
1841,0
1842,0
1843,0
1844,1
1845,0
1846,2
1847,0
1848,0
1849,0
1850,2
1851,0
1852,1
1853,0
1854,1
1855,0
1856,0
1857,0
1858,0
1859,0
1860,0
1861,0
1862,1
1863,0
1864,2
1865,0
1866,2
1867,0
1868,1
1869,0
1870,0
1871,0
1872,2
1873,0
1874,3
1875,0
1876,0
1877,0
1878,0
1879,0
1880,1
1881,0
1882,0
1883,0
1884,1
1885,0
1886,3
1887,0
1888,0
1889,0
1890,0
1891,0
1892,0
1893,0
1894,0
1895,0
1896,0
1897,0
1898,1
1899,0
1900,2
1901,0
1902,1
1903,0
1904,0
1905,0
1906,1
1907,0
1908,0
1909,0
1910,0
1911,0
1912,2
1913,0
1914,4
1915,0
1916,1
1917,0
1918,3
1919,0
1920,0
1921,0
1922,0
1923,0
1924,1
1925,0
1926,0
1927,0
1928,0
1929,0
1930,0
1931,0
1932,0
1933,0
1934,0
1935,0
1936,1
1937,0
1938,0
1939,0
1940,2
1941,0
1942,1
1943,0
1944,0
1945,0
1946,1
1947,0
1948,1
1949,0
1950,0
1951,0
1952,0
1953,0
1954,0
1955,0
1956,0
1957,0
1958,2
1959,0
1960,0
1961,0
1962,0
1963,0
1964,0
1965,0
1966,1
1967,0
1968,0
1969,0
1970,0
1971,0
1972,0
1973,0
1974,1
1975,0
1976,0
1977,0
1978,1
1979,0
1980,0
1981,0
1982,3
1983,0
1984,0
1985,0
1986,1
1987,0
1988,0
1989,0
1990,0
1991,0
1992,2
1993,0
1994,0
1995,0
1996,1
1997,0
1998,1
1999,0
2000,0
2001,0
2002,0
2003,0
2004,0
2005,0
2006,0
2007,0
2008,0
2009,0
2010,3
2011,0
2012,1
2013,0
2014,1
2015,0
2016,0
2017,0
2018,2
2019,0
2020,0
2021,0
2022,1
2023,0
2024,1
2025,0
2026,2
2027,0
2028,1
2029,0
2030,2
2031,0
2032,2
2033,0
2034,1
2035,0
2036,0
2037,0
2038,2
2039,0
2040,2
2041,0
2042,1
2043,0
2044,0
2045,0
2046,2
2047,0
2048,5
2049,0
2050,16
2051,0
2052,4
2053,0
2054,8
2055,0
2056,6
2057,0
2058,10
2059,0
2060,10
2061,0
2062,7
2063,0
2064,1
2065,0
2066,14
2067,0
2068,5
2069,0
2070,8
2071,0
2072,6
2073,0
2074,16
2075,0
2076,10
2077,0
2078,7
2079,0
2080,8
2081,0
2082,12
2083,0
2084,0
2085,0
2086,9
2087,0
2088,5
2089,0
2090,4
2091,0
2092,11
2093,0
2094,11
2095,0
2096,9
2097,0
2098,14
2099,0
2100,5
2101,0
2102,7
2103,0
2104,5
2105,0
2106,11
2107,0
2108,10
2109,0
2110,17
2111,0
2112,6
2113,0
2114,12
2115,0
2116,4
2117,0
2118,7
2119,0
2120,7
2121,0
2122,9
2123,0
2124,3
2125,0
2126,6
2127,0
2128,7
2129,0
2130,17
2131,0
2132,7
2133,0
2134,10
2135,0
2136,5
2137,0
2138,9
2139,0
2140,10
2141,0
2142,9
2143,0
2144,7
2145,0
2146,13
2147,0
2148,6
2149,0
2150,12
2151,0
2152,4
2153,0
2154,8
2155,0
2156,8
2157,0
2158,8
2159,0
2160,4
2161,0
2162,19
2163,0
2164,7
2165,0
2166,10
2167,0
2168,5
2169,0
2170,4
2171,0
2172,12
2173,0
2174,8
2175,0
2176,5
2177,0
2178,13
2179,0
2180,7
2181,0
2182,10
2183,0
2184,6
2185,0
2186,9
2187,0
2188,9
2189,0
2190,8
2191,0
2192,11
2193,0
2194,14
2195,0
2196,6
2197,0
2198,15
2199,0
2200,6
2201,0
2202,12
2203,0
2204,8
2205,0
2206,10
2207,0
2208,4
2209,0
2210,16
2211,0
2212,3
2213,0
2214,8
2215,0
2216,6
2217,0
2218,6
2219,0
2220,6
2221,0
2222,9
2223,0
2224,6
2225,0
2226,16
2227,0
2228,8
2229,0
2230,11
2231,0
2232,16
2233,0
2234,14
2235,0
2236,8
2237,0
2238,8
2239,0
2240,4
2241,0
2242,17
2243,0
2244,6
2245,0
2246,6
2247,0
2248,8
2249,0
2250,5
2251,0
2252,8
2253,0
2254,8
2255,0
2256,3
2257,0
2258,12
2259,0
2260,4
2261,0
2262,13
2263,0
2264,9
2265,0
2266,9
2267,0
2268,3
2269,0
2270,16
2271,0
2272,3
2273,0
2274,17
2275,0
2276,2
2277,0
2278,9
2279,0
2280,10
2281,0
2282,5
2283,0
2284,7
2285,0
2286,12
2287,0
2288,3
2289,0
2290,13
2291,0
2292,3
2293,0
2294,13
2295,0
2296,5
2297,0
2298,12
2299,0
2300,9
2301,0
2302,13
2303,0
2304,7
2305,0
2306,7
2307,0
2308,4
2309,0
2310,10
2311,0
2312,6
2313,0
2314,6
2315,0
2316,3
2317,0
2318,11
2319,0
2320,4
2321,0
2322,10
2323,0
2324,7
2325,0
2326,8
2327,0
2328,9
2329,0
2330,12
2331,0
2332,8
2333,0
2334,11
2335,0
2336,13
2337,0
2338,13
2339,0
2340,2
2341,0
2342,12
2343,0
2344,6
2345,0
2346,16
2347,0
2348,7
2349,0
2350,14
2351,0
2352,4
2353,0
2354,7
2355,0
2356,5
2357,0
2358,13
2359,0
2360,5
2361,0
2362,17
2363,0
2364,9
2365,0
2366,12
2367,0
2368,5
2369,0
2370,12
2371,0
2372,4
2373,0
2374,11
2375,0
2376,7
2377,0
2378,14
2379,0
2380,13
2381,0
2382,6
2383,0
2384,2
2385,0
2386,13
2387,0
2388,7
2389,0
2390,6
2391,0
2392,8
2393,0
2394,12
2395,0
2396,6
2397,0
2398,10
2399,0
2400,1
2401,0
2402,15
2403,0
2404,3
2405,0
2406,7
2407,0
2408,2
2409,0
2410,9
2411,0
2412,8
2413,0
2414,3
2415,0
2416,6
2417,0
2418,12
2419,0
2420,2
2421,0
2422,9
2423,0
2424,7
2425,0
2426,6
2427,0
2428,5
2429,0
2430,11
2431,0
2432,6
2433,0
2434,10
2435,0
2436,5
2437,0
2438,8
2439,0
2440,11
2441,0
2442,9
2443,0
2444,5
2445,0
2446,8
2447,0
2448,4
2449,0
2450,14
2451,0
2452,9
2453,0
2454,11
2455,0
2456,11
2457,0
2458,15
2459,0
2460,8
2461,0
2462,9
2463,0
2464,9
2465,0
2466,17
2467,0
2468,9
2469,0
2470,12
2471,0
2472,6
2473,0
2474,14
2475,0
2476,6
2477,0
2478,14
2479,0
2480,7
2481,0
2482,17
2483,0
2484,7
2485,0
2486,9
2487,0
2488,10
2489,0
2490,16
2491,0
2492,5
2493,0
2494,11
2495,0
2496,10
2497,0
2498,15
2499,0
2500,3
2501,0
2502,9
2503,0
2504,6
2505,0
2506,13
2507,0
2508,10
2509,0
2510,15
2511,0
2512,9
2513,0
2514,16
2515,0
2516,6
2517,0
2518,7
2519,0
2520,12
2521,0
2522,15
2523,0
2524,3
2525,0
2526,19
2527,0
2528,4
2529,0
2530,12
2531,0
2532,6
2533,0
2534,13
2535,0
2536,7
2537,0
2538,7
2539,0
2540,5
2541,0
2542,4
2543,0
2544,7
2545,0
2546,7
2547,0
2548,8
2549,0
2550,15
2551,0
2552,12
2553,0
2554,7
2555,0
2556,8
2557,0
2558,10
2559,0
2560,5
2561,0
2562,7
2563,0
2564,7
2565,0
2566,9
2567,0
2568,6
2569,0
2570,8
2571,0
2572,7
2573,0
2574,9
2575,0
2576,9
2577,0
2578,19
2579,0
2580,6
2581,0
2582,9
2583,0
2584,7
2585,0
2586,7
2587,0
2588,2
2589,0
2590,11
2591,0
2592,8
2593,0
2594,12
2595,0
2596,4
2597,0
2598,9
2599,0
2600,3
2601,0
2602,8
2603,0
2604,10
2605,0
2606,2
2607,0
2608,6
2609,0
2610,6
2611,0
2612,4
2613,0
2614,10
2615,0
2616,8
2617,0
2618,11
2619,0
2620,11
2621,0
2622,10
2623,0
2624,3
2625,0
2626,12
2627,0
2628,2
2629,0
2630,10
2631,0
2632,4
2633,0
2634,8
2635,0
2636,4
2637,0
2638,6
2639,0
2640,6
2641,0
2642,9
2643,0
2644,5
2645,0
2646,9
2647,0
2648,2
2649,0
2650,11
2651,0
2652,10
2653,0
2654,8
2655,0
2656,6
2657,0
2658,14
2659,0
2660,1
2661,0
2662,6
2663,0
2664,8
2665,0
2666,10
2667,0
2668,9
2669,0
2670,12
2671,0
2672,3
2673,0
2674,13
2675,0
2676,6
2677,0
2678,11
2679,0
2680,4
2681,0
2682,11
2683,0
2684,8
2685,0
2686,9
2687,0
2688,11
2689,0
2690,15
2691,0
2692,7
2693,0
2694,10
2695,0
2696,9
2697,0
2698,9
2699,0
2700,10
2701,0
2702,13
2703,0
2704,4
2705,0
2706,8
2707,0
2708,6
2709,0
2710,10
2711,0
2712,11
2713,0
2714,7
2715,0
2716,9
2717,0
2718,6
2719,0
2720,7
2721,0
2722,6
2723,0
2724,12
2725,0
2726,8
2727,0
2728,6
2729,0
2730,7
2731,0
2732,6
2733,0
2734,9
2735,0
2736,7
2737,0
2738,9
2739,0
2740,6
2741,0
2742,10
2743,0
2744,7
2745,0
2746,11
2747,0
2748,15
2749,0
2750,13
2751,0
2752,6
2753,0
2754,15
2755,0
2756,5
2757,0
2758,11
2759,0
2760,4
2761,0
2762,12
2763,0
2764,6
2765,0
2766,7
2767,0
2768,9
2769,0
2770,15
2771,0
2772,3
2773,0
2774,7
2775,0
2776,9
2777,0
2778,16
2779,0
2780,7
2781,0
2782,5
2783,0
2784,5
2785,0
2786,13
2787,0
2788,3
2789,0
2790,7
2791,0
2792,5
2793,0
2794,6
2795,0
2796,6
2797,0
2798,7
2799,0
2800,5
2801,0
2802,10
2803,0
2804,8
2805,0
2806,11
2807,0
2808,10
2809,0
2810,12
2811,0
2812,6
2813,0
2814,10
2815,0
2816,2
2817,0
2818,5
2819,0
2820,3
2821,0
2822,7
2823,0
2824,8
2825,0
2826,8
2827,0
2828,2
2829,0
2830,4
2831,0
2832,4
2833,0
2834,7
2835,0
2836,1
2837,0
2838,2
2839,0
2840,3
2841,0
2842,8
2843,0
2844,1
2845,0
2846,10
2847,0
2848,3
2849,0
2850,7
2851,0
2852,0
2853,0
2854,1
2855,0
2856,6
2857,0
2858,8
2859,0
2860,4
2861,0
2862,10
2863,0
2864,3
2865,0
2866,7
2867,0
2868,3
2869,0
2870,6
2871,0
2872,6
2873,0
2874,1
2875,0
2876,2
2877,0
2878,0
2879,0
2880,5
2881,0
2882,2
2883,0
2884,9
2885,0
2886,6
2887,0
2888,3
2889,0
2890,9
2891,0
2892,6
2893,0
2894,7
2895,0
2896,4
2897,0
2898,7
2899,0
2900,5
2901,0
2902,6
2903,0
2904,3
2905,0
2906,7
2907,0
2908,2
2909,0
2910,6
2911,0
2912,1
2913,0
2914,8
2915,0
2916,4
2917,0
2918,5
2919,0
2920,4
2921,0
2922,4
2923,0
2924,4
2925,0
2926,3
2927,0
2928,4
2929,0
2930,6
2931,0
2932,1
2933,0
2934,6
2935,0
2936,4
2937,0
2938,2
2939,0
2940,9
2941,0
2942,5
2943,0
2944,2
2945,0
2946,3
2947,0
2948,3
2949,0
2950,1
2951,0
2952,1
2953,0
2954,1
2955,0
2956,2
2957,0
2958,4
2959,0
2960,1
2961,0
2962,4
2963,0
2964,3
2965,0
2966,3
2967,0
2968,2
2969,0
2970,6
2971,0
2972,2
2973,0
2974,3
2975,0
2976,1
2977,0
2978,3
2979,0
2980,0
2981,0
2982,2
2983,0
2984,1
2985,0
2986,3
2987,0
2988,4
2989,0
2990,4
2991,0
2992,3
2993,0
2994,6
2995,0
2996,6
2997,0
2998,2
2999,0
3000,1
3001,0
3002,1
3003,0
3004,3
3005,0
3006,3
3007,0
3008,3
3009,0
3010,4
3011,0
3012,1
3013,0
3014,4
3015,0
3016,1
3017,0
3018,3
3019,0
3020,2
3021,0
3022,6
3023,0
3024,4
3025,0
3026,5
3027,0
3028,3
3029,0
3030,3
3031,0
3032,3
3033,0
3034,4
3035,0
3036,6
3037,0
3038,1
3039,0
3040,2
3041,0
3042,4
3043,0
3044,4
3045,0
3046,3
3047,0
3048,1
3049,0
3050,3
3051,0
3052,3
3053,0
3054,3
3055,0
3056,3
3057,0
3058,5
3059,0
3060,2
3061,0
3062,3
3063,0
3064,1
3065,0
3066,3
3067,0
3068,4
3069,0
3070,8
3071,0
3072,0
3073,0
3074,1
3075,0
3076,1
3077,0
3078,0
3079,0
3080,0
3081,0
3082,0
3083,0
3084,2
3085,0
3086,1
3087,0
3088,1
3089,0
3090,1
3091,0
3092,0
3093,0
3094,1
3095,0
3096,0
3097,0
3098,1
3099,0
3100,0
3101,0
3102,2
3103,0
3104,1
3105,0
3106,6
3107,0
3108,0
3109,0
3110,1
3111,0
3112,0
3113,0
3114,0
3115,0
3116,1
3117,0
3118,1
3119,0
3120,0
3121,0
3122,1
3123,0
3124,0
3125,0
3126,1
3127,0
3128,0
3129,0
3130,1
3131,0
3132,3
3133,0
3134,5
3135,0
3136,1
3137,0
3138,1
3139,0
3140,0
3141,0
3142,2
3143,0
3144,2
3145,0
3146,2
3147,0
3148,1
3149,0
3150,0
3151,0
3152,1
3153,0
3154,0
3155,0
3156,1
3157,0
3158,0
3159,0
3160,3
3161,0
3162,1
3163,0
3164,0
3165,0
3166,1
3167,0
3168,0
3169,0
3170,0
3171,0
3172,0
3173,0
3174,1
3175,0
3176,0
3177,0
3178,1
3179,0
3180,0
3181,0
3182,1
3183,0
3184,0
3185,0
3186,1
3187,0
3188,0
3189,0
3190,1
3191,0
3192,0
3193,0
3194,1
3195,0
3196,1
3197,0
3198,6
3199,0
3200,0
3201,0
3202,0
3203,0
3204,0
3205,0
3206,2
3207,0
3208,0
3209,0
3210,4
3211,0
3212,0
3213,0
3214,0
3215,0
3216,0
3217,0
3218,1
3219,0
3220,1
3221,0
3222,1
3223,0
3224,0
3225,0
3226,1
3227,0
3228,2
3229,0
3230,2
3231,0
3232,2
3233,0
3234,2
3235,0
3236,0
3237,0
3238,0
3239,0
3240,0
3241,0
3242,0
3243,0
3244,0
3245,0
3246,2
3247,0
3248,0
3249,0
3250,1
3251,0
3252,0
3253,0
3254,2
3255,0
3256,0
3257,0
3258,2
3259,0
3260,2
3261,0
3262,3
3263,0
3264,0
3265,0
3266,0
3267,0
3268,1
3269,0
3270,2
3271,0
3272,2
3273,0
3274,2
3275,0
3276,1
3277,0
3278,0
3279,0
3280,1
3281,0
3282,2
3283,0
3284,2
3285,0
3286,0
3287,0
3288,0
3289,0
3290,1
3291,0
3292,3
3293,0
3294,3
3295,0
3296,0
3297,0
3298,2
3299,0
3300,0
3301,0
3302,1
3303,0
3304,0
3305,0
3306,4
3307,0
3308,1
3309,0
3310,0
3311,0
3312,0
3313,0
3314,3
3315,0
3316,0
3317,0
3318,0
3319,0
3320,0
3321,0
3322,3
3323,0
3324,0
3325,0
3326,3
3327,0
3328,2
3329,0
3330,1
3331,0
3332,0
3333,0
3334,2
3335,0
3336,0
3337,0
3338,1
3339,0
3340,1
3341,0
3342,1
3343,0
3344,0
3345,0
3346,1
3347,0
3348,0
3349,0
3350,2
3351,0
3352,1
3353,0
3354,0
3355,0
3356,0
3357,0
3358,1
3359,0
3360,1
3361,0
3362,1
3363,0
3364,0
3365,0
3366,1
3367,0
3368,1
3369,0
3370,2
3371,0
3372,0
3373,0
3374,1
3375,0
3376,0
3377,0
3378,1
3379,0
3380,1
3381,0
3382,1
3383,0
3384,1
3385,0
3386,1
3387,0
3388,2
3389,0
3390,4
3391,0
3392,0
3393,0
3394,2
3395,0
3396,0
3397,0
3398,0
3399,0
3400,0
3401,0
3402,0
3403,0
3404,1
3405,0
3406,1
3407,0
3408,1
3409,0
3410,0
3411,0
3412,4
3413,0
3414,0
3415,0
3416,1
3417,0
3418,0
3419,0
3420,1
3421,0
3422,3
3423,0
3424,1
3425,0
3426,2
3427,0
3428,0
3429,0
3430,0
3431,0
3432,0
3433,0
3434,1
3435,0
3436,1
3437,0
3438,2
3439,0
3440,1
3441,0
3442,0
3443,0
3444,1
3445,0
3446,1
3447,0
3448,1
3449,0
3450,3
3451,0
3452,1
3453,0
3454,2
3455,0
3456,0
3457,0
3458,2
3459,0
3460,0
3461,0
3462,0
3463,0
3464,0
3465,0
3466,0
3467,0
3468,0
3469,0
3470,1
3471,0
3472,0
3473,0
3474,1
3475,0
3476,1
3477,0
3478,1
3479,0
3480,0
3481,0
3482,0
3483,0
3484,1
3485,0
3486,3
3487,0
3488,0
3489,0
3490,2
3491,0
3492,0
3493,0
3494,0
3495,0
3496,1
3497,0
3498,1
3499,0
3500,2
3501,0
3502,0
3503,0
3504,0
3505,0
3506,0
3507,0
3508,0
3509,0
3510,1
3511,0
3512,0
3513,0
3514,3
3515,0
3516,1
3517,0
3518,2
3519,0
3520,0
3521,0
3522,1
3523,0
3524,0
3525,0
3526,0
3527,0
3528,0
3529,0
3530,0
3531,0
3532,3
3533,0
3534,2
3535,0
3536,1
3537,0
3538,0
3539,0
3540,4
3541,0
3542,0
3543,0
3544,0
3545,0
3546,1
3547,0
3548,2
3549,0
3550,0
3551,0
3552,1
3553,0
3554,1
3555,0
3556,0
3557,0
3558,1
3559,0
3560,0
3561,0
3562,2
3563,0
3564,0
3565,0
3566,1
3567,0
3568,0
3569,0
3570,2
3571,0
3572,0
3573,0
3574,1
3575,0
3576,0
3577,0
3578,1
3579,0
3580,3
3581,0
3582,2
3583,0
3584,0
3585,0
3586,2
3587,0
3588,0
3589,0
3590,0
3591,0
3592,0
3593,0
3594,1
3595,0
3596,1
3597,0
3598,0
3599,0
3600,0
3601,0
3602,0
3603,0
3604,0
3605,0
3606,1
3607,0
3608,1
3609,0
3610,1
3611,0
3612,4
3613,0
3614,0
3615,0
3616,0
3617,0
3618,3
3619,0
3620,0
3621,0
3622,0
3623,0
3624,1
3625,0
3626,1
3627,0
3628,0
3629,0
3630,1
3631,0
3632,0
3633,0
3634,2
3635,0
3636,0
3637,0
3638,0
3639,0
3640,2
3641,0
3642,3
3643,0
3644,1
3645,0
3646,2
3647,0
3648,2
3649,0
3650,2
3651,0
3652,0
3653,0
3654,3
3655,0
3656,3
3657,0
3658,3
3659,0
3660,1
3661,0
3662,0
3663,0
3664,0
3665,0
3666,0
3667,0
3668,1
3669,0
3670,0
3671,0
3672,0
3673,0
3674,3
3675,0
3676,1
3677,0
3678,4
3679,0
3680,1
3681,0
3682,2
3683,0
3684,0
3685,0
3686,2
3687,0
3688,0
3689,0
3690,1
3691,0
3692,0
3693,0
3694,1
3695,0
3696,0
3697,0
3698,2
3699,0
3700,0
3701,0
3702,1
3703,0
3704,1
3705,0
3706,0
3707,0
3708,1
3709,0
3710,4
3711,0
3712,0
3713,0
3714,0
3715,0
3716,0
3717,0
3718,0
3719,0
3720,1
3721,0
3722,1
3723,0
3724,2
3725,0
3726,1
3727,0
3728,0
3729,0
3730,2
3731,0
3732,1
3733,0
3734,0
3735,0
3736,1
3737,0
3738,3
3739,0
3740,1
3741,0
3742,0
3743,0
3744,0
3745,0
3746,3
3747,0
3748,0
3749,0
3750,0
3751,0
3752,1
3753,0
3754,1
3755,0
3756,1
3757,0
3758,2
3759,0
3760,0
3761,0
3762,1
3763,0
3764,0
3765,0
3766,0
3767,0
3768,0
3769,0
3770,2
3771,0
3772,2
3773,0
3774,1
3775,0
3776,0
3777,0
3778,4
3779,0
3780,1
3781,0
3782,0
3783,0
3784,0
3785,0
3786,1
3787,0
3788,0
3789,0
3790,0
3791,0
3792,1
3793,0
3794,1
3795,0
3796,1
3797,0
3798,0
3799,0
3800,0
3801,0
3802,2
3803,0
3804,1
3805,0
3806,0
3807,0
3808,0
3809,0
3810,0
3811,0
3812,0
3813,0
3814,1
3815,0
3816,0
3817,0
3818,0
3819,0
3820,0
3821,0
3822,0
3823,0
3824,0
3825,0
3826,1
3827,0
3828,0
3829,0
3830,2
3831,0
3832,0
3833,0
3834,1
3835,0
3836,1
3837,0
3838,2
3839,0
3840,1
3841,0
3842,1
3843,0
3844,1
3845,0
3846,1
3847,0
3848,3
3849,0
3850,1
3851,0
3852,0
3853,0
3854,1
3855,0
3856,0
3857,0
3858,0
3859,0
3860,0
3861,0
3862,0
3863,0
3864,0
3865,0
3866,4
3867,0
3868,1
3869,0
3870,1
3871,0
3872,1
3873,0
3874,0
3875,0
3876,0
3877,0
3878,0
3879,0
3880,0
3881,0
3882,0
3883,0
3884,1
3885,0
3886,0
3887,0
3888,1
3889,0
3890,2
3891,0
3892,0
3893,0
3894,0
3895,0
3896,0
3897,0
3898,0
3899,0
3900,0
3901,0
3902,1
3903,0
3904,0
3905,0
3906,3
3907,0
3908,0
3909,0
3910,0
3911,0
3912,2
3913,0
3914,1
3915,0
3916,0
3917,0
3918,0
3919,0
3920,0
3921,0
3922,1
3923,0
3924,0
3925,0
3926,0
3927,0
3928,1
3929,0
3930,1
3931,0
3932,1
3933,0
3934,4
3935,0
3936,0
3937,0
3938,2
3939,0
3940,0
3941,0
3942,1
3943,0
3944,2
3945,0
3946,0
3947,0
3948,0
3949,0
3950,0
3951,0
3952,0
3953,0
3954,0
3955,0
3956,0
3957,0
3958,0
3959,0
3960,0
3961,0
3962,1
3963,0
3964,1
3965,0
3966,0
3967,0
3968,0
3969,0
3970,3
3971,0
3972,0
3973,0
3974,0
3975,0
3976,2
3977,0
3978,1
3979,0
3980,0
3981,0
3982,0
3983,0
3984,0
3985,0
3986,2
3987,0
3988,1
3989,0
3990,1
3991,0
3992,1
3993,0
3994,0
3995,0
3996,0
3997,0
3998,0
3999,0
4000,1
4001,0
4002,0
4003,0
4004,0
4005,0
4006,0
4007,0
4008,0
4009,0
4010,1
4011,0
4012,1
4013,0
4014,0
4015,0
4016,0
4017,0
4018,0
4019,0
4020,0
4021,0
4022,1
4023,0
4024,1
4025,0
4026,0
4027,0
4028,0
4029,0
4030,1
4031,0
4032,1
4033,0
4034,1
4035,0
4036,0
4037,0
4038,0
4039,0
4040,3
4041,0
4042,0
4043,0
4044,0
4045,0
4046,0
4047,0
4048,0
4049,0
4050,1
4051,0
4052,0
4053,0
4054,1
4055,0
4056,1
4057,0
4058,1
4059,0
4060,4
4061,0
4062,0
4063,0
4064,0
4065,0
4066,2
4067,0
4068,0
4069,0
4070,0
4071,0
4072,0
4073,0
4074,1
4075,0
4076,2
4077,0
4078,0
4079,0
4080,0
4081,0
4082,5
4083,0
4084,2
4085,0
4086,1
4087,0
4088,1
4089,0
4090,1
4091,0
4092,3
4093,0
4094,2
4095,0
4096,6
4097,0
4098,10
4099,0
4100,6
4101,0
4102,5
4103,0
4104,8
4105,0
4106,6
4107,0
4108,7
4109,0
4110,2
4111,0
4112,5
4113,0
4114,7
4115,0
4116,5
4117,0
4118,6
4119,0
4120,3
4121,0
4122,6
4123,0
4124,6
4125,0
4126,5
4127,0
4128,3
4129,0
4130,5
4131,0
4132,6
4133,0
4134,8
4135,0
4136,6
4137,0
4138,7
4139,0
4140,8
4141,0
4142,6
4143,0
4144,6
4145,0
4146,4
4147,0
4148,6
4149,0
4150,4
4151,0
4152,5
4153,0
4154,9
4155,0
4156,6
4157,0
4158,8
4159,0
4160,9
4161,0
4162,8
4163,0
4164,4
4165,0
4166,7
4167,0
4168,6
4169,0
4170,10
4171,0
4172,5
4173,0
4174,3
4175,0
4176,4
4177,0
4178,6
4179,0
4180,7
4181,0
4182,4
4183,0
4184,2
4185,0
4186,12
4187,0
4188,10
4189,0
4190,12
4191,0
4192,4
4193,0
4194,4
4195,0
4196,1
4197,0
4198,4
4199,0
4200,7
4201,0
4202,8
4203,0
4204,7
4205,0
4206,7
4207,0
4208,4
4209,0
4210,5
4211,0
4212,3
4213,0
4214,1
4215,0
4216,7
4217,0
4218,9
4219,0
4220,8
4221,0
4222,8
4223,0
4224,3
4225,0
4226,8
4227,0
4228,6
4229,0
4230,4
4231,0
4232,7
4233,0
4234,6
4235,0
4236,5
4237,0
4238,5
4239,0
4240,8
4241,0
4242,9
4243,0
4244,5
4245,0
4246,4
4247,0
4248,14
4249,0
4250,10
4251,0
4252,2
4253,0
4254,10
4255,0
4256,5
4257,0
4258,11
4259,0
4260,2
4261,0
4262,5
4263,0
4264,7
4265,0
4266,2
4267,0
4268,8
4269,0
4270,1
4271,0
4272,4
4273,0
4274,8
4275,0
4276,6
4277,0
4278,2
4279,0
4280,7
4281,0
4282,15
4283,0
4284,6
4285,0
4286,11
4287,0
4288,5
4289,0
4290,1
4291,0
4292,5
4293,0
4294,6
4295,0
4296,5
4297,0
4298,9
4299,0
4300,7
4301,0
4302,9
4303,0
4304,11
4305,0
4306,8
4307,0
4308,3
4309,0
4310,7
4311,0
4312,5
4313,0
4314,6
4315,0
4316,4
4317,0
4318,7
4319,0
4320,4
4321,0
4322,9
4323,0
4324,3
4325,0
4326,4
4327,0
4328,7
4329,0
4330,10
4331,0
4332,12
4333,0
4334,6
4335,0
4336,9
4337,0
4338,9
4339,0
4340,7
4341,0
4342,4
4343,0
4344,4
4345,0
4346,9
4347,0
4348,8
4349,0
4350,14
4351,0
4352,8
4353,0
4354,6
4355,0
4356,8
4357,0
4358,6
4359,0
4360,5
4361,0
4362,9
4363,0
4364,5
4365,0
4366,5
4367,0
4368,3
4369,0
4370,5
4371,0
4372,7
4373,0
4374,6
4375,0
4376,7
4377,0
4378,9
4379,0
4380,8
4381,0
4382,10
4383,0
4384,9
4385,0
4386,10
4387,0
4388,8
4389,0
4390,7
4391,0
4392,9
4393,0
4394,12
4395,0
4396,4
4397,0
4398,7
4399,0
4400,4
4401,0
4402,4
4403,0
4404,6
4405,0
4406,5
4407,0
4408,4
4409,0
4410,13
4411,0
4412,6
4413,0
4414,8
4415,0
4416,3
4417,0
4418,7
4419,0
4420,9
4421,0
4422,6
4423,0
4424,5
4425,0
4426,6
4427,0
4428,8
4429,0
4430,5
4431,0
4432,6
4433,0
4434,9
4435,0
4436,5
4437,0
4438,6
4439,0
4440,4
4441,0
4442,9
4443,0
4444,8
4445,0
4446,4
4447,0
4448,3
4449,0
4450,6
4451,0
4452,1
4453,0
4454,3
4455,0
4456,5
4457,0
4458,5
4459,0
4460,5
4461,0
4462,3
4463,0
4464,3
4465,0
4466,8
4467,0
4468,12
4469,0
4470,7
4471,0
4472,5
4473,0
4474,8
4475,0
4476,3
4477,0
4478,4
4479,0
4480,4
4481,0
4482,11
4483,0
4484,7
4485,0
4486,4
4487,0
4488,6
4489,0
4490,5
4491,0
4492,11
4493,0
4494,6
4495,0
4496,3
4497,0
4498,4
4499,0
4500,13
4501,0
4502,6
4503,0
4504,7
4505,0
4506,9
4507,0
4508,3
4509,0
4510,11
4511,0
4512,5
4513,0
4514,10
4515,0
4516,4
4517,0
4518,6
4519,0
4520,8
4521,0
4522,13
4523,0
4524,5
4525,0
4526,9
4527,0
4528,5
4529,0
4530,7
4531,0
4532,9
4533,0
4534,6
4535,0
4536,7
4537,0
4538,8
4539,0
4540,13
4541,0
4542,9
4543,0
4544,2
4545,0
4546,7
4547,0
4548,6
4549,0
4550,7
4551,0
4552,2
4553,0
4554,8
4555,0
4556,9
4557,0
4558,6
4559,0
4560,8
4561,0
4562,11
4563,0
4564,8
4565,0
4566,4
4567,0
4568,4
4569,0
4570,11
4571,0
4572,9
4573,0
4574,6
4575,0
4576,5
4577,0
4578,11
4579,0
4580,4
4581,0
4582,6
4583,0
4584,8
4585,0
4586,9
4587,0
4588,5
4589,0
4590,9
4591,0
4592,6
4593,0
4594,10
4595,0
4596,6
4597,0
4598,3
4599,0
4600,2
4601,0
4602,12
4603,0
4604,8
4605,0
4606,7
4607,0
4608,3
4609,0
4610,8
4611,0
4612,1
4613,0
4614,6
4615,0
4616,2
4617,0
4618,5
4619,0
4620,8
4621,0
4622,2
4623,0
4624,4
4625,0
4626,4
4627,0
4628,10
4629,0
4630,5
4631,0
4632,6
4633,0
4634,4
4635,0
4636,12
4637,0
4638,5
4639,0
4640,5
4641,0
4642,8
4643,0
4644,2
4645,0
4646,4
4647,0
4648,3
4649,0
4650,7
4651,0
4652,8
4653,0
4654,1
4655,0
4656,5
4657,0
4658,10
4659,0
4660,2
4661,0
4662,2
4663,0
4664,4
4665,0
4666,14
4667,0
4668,9
4669,0
4670,8
4671,0
4672,7
4673,0
4674,10
4675,0
4676,4
4677,0
4678,3
4679,0
4680,10
4681,0
4682,8
4683,0
4684,8
4685,0
4686,2
4687,0
4688,7
4689,0
4690,8
4691,0
4692,3
4693,0
4694,4
4695,0
4696,5
4697,0
4698,8
4699,0
4700,5
4701,0
4702,1
4703,0
4704,3
4705,0
4706,6
4707,0
4708,2
4709,0
4710,3
4711,0
4712,9
4713,0
4714,6
4715,0
4716,5
4717,0
4718,6
4719,0
4720,2
4721,0
4722,9
4723,0
4724,2
4725,0
4726,9
4727,0
4728,1
4729,0
4730,14
4731,0
4732,7
4733,0
4734,9
4735,0
4736,4
4737,0
4738,6
4739,0
4740,5
4741,0
4742,2
4743,0
4744,6
4745,0
4746,7
4747,0
4748,4
4749,0
4750,5
4751,0
4752,5
4753,0
4754,5
4755,0
4756,8
4757,0
4758,2
4759,0
4760,12
4761,0
4762,6
4763,0
4764,8
4765,0
4766,6
4767,0
4768,5
4769,0
4770,7
4771,0
4772,3
4773,0
4774,6
4775,0
4776,3
4777,0
4778,10
4779,0
4780,7
4781,0
4782,4
4783,0
4784,5
4785,0
4786,6
4787,0
4788,5
4789,0
4790,4
4791,0
4792,4
4793,0
4794,6
4795,0
4796,17
4797,0
4798,9
4799,0
4800,4
4801,0
4802,11
4803,0
4804,3
4805,0
4806,5
4807,0
4808,5
4809,0
4810,11
4811,0
4812,10
4813,0
4814,7
4815,0
4816,3
4817,0
4818,7
4819,0
4820,5
4821,0
4822,2
4823,0
4824,3
4825,0
4826,3
4827,0
4828,6
4829,0
4830,7
4831,0
4832,2
4833,0
4834,4
4835,0
4836,4
4837,0
4838,0
4839,0
4840,5
4841,0
4842,6
4843,0
4844,11
4845,0
4846,7
4847,0
4848,3
4849,0
4850,4
4851,0
4852,4
4853,0
4854,5
4855,0
4856,3
4857,0
4858,8
4859,0
4860,8
4861,0
4862,7
4863,0
4864,3
4865,0
4866,6
4867,0
4868,4
4869,0
4870,7
4871,0
4872,11
4873,0
4874,6
4875,0
4876,11
4877,0
4878,3
4879,0
4880,3
4881,0
4882,5
4883,0
4884,8
4885,0
4886,3
4887,0
4888,6
4889,0
4890,8
4891,0
4892,6
4893,0
4894,8
4895,0
4896,5
4897,0
4898,8
4899,0
4900,1
4901,0
4902,6
4903,0
4904,4
4905,0
4906,14
4907,0
4908,7
4909,0
4910,12
4911,0
4912,9
4913,0
4914,4
4915,0
4916,4
4917,0
4918,8
4919,0
4920,9
4921,0
4922,6
4923,0
4924,5
4925,0
4926,5
4927,0
4928,0
4929,0
4930,8
4931,0
4932,1
4933,0
4934,9
4935,0
4936,8
4937,0
4938,3
4939,0
4940,2
4941,0
4942,3
4943,0
4944,7
4945,0
4946,10
4947,0
4948,6
4949,0
4950,7
4951,0
4952,1
4953,0
4954,10
4955,0
4956,8
4957,0
4958,8
4959,0
4960,4
4961,0
4962,7
4963,0
4964,1
4965,0
4966,8
4967,0
4968,3
4969,0
4970,5
4971,0
4972,14
4973,0
4974,6
4975,0
4976,7
4977,0
4978,9
4979,0
4980,6
4981,0
4982,3
4983,0
4984,5
4985,0
4986,7
4987,0
4988,8
4989,0
4990,10
4991,0
4992,7
4993,0
4994,4
4995,0
4996,4
4997,0
4998,6
4999,0
5000,8
5001,0
5002,10
5003,0
5004,6
5005,0
5006,4
5007,0
5008,2
5009,0
5010,4
5011,0
5012,8
5013,0
5014,12
5015,0
5016,4
5017,0
5018,10
5019,0
5020,6
5021,0
5022,3
5023,0
5024,2
5025,0
5026,14
5027,0
5028,5
5029,0
5030,5
5031,0
5032,7
5033,0
5034,7
5035,0
5036,8
5037,0
5038,4
5039,0
5040,6
5041,0
5042,11
5043,0
5044,7
5045,0
5046,6
5047,0
5048,4
5049,0
5050,12
5051,0
5052,6
5053,0
5054,4
5055,0
5056,3
5057,0
5058,9
5059,0
5060,1
5061,0
5062,4
5063,0
5064,8
5065,0
5066,11
5067,0
5068,5
5069,0
5070,3
5071,0
5072,7
5073,0
5074,11
5075,0
5076,4
5077,0
5078,8
5079,0
5080,5
5081,0
5082,6
5083,0
5084,6
5085,0
5086,14
5087,0
5088,7
5089,0
5090,3
5091,0
5092,2
5093,0
5094,8
5095,0
5096,3
5097,0
5098,4
5099,0
5100,9
5101,0
5102,6
5103,0
5104,5
5105,0
5106,6
5107,0
5108,3
5109,0
5110,2
5111,0
5112,6
5113,0
5114,13
5115,0
5116,9
5117,0
5118,9
5119,0
5120,8
5121,0
5122,4
5123,0
5124,2
5125,0
5126,4
5127,0
5128,2
5129,0
5130,5
5131,0
5132,1
5133,0
5134,5
5135,0
5136,5
5137,0
5138,12
5139,0
5140,9
5141,0
5142,2
5143,0
5144,2
5145,0
5146,4
5147,0
5148,8
5149,0
5150,5
5151,0
5152,3
5153,0
5154,9
5155,0
5156,3
5157,0
5158,5
5159,0
5160,5
5161,0
5162,5
5163,0
5164,6
5165,0
5166,4
5167,0
5168,3
5169,0
5170,8
5171,0
5172,3
5173,0
5174,6
5175,0
5176,2
5177,0
5178,4
5179,0
5180,9
5181,0
5182,1
5183,0
5184,1
5185,0
5186,6
5187,0
5188,8
5189,0
5190,5
5191,0
5192,4
5193,0
5194,3
5195,0
5196,14
5197,0
5198,1
5199,0
5200,1
5201,0
5202,3
5203,0
5204,2
5205,0
5206,2
5207,0
5208,7
5209,0
5210,7
5211,0
5212,2
5213,0
5214,5
5215,0
5216,4
5217,0
5218,7
5219,0
5220,3
5221,0
5222,3
5223,0
5224,7
5225,0
5226,7
5227,0
5228,4
5229,0
5230,5
5231,0
5232,3
5233,0
5234,4
5235,0
5236,4
5237,0
5238,6
5239,0
5240,3
5241,0
5242,3
5243,0
5244,8
5245,0
5246,5
5247,0
5248,3
5249,0
5250,2
5251,0
5252,2
5253,0
5254,4
5255,0
5256,5
5257,0
5258,3
5259,0
5260,3
5261,0
5262,3
5263,0
5264,6
5265,0
5266,5
5267,0
5268,6
5269,0
5270,7
5271,0
5272,4
5273,0
5274,8
5275,0
5276,10
5277,0
5278,4
5279,0
5280,1
5281,0
5282,8
5283,0
5284,2
5285,0
5286,10
5287,0
5288,6
5289,0
5290,6
5291,0
5292,7
5293,0
5294,5
5295,0
5296,4
5297,0
5298,4
5299,0
5300,11
5301,0
5302,4
5303,0
5304,4
5305,0
5306,9
5307,0
5308,5
5309,0
5310,7
5311,0
5312,5
5313,0
5314,7
5315,0
5316,2
5317,0
5318,4
5319,0
5320,10
5321,0
5322,7
5323,0
5324,7
5325,0
5326,6
5327,0
5328,3
5329,0
5330,5
5331,0
5332,5
5333,0
5334,7
5335,0
5336,9
5337,0
5338,6
5339,0
5340,9
5341,0
5342,4
5343,0
5344,2
5345,0
5346,8
5347,0
5348,6
5349,0
5350,3
5351,0
5352,5
5353,0
5354,12
5355,0
5356,13
5357,0
5358,6
5359,0
5360,5
5361,0
5362,8
5363,0
5364,9
5365,0
5366,7
5367,0
5368,5
5369,0
5370,7
5371,0
5372,8
5373,0
5374,2
5375,0
5376,6
5377,0
5378,7
5379,0
5380,6
5381,0
5382,4
5383,0
5384,5
5385,0
5386,3
5387,0
5388,5
5389,0
5390,6
5391,0
5392,5
5393,0
5394,5
5395,0
5396,11
5397,0
5398,6
5399,0
5400,7
5401,0
5402,11
5403,0
5404,5
5405,0
5406,5
5407,0
5408,6
5409,0
5410,6
5411,0
5412,2
5413,0
5414,4
5415,0
5416,7
5417,0
5418,11
5419,0
5420,4
5421,0
5422,7
5423,0
5424,5
5425,0
5426,2
5427,0
5428,7
5429,0
5430,4
5431,0
5432,4
5433,0
5434,5
5435,0
5436,10
5437,0
5438,8
5439,0
5440,2
5441,0
5442,6
5443,0
5444,7
5445,0
5446,2
5447,0
5448,7
5449,0
5450,7
5451,0
5452,7
5453,0
5454,3
5455,0
5456,5
5457,0
5458,7
5459,0
5460,6
5461,0
5462,8
5463,0
5464,10
5465,0
5466,3
5467,0
5468,6
5469,0
5470,6
5471,0
5472,4
5473,0
5474,6
5475,0
5476,8
5477,0
5478,1
5479,0
5480,6
5481,0
5482,7
5483,0
5484,5
5485,0
5486,4
5487,0
5488,5
5489,0
5490,7
5491,0
5492,5
5493,0
5494,3
5495,0
5496,9
5497,0
5498,7
5499,0
5500,8
5501,0
5502,9
5503,0
5504,6
5505,0
5506,14
5507,0
5508,3
5509,0
5510,5
5511,0
5512,6
5513,0
5514,6
5515,0
5516,7
5517,0
5518,3
5519,0
5520,10
5521,0
5522,7
5523,0
5524,9
5525,0
5526,4
5527,0
5528,9
5529,0
5530,3
5531,0
5532,12
5533,0
5534,4
5535,0
5536,5
5537,0
5538,4
5539,0
5540,4
5541,0
5542,6
5543,0
5544,3
5545,0
5546,2
5547,0
5548,5
5549,0
5550,9
5551,0
5552,6
5553,0
5554,4
5555,0
5556,4
5557,0
5558,4
5559,0
5560,3
5561,0
5562,11
5563,0
5564,9
5565,0
5566,5
5567,0
5568,6
5569,0
5570,9
5571,0
5572,5
5573,0
5574,4
5575,0
5576,6
5577,0
5578,6
5579,0
5580,5
5581,0
5582,1
5583,0
5584,5
5585,0
5586,5
5587,0
5588,10
5589,0
5590,3
5591,0
5592,3
5593,0
5594,5
5595,0
5596,6
5597,0
5598,10
5599,0
5600,6
5601,0
5602,9
5603,0
5604,6
5605,0
5606,7
5607,0
5608,3
5609,0
5610,9
5611,0
5612,4
5613,0
5614,3
5615,0
5616,10
5617,0
5618,5
5619,0
5620,2
5621,0
5622,4
5623,0
5624,4
5625,0
5626,8
5627,0
5628,6
5629,0
5630,5
5631,0
5632,2
5633,0
5634,3
5635,0
5636,0
5637,0
5638,1
5639,0
5640,2
5641,0
5642,4
5643,0
5644,2
5645,0
5646,1
5647,0
5648,1
5649,0
5650,3
5651,0
5652,3
5653,0
5654,4
5655,0
5656,2
5657,0
5658,5
5659,0
5660,6
5661,0
5662,7
5663,0
5664,1
5665,0
5666,5
5667,0
5668,0
5669,0
5670,2
5671,0
5672,2
5673,0
5674,4
5675,0
5676,2
5677,0
5678,3
5679,0
5680,1
5681,0
5682,2
5683,0
5684,1
5685,0
5686,3
5687,0
5688,2
5689,0
5690,5
5691,0
5692,1
5693,0
5694,4
5695,0
5696,4
5697,0
5698,3
5699,0
5700,1
5701,0
5702,6
5703,0
5704,4
5705,0
5706,0
5707,0
5708,4
5709,0
5710,3
5711,0
5712,2
5713,0
5714,6
5715,0
5716,4
5717,0
5718,2
5719,0
5720,0
5721,0
5722,5
5723,0
5724,5
5725,0
5726,3
5727,0
5728,3
5729,0
5730,2
5731,0
5732,5
5733,0
5734,3
5735,0
5736,2
5737,0
5738,7
5739,0
5740,2
5741,0
5742,3
5743,0
5744,3
5745,0
5746,5
5747,0
5748,2
5749,0
5750,4
5751,0
5752,2
5753,0
5754,8
5755,0
5756,7
5757,0
5758,6
5759,0
5760,1
5761,0
5762,8
5763,0
5764,5
5765,0
5766,4
5767,0
5768,2
5769,0
5770,1
5771,0
5772,2
5773,0
5774,2
5775,0
5776,1
5777,0
5778,6
5779,0
5780,3
5781,0
5782,6
5783,0
5784,3
5785,0
5786,6
5787,0
5788,6
5789,0
5790,2
5791,0
5792,1
5793,0
5794,3
5795,0
5796,3
5797,0
5798,2
5799,0
5800,3
5801,0
5802,2
5803,0
5804,6
5805,0
5806,0
5807,0
5808,1
5809,0
5810,5
5811,0
5812,1
5813,0
5814,4
5815,0
5816,4
5817,0
5818,4
5819,0
5820,4
5821,0
5822,3
5823,0
5824,3
5825,0
5826,3
5827,0
5828,2
5829,0
5830,1
5831,0
5832,4
5833,0
5834,1
5835,0
5836,2
5837,0
5838,2
5839,0
5840,3
5841,0
5842,3
5843,0
5844,3
5845,0
5846,3
5847,0
5848,1
5849,0
5850,2
5851,0
5852,5
5853,0
5854,3
5855,0
5856,3
5857,0
5858,2
5859,0
5860,3
5861,0
5862,2
5863,0
5864,2
5865,0
5866,2
5867,0
5868,2
5869,0
5870,3
5871,0
5872,1
5873,0
5874,4
5875,0
5876,3
5877,0
5878,4
5879,0
5880,0
5881,0
5882,3
5883,0
5884,4
5885,0
5886,3
5887,0
5888,1
5889,0
5890,3
5891,0
5892,0
5893,0
5894,3
5895,0
5896,2
5897,0
5898,3
5899,0
5900,2
5901,0
5902,3
5903,0
5904,2
5905,0
5906,4
5907,0
5908,1
5909,0
5910,2
5911,0
5912,2
5913,0
5914,4
5915,0
5916,1
5917,0
5918,2
5919,0
5920,2
5921,0
5922,4
5923,0
5924,2
5925,0
5926,2
5927,0
5928,2
5929,0
5930,2
5931,0
5932,5
5933,0
5934,4
5935,0
5936,2
5937,0
5938,0
5939,0
5940,1
5941,0
5942,3
5943,0
5944,3
5945,0
5946,3
5947,0
5948,5
5949,0
5950,2
5951,0
5952,0
5953,0
5954,1
5955,0
5956,4
5957,0
5958,3
5959,0
5960,2
5961,0
5962,5
5963,0
5964,4
5965,0
5966,4
5967,0
5968,4
5969,0
5970,5
5971,0
5972,1
5973,0
5974,4
5975,0
5976,1
5977,0
5978,1
5979,0
5980,3
5981,0
5982,3
5983,0
5984,1
5985,0
5986,3
5987,0
5988,0
5989,0
5990,1
5991,0
5992,4
5993,0
5994,3
5995,0
5996,6
5997,0
5998,4
5999,0
6000,2
6001,0
6002,1
6003,0
6004,0
6005,0
6006,0
6007,0
6008,2
6009,0
6010,8
6011,0
6012,1
6013,0
6014,4
6015,0
6016,1
6017,0
6018,3
6019,0
6020,1
6021,0
6022,2
6023,0
6024,0
6025,0
6026,0
6027,0
6028,4
6029,0
6030,2
6031,0
6032,3
6033,0
6034,2
6035,0
6036,1
6037,0
6038,4
6039,0
6040,0
6041,0
6042,3
6043,0
6044,5
6045,0
6046,1
6047,0
6048,1
6049,0
6050,4
6051,0
6052,3
6053,0
6054,1
6055,0
6056,1
6057,0
6058,2
6059,0
6060,5
6061,0
6062,0
6063,0
6064,0
6065,0
6066,4
6067,0
6068,1
6069,0
6070,2
6071,0
6072,3
6073,0
6074,2
6075,0
6076,0
6077,0
6078,4
6079,0
6080,4
6081,0
6082,7
6083,0
6084,2
6085,0
6086,0
6087,0
6088,2
6089,0
6090,3
6091,0
6092,2
6093,0
6094,1
6095,0
6096,2
6097,0
6098,3
6099,0
6100,1
6101,0
6102,0
6103,0
6104,2
6105,0
6106,1
6107,0
6108,1
6109,0
6110,3
6111,0
6112,2
6113,0
6114,2
6115,0
6116,1
6117,0
6118,3
6119,0
6120,2
6121,0
6122,6
6123,0
6124,3
6125,0
6126,4
6127,0
6128,0
6129,0
6130,1
6131,0
6132,1
6133,0
6134,1
6135,0
6136,4
6137,0
6138,4
6139,0
6140,3
6141,0
6142,4
6143,0
6144,0
6145,0
6146,0
6147,0
6148,0
6149,0
6150,1
6151,0
6152,1
6153,0
6154,1
6155,0
6156,0
6157,0
6158,0
6159,0
6160,0
6161,0
6162,0
6163,0
6164,0
6165,0
6166,1
6167,0
6168,2
6169,0
6170,1
6171,0
6172,1
6173,0
6174,2
6175,0
6176,0
6177,0
6178,2
6179,0
6180,0
6181,0
6182,2
6183,0
6184,0
6185,0
6186,1
6187,0
6188,0
6189,0
6190,0
6191,0
6192,0
6193,0
6194,0
6195,0
6196,0
6197,0
6198,1
6199,0
6200,0
6201,0
6202,2
6203,0
6204,0
6205,0
6206,2
6207,0
6208,0
6209,0
6210,1
6211,0
6212,0
6213,0
6214,0
6215,0
6216,1
6217,0
6218,1
6219,0
6220,0
6221,0
6222,1
6223,0
6224,0
6225,0
6226,1
6227,0
6228,0
6229,0
6230,1
6231,0
6232,0
6233,0
6234,1
6235,0
6236,0
6237,0
6238,0
6239,0
6240,0
6241,0
6242,0
6243,0
6244,1
6245,0
6246,1
6247,0
6248,0
6249,0
6250,1
6251,0
6252,0
6253,0
6254,1
6255,0
6256,0
6257,0
6258,1
6259,0
6260,1
6261,0
6262,0
6263,0
6264,0
6265,0
6266,2
6267,0
6268,0
6269,0
6270,1
6271,0
6272,0
6273,0
6274,1
6275,0
6276,0
6277,0
6278,0
6279,0
6280,2
6281,0
6282,2
6283,0
6284,2
6285,0
6286,0
6287,0
6288,0
6289,0
6290,0
6291,0
6292,1
6293,0
6294,2
6295,0
6296,2
6297,0
6298,1
6299,0
6300,1
6301,0
6302,1
6303,0
6304,0
6305,0
6306,5
6307,0
6308,0
6309,0
6310,1
6311,0
6312,0
6313,0
6314,1
6315,0
6316,1
6317,0
6318,0
6319,0
6320,0
6321,0
6322,1
6323,0
6324,0
6325,0
6326,0
6327,0
6328,1
6329,0
6330,4
6331,0
6332,1
6333,0
6334,2
6335,0
6336,1
6337,0
6338,2
6339,0
6340,0
6341,0
6342,0
6343,0
6344,0
6345,0
6346,3
6347,0
6348,0
6349,0
6350,0
6351,0
6352,0
6353,0
6354,0
6355,0
6356,1
6357,0
6358,0
6359,0
6360,0
6361,0
6362,1
6363,0
6364,0
6365,0
6366,1
6367,0
6368,0
6369,0
6370,3
6371,0
6372,0
6373,0
6374,0
6375,0
6376,1
6377,0
6378,1
6379,0
6380,3
6381,0
6382,0
6383,0
6384,0
6385,0
6386,0
6387,0
6388,0
6389,0
6390,0
6391,0
6392,0
6393,0
6394,1
6395,0
6396,0
6397,0
6398,2
6399,0
6400,0
6401,0
6402,1
6403,0
6404,0
6405,0
6406,1
6407,0
6408,1
6409,0
6410,1
6411,0
6412,1
6413,0
6414,0
6415,0
6416,1
6417,0
6418,1
6419,0
6420,1
6421,0
6422,0
6423,0
6424,1
6425,0
6426,2
6427,0
6428,1
6429,0
6430,0
6431,0
6432,0
6433,0
6434,0
6435,0
6436,0
6437,0
6438,1
6439,0
6440,0
6441,0
6442,2
6443,0
6444,1
6445,0
6446,1
6447,0
6448,0
6449,0
6450,0
6451,0
6452,0
6453,0
6454,0
6455,0
6456,0
6457,0
6458,1
6459,0
6460,1
6461,0
6462,2
6463,0
6464,0
6465,0
6466,1
6467,0
6468,0
6469,0
6470,1
6471,0
6472,0
6473,0
6474,2
6475,0
6476,2
6477,0
6478,0
6479,0
6480,0
6481,0
6482,0
6483,0
6484,0
6485,0
6486,1
6487,0
6488,1
6489,0
6490,0
6491,0
6492,0
6493,0
6494,1
6495,0
6496,0
6497,0
6498,1
6499,0
6500,0
6501,0
6502,0
6503,0
6504,1
6505,0
6506,0
6507,0
6508,0
6509,0
6510,1
6511,0
6512,0
6513,0
6514,1
6515,0
6516,0
6517,0
6518,0
6519,0
6520,0
6521,0
6522,2
6523,0
6524,2
6525,0
6526,2
6527,0
6528,0
6529,0
6530,2
6531,0
6532,0
6533,0
6534,1
6535,0
6536,0
6537,0
6538,0
6539,0
6540,1
6541,0
6542,0
6543,0
6544,0
6545,0
6546,0
6547,0
6548,1
6549,0
6550,2
6551,0
6552,0
6553,0
6554,1
6555,0
6556,0
6557,0
6558,1
6559,0
6560,1
6561,0
6562,2
6563,0
6564,0
6565,0
6566,0
6567,0
6568,1
6569,0
6570,1
6571,0
6572,0
6573,0
6574,0
6575,0
6576,1
6577,0
6578,1
6579,0
6580,0
6581,0
6582,0
6583,0
6584,0
6585,0
6586,3
6587,0
6588,2
6589,0
6590,1
6591,0
6592,0
6593,0
6594,1
6595,0
6596,0
6597,0
6598,0
6599,0
6600,0
6601,0
6602,2
6603,0
6604,0
6605,0
6606,1
6607,0
6608,0
6609,0
6610,0
6611,0
6612,1
6613,0
6614,0
6615,0
6616,2
6617,0
6618,1
6619,0
6620,1
6621,0
6622,0
6623,0
6624,1
6625,0
6626,1
6627,0
6628,0
6629,0
6630,0
6631,0
6632,2
6633,0
6634,2
6635,0
6636,3
6637,0
6638,1
6639,0
6640,1
6641,0
6642,4
6643,0
6644,0
6645,0
6646,0
6647,0
6648,0
6649,0
6650,3
6651,0
6652,0
6653,0
6654,1
6655,0
6656,2
6657,0
6658,2
6659,0
6660,0
6661,0
6662,2
6663,0
6664,1
6665,0
6666,0
6667,0
6668,0
6669,0
6670,0
6671,0
6672,0
6673,0
6674,1
6675,0
6676,0
6677,0
6678,0
6679,0
6680,0
6681,0
6682,0
6683,0
6684,2
6685,0
6686,2
6687,0
6688,0
6689,0
6690,3
6691,0
6692,0
6693,0
6694,1
6695,0
6696,0
6697,0
6698,0
6699,0
6700,0
6701,0
6702,0
6703,0
6704,0
6705,0
6706,0
6707,0
6708,0
6709,0
6710,0
6711,0
6712,1
6713,0
6714,2
6715,0
6716,1
6717,0
6718,2
6719,0
6720,1
6721,0
6722,2
6723,0
6724,0
6725,0
6726,1
6727,0
6728,1
6729,0
6730,2
6731,0
6732,0
6733,0
6734,1
6735,0
6736,1
6737,0
6738,0
6739,0
6740,2
6741,0
6742,0
6743,0
6744,1
6745,0
6746,0
6747,0
6748,1
6749,0
6750,1
6751,0
6752,0
6753,0
6754,0
6755,0
6756,0
6757,0
6758,0
6759,0
6760,0
6761,0
6762,0
6763,0
6764,1
6765,0
6766,0
6767,0
6768,0
6769,0
6770,2
6771,0
6772,0
6773,0
6774,2
6775,0
6776,0
6777,0
6778,2
6779,0
6780,2
6781,0
6782,1
6783,0
6784,0
6785,0
6786,1
6787,0
6788,0
6789,0
6790,0
6791,0
6792,0
6793,0
6794,1
6795,0
6796,0
6797,0
6798,0
6799,0
6800,0
6801,0
6802,1
6803,0
6804,0
6805,0
6806,0
6807,0
6808,0
6809,0
6810,0
6811,0
6812,0
6813,0
6814,1
6815,0
6816,0
6817,0
6818,1
6819,0
6820,0
6821,0
6822,0
6823,0
6824,0
6825,0
6826,0
6827,0
6828,1
6829,0
6830,1
6831,0
6832,0
6833,0
6834,0
6835,0
6836,0
6837,0
6838,1
6839,0
6840,0
6841,0
6842,2
6843,0
6844,0
6845,0
6846,1
6847,0
6848,0
6849,0
6850,1
6851,0
6852,0
6853,0
6854,0
6855,0
6856,2
6857,0
6858,0
6859,0
6860,1
6861,0
6862,1
6863,0
6864,0
6865,0
6866,1
6867,0
6868,0
6869,0
6870,0
6871,0
6872,0
6873,0
6874,1
6875,0
6876,1
6877,0
6878,1
6879,0
6880,1
6881,0
6882,2
6883,0
6884,0
6885,0
6886,1
6887,0
6888,0
6889,0
6890,1
6891,0
6892,2
6893,0
6894,0
6895,0
6896,0
6897,0
6898,0
6899,0
6900,0
6901,0
6902,1
6903,0
6904,1
6905,0
6906,2
6907,0
6908,1
6909,0
6910,0
6911,0
6912,2
6913,0
6914,2
6915,0
6916,0
6917,0
6918,2
6919,0
6920,1
6921,0
6922,0
6923,0
6924,0
6925,0
6926,0
6927,0
6928,1
6929,0
6930,0
6931,0
6932,1
6933,0
6934,0
6935,0
6936,0
6937,0
6938,0
6939,0
6940,0
6941,0
6942,0
6943,0
6944,2
6945,0
6946,0
6947,0
6948,0
6949,0
6950,1
6951,0
6952,1
6953,0
6954,0
6955,0
6956,1
6957,0
6958,1
6959,0
6960,0
6961,0
6962,1
6963,0
6964,0
6965,0
6966,3
6967,0
6968,1
6969,0
6970,1
6971,0
6972,0
6973,0
6974,2
6975,0
6976,1
6977,0
6978,1
6979,0
6980,0
6981,0
6982,1
6983,0
6984,4
6985,0
6986,1
6987,0
6988,1
6989,0
6990,1
6991,0
6992,0
6993,0
6994,2
6995,0
6996,0
6997,0
6998,1
6999,0
7000,0
7001,0
7002,1
7003,0
7004,2
7005,0
7006,1
7007,0
7008,0
7009,0
7010,0
7011,0
7012,1
7013,0
7014,1
7015,0
7016,0
7017,0
7018,3
7019,0
7020,1
7021,0
7022,0
7023,0
7024,1
7025,0
7026,1
7027,0
7028,0
7029,0
7030,0
7031,0
7032,1
7033,0
7034,0
7035,0
7036,3
7037,0
7038,2
7039,0
7040,0
7041,0
7042,0
7043,0
7044,2
7045,0
7046,1
7047,0
7048,1
7049,0
7050,2
7051,0
7052,0
7053,0
7054,0
7055,0
7056,1
7057,0
7058,1
7059,0
7060,0
7061,0
7062,0
7063,0
7064,0
7065,0
7066,1
7067,0
7068,0
7069,0
7070,2
7071,0
7072,2
7073,0
7074,0
7075,0
7076,1
7077,0
7078,0
7079,0
7080,0
7081,0
7082,0
7083,0
7084,0
7085,0
7086,0
7087,0
7088,0
7089,0
7090,1
7091,0
7092,0
7093,0
7094,3
7095,0
7096,2
7097,0
7098,1
7099,0
7100,0
7101,0
7102,2
7103,0
7104,1
7105,0
7106,2
7107,0
7108,0
7109,0
7110,0
7111,0
7112,2
7113,0
7114,1
7115,0
7116,1
7117,0
7118,0
7119,0
7120,0
7121,0
7122,1
7123,0
7124,0
7125,0
7126,0
7127,0
7128,0
7129,0
7130,1
7131,0
7132,0
7133,0
7134,2
7135,0
7136,1
7137,0
7138,0
7139,0
7140,0
7141,0
7142,0
7143,0
7144,0
7145,0
7146,0
7147,0
7148,0
7149,0
7150,0
7151,0
7152,0
7153,0
7154,1
7155,0
7156,1
7157,0
7158,1
7159,0
7160,0
7161,0
7162,1
7163,0
7164,2
7165,0
7166,1
7167,0
7168,0
7169,0
7170,0
7171,0
7172,0
7173,0
7174,0
7175,0
7176,0
7177,0
7178,0
7179,0
7180,1
7181,0
7182,0
7183,0
7184,0
7185,0
7186,0
7187,0
7188,0
7189,0
7190,1
7191,0
7192,0
7193,0
7194,0
7195,0
7196,0
7197,0
7198,3
7199,0
7200,0
7201,0
7202,0
7203,0
7204,0
7205,0
7206,1
7207,0
7208,0
7209,0
7210,4
7211,0
7212,1
7213,0
7214,2
7215,0
7216,1
7217,0
7218,0
7219,0
7220,0
7221,0
7222,2
7223,0
7224,0
7225,0
7226,3
7227,0
7228,2
7229,0
7230,3
7231,0
7232,0
7233,0
7234,0
7235,0
7236,0
7237,0
7238,0
7239,0
7240,4
7241,0
7242,0
7243,0
7244,0
7245,0
7246,0
7247,0
7248,0
7249,0
7250,1
7251,0
7252,0
7253,0
7254,1
7255,0
7256,0
7257,0
7258,0
7259,0
7260,1
7261,0
7262,0
7263,0
7264,0
7265,0
7266,0
7267,0
7268,0
7269,0
7270,0
7271,0
7272,0
7273,0
7274,1
7275,0
7276,0
7277,0
7278,0
7279,0
7280,1
7281,0
7282,0
7283,0
7284,0
7285,0
7286,1
7287,0
7288,0
7289,0
7290,2
7291,0
7292,0
7293,0
7294,0
7295,0
7296,1
7297,0
7298,2
7299,0
7300,0
7301,0
7302,1
7303,0
7304,0
7305,0
7306,1
7307,0
7308,1
7309,0
7310,1
7311,0
7312,0
7313,0
7314,1
7315,0
7316,1
7317,0
7318,1
7319,0
7320,0
7321,0
7322,0
7323,0
7324,1
7325,0
7326,0
7327,0
7328,0
7329,0
7330,2
7331,0
7332,0
7333,0
7334,0
7335,0
7336,0
7337,0
7338,0
7339,0
7340,2
7341,0
7342,0
7343,0
7344,1
7345,0
7346,2
7347,0
7348,0
7349,0
7350,0
7351,0
7352,0
7353,0
7354,4
7355,0
7356,0
7357,0
7358,2
7359,0
7360,0
7361,0
7362,0
7363,0
7364,0
7365,0
7366,0
7367,0
7368,2
7369,0
7370,0
7371,0
7372,0
7373,0
7374,0
7375,0
7376,0
7377,0
7378,0
7379,0
7380,1
7381,0
7382,2
7383,0
7384,0
7385,0
7386,0
7387,0
7388,0
7389,0
7390,0
7391,0
7392,0
7393,0
7394,2
7395,0
7396,0
7397,0
7398,1
7399,0
7400,0
7401,0
7402,0
7403,0
7404,0
7405,0
7406,2
7407,0
7408,0
7409,0
7410,0
7411,0
7412,0
7413,0
7414,1
7415,0
7416,0
7417,0
7418,1
7419,0
7420,1
7421,0
7422,3
7423,0
7424,0
7425,0
7426,1
7427,0
7428,0
7429,0
7430,0
7431,0
7432,1
7433,0
7434,0
7435,0
7436,0
7437,0
7438,0
7439,0
7440,0
7441,0
7442,1
7443,0
7444,0
7445,0
7446,0
7447,0
7448,0
7449,0
7450,1
7451,0
7452,1
7453,0
7454,1
7455,0
7456,0
7457,0
7458,0
7459,0
7460,0
7461,0
7462,0
7463,0
7464,0
7465,0
7466,2
7467,0
7468,2
7469,0
7470,0
7471,0
7472,0
7473,0
7474,1
7475,0
7476,0
7477,0
7478,1
7479,0
7480,0
7481,0
7482,1
7483,0
7484,1
7485,0
7486,2
7487,0
7488,0
7489,0
7490,0
7491,0
7492,0
7493,0
7494,0
7495,0
7496,2
7497,0
7498,0
7499,0
7500,1
7501,0
7502,0
7503,0
7504,0
7505,0
7506,0
7507,0
7508,0
7509,0
7510,0
7511,0
7512,1
7513,0
7514,0
7515,0
7516,0
7517,0
7518,2
7519,0
7520,0
7521,0
7522,1
7523,0
7524,0
7525,0
7526,2
7527,0
7528,0
7529,0
7530,3
7531,0
7532,1
7533,0
7534,1
7535,0
7536,0
7537,0
7538,0
7539,0
7540,0
7541,0
7542,0
7543,0
7544,1
7545,0
7546,0
7547,0
7548,0
7549,0
7550,2
7551,0
7552,0
7553,0
7554,0
7555,0
7556,0
7557,0
7558,0
7559,0
7560,1
7561,0
7562,3
7563,0
7564,0
7565,0
7566,0
7567,0
7568,0
7569,0
7570,1
7571,0
7572,0
7573,0
7574,0
7575,0
7576,0
7577,0
7578,1
7579,0
7580,0
7581,0
7582,0
7583,0
7584,0
7585,0
7586,0
7587,0
7588,1
7589,0
7590,0
7591,0
7592,1
7593,0
7594,2
7595,0
7596,0
7597,0
7598,0
7599,0
7600,0
7601,0
7602,1
7603,0
7604,0
7605,0
7606,1
7607,0
7608,0
7609,0
7610,3
7611,0
7612,0
7613,0
7614,1
7615,0
7616,1
7617,0
7618,1
7619,0
7620,0
7621,0
7622,0
7623,0
7624,1
7625,0
7626,0
7627,0
7628,0
7629,0
7630,1
7631,0
7632,2
7633,0
7634,0
7635,0
7636,1
7637,0
7638,0
7639,0
7640,0
7641,0
7642,1
7643,0
7644,0
7645,0
7646,1
7647,0
7648,1
7649,0
7650,0
7651,0
7652,0
7653,0
7654,0
7655,0
7656,0
7657,0
7658,2
7659,0
7660,0
7661,0
7662,0
7663,0
7664,1
7665,0
7666,2
7667,0
7668,0
7669,0
7670,2
7671,0
7672,1
7673,0
7674,1
7675,0
7676,2
7677,0
7678,1
7679,0
7680,0
7681,0
7682,1
7683,0
7684,0
7685,0
7686,1
7687,0
7688,1
7689,0
7690,1
7691,0
7692,0
7693,0
7694,0
7695,0
7696,0
7697,0
7698,0
7699,0
7700,1
7701,0
7702,1
7703,0
7704,0
7705,0
7706,0
7707,0
7708,0
7709,0
7710,0
7711,0
7712,0
7713,0
7714,1
7715,0
7716,0
7717,0
7718,0
7719,0
7720,0
7721,0
7722,0
7723,0
7724,0
7725,0
7726,0
7727,0
7728,0
7729,0
7730,0
7731,0
7732,0
7733,0
7734,1
7735,0
7736,0
7737,0
7738,1
7739,0
7740,0
7741,0
7742,4
7743,0
7744,0
7745,0
7746,0
7747,0
7748,0
7749,0
7750,1
7751,0
7752,0
7753,0
7754,1
7755,0
7756,0
7757,0
7758,1
7759,0
7760,0
7761,0
7762,0
7763,0
7764,0
7765,0
7766,0
7767,0
7768,0
7769,0
7770,2
7771,0
7772,1
7773,0
7774,1
7775,0
7776,0
7777,0
7778,1
7779,0
7780,0
7781,0
7782,1
7783,0
7784,0
7785,0
7786,0
7787,0
7788,2
7789,0
7790,2
7791,0
7792,0
7793,0
7794,0
7795,0
7796,0
7797,0
7798,2
7799,0
7800,0
7801,0
7802,0
7803,0
7804,0
7805,0
7806,1
7807,0
7808,0
7809,0
7810,0
7811,0
7812,0
7813,0
7814,1
7815,0
7816,1
7817,0
7818,0
7819,0
7820,1
7821,0
7822,0
7823,0
7824,0
7825,0
7826,0
7827,0
7828,1
7829,0
7830,0
7831,0
7832,1
7833,0
7834,1
7835,0
7836,1
7837,0
7838,0
7839,0
7840,0
7841,0
7842,1
7843,0
7844,0
7845,0
7846,0
7847,0
7848,1
7849,0
7850,1
7851,0
7852,0
7853,0
7854,1
7855,0
7856,0
7857,0
7858,0
7859,0
7860,0
7861,0
7862,2
7863,0
7864,0
7865,0
7866,0
7867,0
7868,1
7869,0
7870,3
7871,0
7872,0
7873,0
7874,0
7875,0
7876,0
7877,0
7878,1
7879,0
7880,1
7881,0
7882,1
7883,0
7884,0
7885,0
7886,0
7887,0
7888,1
7889,0
7890,2
7891,0
7892,1
7893,0
7894,1
7895,0
7896,0
7897,0
7898,1
7899,0
7900,0
7901,0
7902,0
7903,0
7904,0
7905,0
7906,0
7907,0
7908,0
7909,0
7910,0
7911,0
7912,1
7913,0
7914,0
7915,0
7916,0
7917,0
7918,2
7919,0
7920,0
7921,0
7922,0
7923,0
7924,0
7925,0
7926,0
7927,0
7928,0
7929,0
7930,1
7931,0
7932,1
7933,0
7934,2
7935,0
7936,0
7937,0
7938,2
7939,0
7940,0
7941,0
7942,0
7943,0
7944,1
7945,0
7946,1
7947,0
7948,0
7949,0
7950,0
7951,0
7952,0
7953,0
7954,1
7955,0
7956,1
7957,0
7958,0
7959,0
7960,1
7961,0
7962,2
7963,0
7964,0
7965,0
7966,0
7967,0
7968,0
7969,0
7970,1
7971,0
7972,0
7973,0
7974,0
7975,0
7976,1
7977,0
7978,1
7979,0
7980,0
7981,0
7982,0
7983,0
7984,1
7985,0
7986,3
7987,0
7988,0
7989,0
7990,1
7991,0
7992,0
7993,0
7994,0
7995,0
7996,2
7997,0
7998,4
7999,0
8000,0
8001,0
8002,1
8003,0
8004,0
8005,0
8006,1
8007,0
8008,1
8009,0
8010,1
8011,0
8012,0
8013,0
8014,0
8015,0
8016,0
8017,0
8018,3
8019,0
8020,1
8021,0
8022,0
8023,0
8024,0
8025,0
8026,2
8027,0
8028,1
8029,0
8030,0
8031,0
8032,0
8033,0
8034,0
8035,0
8036,0
8037,0
8038,0
8039,0
8040,2
8041,0
8042,0
8043,0
8044,0
8045,0
8046,1
8047,0
8048,0
8049,0
8050,1
8051,0
8052,0
8053,0
8054,1
8055,0
8056,0
8057,0
8058,0
8059,0
8060,0
8061,0
8062,0
8063,0
8064,1
8065,0
8066,0
8067,0
8068,0
8069,0
8070,0
8071,0
8072,2
8073,0
8074,1
8075,0
8076,0
8077,0
8078,1
8079,0
8080,0
8081,0
8082,1
8083,0
8084,0
8085,0
8086,1
8087,0
8088,0
8089,0
8090,0
8091,0
8092,0
8093,0
8094,2
8095,0
8096,0
8097,0
8098,0
8099,0
8100,0
8101,0
8102,0
8103,0
8104,0
8105,0
8106,1
8107,0
8108,0
8109,0
8110,0
8111,0
8112,0
8113,0
8114,0
8115,0
8116,0
8117,0
8118,1
8119,0
8120,0
8121,0
8122,1
8123,0
8124,0
8125,0
8126,0
8127,0
8128,0
8129,0
8130,1
8131,0
8132,0
8133,0
8134,0
8135,0
8136,0
8137,0
8138,0
8139,0
8140,2
8141,0
8142,0
8143,0
8144,0
8145,0
8146,0
8147,0
8148,1
8149,0
8150,0
8151,0
8152,0
8153,0
8154,1
8155,0
8156,0
8157,0
8158,2
8159,0
8160,0
8161,0
8162,1
8163,0
8164,0
8165,0
8166,0
8167,0
8168,0
8169,0
8170,1
8171,0
8172,1
8173,0
8174,0
8175,0
8176,0
8177,0
8178,1
8179,0
8180,0
8181,0
8182,1
8183,0
8184,1
8185,0
8186,1
8187,0
8188,0
8189,0
8190,1
8191,0
8192,1
8193,0
8194,1
8195,0
8196,2
8197,0
8198,2
8199,0
8200,3
8201,0
8202,3
8203,0
8204,1
8205,0
8206,4
8207,0
8208,1
8209,0
8210,3
8211,0
8212,4
8213,0
8214,4
8215,0
8216,5
8217,0
8218,4
8219,0
8220,3
8221,0
8222,4
8223,0
8224,1
8225,0
8226,1
8227,0
8228,5
8229,0
8230,3
8231,0
8232,4
8233,0
8234,4
8235,0
8236,3
8237,0
8238,4
8239,0
8240,3
8241,0
8242,5
8243,0
8244,3
8245,0
8246,7
8247,0
8248,3
8249,0
8250,4
8251,0
8252,5
8253,0
8254,6
8255,0
8256,2
8257,0
8258,7
8259,0
8260,1
8261,0
8262,3
8263,0
8264,2
8265,0
8266,2
8267,0
8268,4
8269,0
8270,5
8271,0
8272,3
8273,0
8274,6
8275,0
8276,3
8277,0
8278,4
8279,0
8280,0
8281,0
8282,1
8283,0
8284,4
8285,0
8286,9
8287,0
8288,0
8289,0
8290,7
8291,0
8292,3
8293,0
8294,1
8295,0
8296,1
8297,0
8298,3
8299,0
8300,4
8301,0
8302,4
8303,0
8304,1
8305,0
8306,6
8307,0
8308,2
8309,0
8310,5
8311,0
8312,4
8313,0
8314,7
8315,0
8316,2
8317,0
8318,6
8319,0
8320,1
8321,0
8322,4
8323,0
8324,3
8325,0
8326,2
8327,0
8328,2
8329,0
8330,3
8331,0
8332,3
8333,0
8334,5
8335,0
8336,1
8337,0
8338,6
8339,0
8340,2
8341,0
8342,4
8343,0
8344,2
8345,0
8346,6
8347,0
8348,2
8349,0
8350,6
8351,0
8352,4
8353,0
8354,5
8355,0
8356,1
8357,0
8358,3
8359,0
8360,5
8361,0
8362,0
8363,0
8364,2
8365,0
8366,4
8367,0
8368,1
8369,0
8370,4
8371,0
8372,0
8373,0
8374,3
8375,0
8376,2
8377,0
8378,6
8379,0
8380,4
8381,0
8382,6
8383,0
8384,2
8385,0
8386,4
8387,0
8388,3
8389,0
8390,5
8391,0
8392,3
8393,0
8394,4
8395,0
8396,1
8397,0
8398,3
8399,0
8400,5
8401,0
8402,1
8403,0
8404,4
8405,0
8406,3
8407,0
8408,3
8409,0
8410,6
8411,0
8412,3
8413,0
8414,10
8415,0
8416,1
8417,0
8418,7
8419,0
8420,0
8421,0
8422,6
8423,0
8424,2
8425,0
8426,4
8427,0
8428,4
8429,0
8430,4
8431,0
8432,3
8433,0
8434,3
8435,0
8436,1
8437,0
8438,2
8439,0
8440,2
8441,0
8442,7
8443,0
8444,8
8445,0
8446,3
8447,0
8448,1
8449,0
8450,4
8451,0
8452,1
8453,0
8454,4
8455,0
8456,4
8457,0
8458,2
8459,0
8460,4
8461,0
8462,5
8463,0
8464,0
8465,0
8466,4
8467,0
8468,4
8469,0
8470,3
8471,0
8472,1
8473,0
8474,4
8475,0
8476,3
8477,0
8478,7
8479,0
8480,3
8481,0
8482,5
8483,0
8484,0
8485,0
8486,2
8487,0
8488,4
8489,0
8490,4
8491,0
8492,6
8493,0
8494,2
8495,0
8496,2
8497,0
8498,6
8499,0
8500,2
8501,0
8502,3
8503,0
8504,2
8505,0
8506,4
8507,0
8508,7
8509,0
8510,7
8511,0
8512,3
8513,0
8514,5
8515,0
8516,1
8517,0
8518,8
8519,0
8520,3
8521,0
8522,5
8523,0
8524,4
8525,0
8526,3
8527,0
8528,1
8529,0
8530,4
8531,0
8532,3
8533,0
8534,2
8535,0
8536,4
8537,0
8538,3
8539,0
8540,3
8541,0
8542,5
8543,0
8544,3
8545,0
8546,3
8547,0
8548,3
8549,0
8550,3
8551,0
8552,4
8553,0
8554,2
8555,0
8556,5
8557,0
8558,2
8559,0
8560,2
8561,0
8562,7
8563,0
8564,3
8565,0
8566,1
8567,0
8568,0
8569,0
8570,2
8571,0
8572,4
8573,0
8574,7
8575,0
8576,0
8577,0
8578,7
8579,0
8580,0
8581,0
8582,4
8583,0
8584,5
8585,0
8586,2
8587,0
8588,8
8589,0
8590,6
8591,0
8592,1
8593,0
8594,2
8595,0
8596,3
8597,0
8598,3
8599,0
8600,1
8601,0
8602,5
8603,0
8604,5
8605,0
8606,3
8607,0
8608,2
8609,0
8610,3
8611,0
8612,3
8613,0
8614,2
8615,0
8616,1
8617,0
8618,1
8619,0
8620,6
8621,0
8622,3
8623,0
8624,4
8625,0
8626,2
8627,0
8628,6
8629,0
8630,8
8631,0
8632,1
8633,0
8634,3
8635,0
8636,6
8637,0
8638,5
8639,0
8640,2
8641,0
8642,5
8643,0
8644,0
8645,0
8646,5
8647,0
8648,2
8649,0
8650,0
8651,0
8652,0
8653,0
8654,3
8655,0
8656,2
8657,0
8658,2
8659,0
8660,6
8661,0
8662,9
8663,0
8664,1
8665,0
8666,3
8667,0
8668,5
8669,0
8670,8
8671,0
8672,2
8673,0
8674,4
8675,0
8676,1
8677,0
8678,2
8679,0
8680,0
8681,0
8682,5
8683,0
8684,4
8685,0
8686,5
8687,0
8688,2
8689,0
8690,3
8691,0
8692,2
8693,0
8694,7
8695,0
8696,2
8697,0
8698,6
8699,0
8700,3
8701,0
8702,7
8703,0
8704,1
8705,0
8706,2
8707,0
8708,4
8709,0
8710,3
8711,0
8712,4
8713,0
8714,3
8715,0
8716,1
8717,0
8718,1
8719,0
8720,6
8721,0
8722,3
8723,0
8724,2
8725,0
8726,4
8727,0
8728,3
8729,0
8730,2
8731,0
8732,6
8733,0
8734,9
8735,0
8736,3
8737,0
8738,5
8739,0
8740,3
8741,0
8742,3
8743,0
8744,2
8745,0
8746,5
8747,0
8748,5
8749,0
8750,2
8751,0
8752,4
8753,0
8754,2
8755,0
8756,4
8757,0
8758,4
8759,0
8760,2
8761,0
8762,2
8763,0
8764,8
8765,0
8766,6
8767,0
8768,1
8769,0
8770,8
8771,0
8772,4
8773,0
8774,5
8775,0
8776,2
8777,0
8778,2
8779,0
8780,3
8781,0
8782,6
8783,0
8784,8
8785,0
8786,4
8787,0
8788,3
8789,0
8790,4
8791,0
8792,2
8793,0
8794,4
8795,0
8796,6
8797,0
8798,7
8799,0
8800,0
8801,0
8802,3
8803,0
8804,0
8805,0
8806,4
8807,0
8808,6
8809,0
8810,3
8811,0
8812,4
8813,0
8814,13
8815,0
8816,1
8817,0
8818,3
8819,0
8820,2
8821,0
8822,4
8823,0
8824,0
8825,0
8826,2
8827,0
8828,11
8829,0
8830,10
8831,0
8832,1
8833,0
8834,4
8835,0
8836,1
8837,0
8838,2
8839,0
8840,7
8841,0
8842,3
8843,0
8844,1
8845,0
8846,5
8847,0
8848,1
8849,0
8850,8
8851,0
8852,2
8853,0
8854,1
8855,0
8856,3
8857,0
8858,7
8859,0
8860,2
8861,0
8862,8
8863,0
8864,3
8865,0
8866,8
8867,0
8868,3
8869,0
8870,7
8871,0
8872,4
8873,0
8874,3
8875,0
8876,6
8877,0
8878,10
8879,0
8880,5
8881,0
8882,4
8883,0
8884,4
8885,0
8886,5
8887,0
8888,3
8889,0
8890,4
8891,0
8892,2
8893,0
8894,8
8895,0
8896,5
8897,0
8898,4
8899,0
8900,1
8901,0
8902,3
8903,0
8904,6
8905,0
8906,7
8907,0
8908,2
8909,0
8910,5
8911,0
8912,7
8913,0
8914,5
8915,0
8916,2
8917,0
8918,3
8919,0
8920,3
8921,0
8922,7
8923,0
8924,7
8925,0
8926,9
8927,0
8928,3
8929,0
8930,10
8931,0
8932,5
8933,0
8934,1
8935,0
8936,3
8937,0
8938,9
8939,0
8940,4
8941,0
8942,6
8943,0
8944,2
8945,0
8946,5
8947,0
8948,2
8949,0
8950,5
8951,0
8952,2
8953,0
8954,3
8955,0
8956,6
8957,0
8958,9
8959,0
8960,1
8961,0
8962,7
8963,0
8964,1
8965,0
8966,2
8967,0
8968,2
8969,0
8970,2
8971,0
8972,8
8973,0
8974,2
8975,0
8976,5
8977,0
8978,5
8979,0
8980,4
8981,0
8982,2
8983,0
8984,1
8985,0
8986,3
8987,0
8988,6
8989,0
8990,6
8991,0
8992,3
8993,0
8994,4
8995,0
8996,2
8997,0
8998,6
8999,0
9000,2
9001,0
9002,11
9003,0
9004,5
9005,0
9006,5
9007,0
9008,4
9009,0
9010,1
9011,0
9012,3
9013,0
9014,5
9015,0
9016,5
9017,0
9018,3
9019,0
9020,5
9021,0
9022,9
9023,0
9024,3
9025,0
9026,6
9027,0
9028,3
9029,0
9030,3
9031,0
9032,8
9033,0
9034,4
9035,0
9036,2
9037,0
9038,5
9039,0
9040,2
9041,0
9042,4
9043,0
9044,5
9045,0
9046,1
9047,0
9048,1
9049,0
9050,0
9051,0
9052,7
9053,0
9054,8
9055,0
9056,1
9057,0
9058,2
9059,0
9060,1
9061,0
9062,1
9063,0
9064,1
9065,0
9066,4
9067,0
9068,4
9069,0
9070,3
9071,0
9072,2
9073,0
9074,5
9075,0
9076,5
9077,0
9078,2
9079,0
9080,7
9081,0
9082,8
9083,0
9084,10
9085,0
9086,9
9087,0
9088,3
9089,0
9090,3
9091,0
9092,2
9093,0
9094,4
9095,0
9096,2
9097,0
9098,6
9099,0
9100,5
9101,0
9102,8
9103,0
9104,5
9105,0
9106,2
9107,0
9108,6
9109,0
9110,4
9111,0
9112,2
9113,0
9114,5
9115,0
9116,6
9117,0
9118,9
9119,0
9120,4
9121,0
9122,8
9123,0
9124,1
9125,0
9126,5
9127,0
9128,1
9129,0
9130,2
9131,0
9132,10
9133,0
9134,4
9135,0
9136,3
9137,0
9138,4
9139,0
9140,2
9141,0
9142,5
9143,0
9144,1
9145,0
9146,3
9147,0
9148,7
9149,0
9150,11
9151,0
9152,1
9153,0
9154,6
9155,0
9156,4
9157,0
9158,2
9159,0
9160,2
9161,0
9162,3
9163,0
9164,4
9165,0
9166,1
9167,0
9168,1
9169,0
9170,2
9171,0
9172,3
9173,0
9174,2
9175,0
9176,2
9177,0
9178,6
9179,0
9180,4
9181,0
9182,4
9183,0
9184,1
9185,0
9186,9
9187,0
9188,0
9189,0
9190,3
9191,0
9192,3
9193,0
9194,5
9195,0
9196,6
9197,0
9198,3
9199,0
9200,3
9201,0
9202,5
9203,0
9204,1
9205,0
9206,3
9207,0
9208,4
9209,0
9210,7
9211,0
9212,3
9213,0
9214,12
9215,0
9216,4
9217,0
9218,3
9219,0
9220,0
9221,0
9222,3
9223,0
9224,4
9225,0
9226,4
9227,0
9228,5
9229,0
9230,3
9231,0
9232,3
9233,0
9234,1
9235,0
9236,3
9237,0
9238,2
9239,0
9240,1
9241,0
9242,8
9243,0
9244,1
9245,0
9246,4
9247,0
9248,3
9249,0
9250,4
9251,0
9252,1
9253,0
9254,1
9255,0
9256,2
9257,0
9258,2
9259,0
9260,2
9261,0
9262,9
9263,0
9264,1
9265,0
9266,2
9267,0
9268,2
9269,0
9270,3
9271,0
9272,1
9273,0
9274,3
9275,0
9276,3
9277,0
9278,4
9279,0
9280,1
9281,0
9282,5
9283,0
9284,2
9285,0
9286,3
9287,0
9288,3
9289,0
9290,2
9291,0
9292,3
9293,0
9294,2
9295,0
9296,3
9297,0
9298,5
9299,0
9300,4
9301,0
9302,2
9303,0
9304,2
9305,0
9306,1
9307,0
9308,7
9309,0
9310,4
9311,0
9312,1
9313,0
9314,2
9315,0
9316,2
9317,0
9318,4
9319,0
9320,2
9321,0
9322,0
9323,0
9324,5
9325,0
9326,3
9327,0
9328,0
9329,0
9330,5
9331,0
9332,1
9333,0
9334,3
9335,0
9336,2
9337,0
9338,2
9339,0
9340,3
9341,0
9342,5
9343,0
9344,1
9345,0
9346,8
9347,0
9348,1
9349,0
9350,3
9351,0
9352,2
9353,0
9354,4
9355,0
9356,4
9357,0
9358,2
9359,0
9360,0
9361,0
9362,5
9363,0
9364,0
9365,0
9366,2
9367,0
9368,2
9369,0
9370,2
9371,0
9372,5
9373,0
9374,4
9375,0
9376,2
9377,0
9378,3
9379,0
9380,2
9381,0
9382,1
9383,0
9384,3
9385,0
9386,5
9387,0
9388,2
9389,0
9390,7
9391,0
9392,1
9393,0
9394,2
9395,0
9396,2
9397,0
9398,2
9399,0
9400,1
9401,0
9402,4
9403,0
9404,4
9405,0
9406,8
9407,0
9408,1
9409,0
9410,4
9411,0
9412,2
9413,0
9414,2
9415,0
9416,2
9417,0
9418,1
9419,0
9420,4
9421,0
9422,4
9423,0
9424,2
9425,0
9426,7
9427,0
9428,1
9429,0
9430,2
9431,0
9432,1
9433,0
9434,4
9435,0
9436,3
9437,0
9438,7
9439,0
9440,1
9441,0
9442,6
9443,0
9444,0
9445,0
9446,3
9447,0
9448,3
9449,0
9450,6
9451,0
9452,7
9453,0
9454,2
9455,0
9456,2
9457,0
9458,5
9459,0
9460,2
9461,0
9462,3
9463,0
9464,3
9465,0
9466,1
9467,0
9468,1
9469,0
9470,4
9471,0
9472,2
9473,0
9474,3
9475,0
9476,2
9477,0
9478,3
9479,0
9480,1
9481,0
9482,3
9483,0
9484,2
9485,0
9486,4
9487,0
9488,6
9489,0
9490,6
9491,0
9492,5
9493,0
9494,2
9495,0
9496,1
9497,0
9498,6
9499,0
9500,6
9501,0
9502,4
9503,0
9504,2
9505,0
9506,5
9507,0
9508,2
9509,0
9510,2
9511,0
9512,2
9513,0
9514,8
9515,0
9516,2
9517,0
9518,4
9519,0
9520,1
9521,0
9522,3
9523,0
9524,3
9525,0
9526,3
9527,0
9528,1
9529,0
9530,4
9531,0
9532,4
9533,0
9534,7
9535,0
9536,1
9537,0
9538,6
9539,0
9540,1
9541,0
9542,2
9543,0
9544,3
9545,0
9546,2
9547,0
9548,6
9549,0
9550,3
9551,0
9552,2
9553,0
9554,3
9555,0
9556,0
9557,0
9558,1
9559,0
9560,1
9561,0
9562,5
9563,0
9564,4
9565,0
9566,5
9567,0
9568,3
9569,0
9570,5
9571,0
9572,2
9573,0
9574,5
9575,0
9576,2
9577,0
9578,1
9579,0
9580,4
9581,0
9582,2
9583,0
9584,1
9585,0
9586,2
9587,0
9588,4
9589,0
9590,2
9591,0
9592,1
9593,0
9594,6
9595,0
9596,2
9597,0
9598,3
9599,0
9600,1
9601,0
9602,6
9603,0
9604,2
9605,0
9606,0
9607,0
9608,2
9609,0
9610,2
9611,0
9612,3
9613,0
9614,6
9615,0
9616,2
9617,0
9618,3
9619,0
9620,0
9621,0
9622,4
9623,0
9624,1
9625,0
9626,5
9627,0
9628,2
9629,0
9630,7
9631,0
9632,2
9633,0
9634,2
9635,0
9636,2
9637,0
9638,5
9639,0
9640,1
9641,0
9642,2
9643,0
9644,6
9645,0
9646,4
9647,0
9648,1
9649,0
9650,4
9651,0
9652,5
9653,0
9654,3
9655,0
9656,2
9657,0
9658,3
9659,0
9660,5
9661,0
9662,7
9663,0
9664,2
9665,0
9666,4
9667,0
9668,2
9669,0
9670,4
9671,0
9672,0
9673,0
9674,2
9675,0
9676,0
9677,0
9678,7
9679,0
9680,3
9681,0
9682,5
9683,0
9684,3
9685,0
9686,8
9687,0
9688,4
9689,0
9690,6
9691,0
9692,6
9693,0
9694,4
9695,0
9696,2
9697,0
9698,3
9699,0
9700,1
9701,0
9702,2
9703,0
9704,1
9705,0
9706,2
9707,0
9708,7
9709,0
9710,2
9711,0
9712,0
9713,0
9714,5
9715,0
9716,2
9717,0
9718,3
9719,0
9720,2
9721,0
9722,5
9723,0
9724,9
9725,0
9726,8
9727,0
9728,1
9729,0
9730,4
9731,0
9732,2
9733,0
9734,4
9735,0
9736,6
9737,0
9738,3
9739,0
9740,2
9741,0
9742,2
9743,0
9744,3
9745,0
9746,6
9747,0
9748,0
9749,0
9750,4
9751,0
9752,3
9753,0
9754,4
9755,0
9756,6
9757,0
9758,6
9759,0
9760,2
9761,0
9762,3
9763,0
9764,2
9765,0
9766,2
9767,0
9768,2
9769,0
9770,4
9771,0
9772,5
9773,0
9774,1
9775,0
9776,2
9777,0
9778,2
9779,0
9780,3
9781,0
9782,5
9783,0
9784,3
9785,0
9786,4
9787,0
9788,5
9789,0
9790,8
9791,0
9792,2
9793,0
9794,4
9795,0
9796,0
9797,0
9798,3
9799,0
9800,2
9801,0
9802,4
9803,0
9804,11
9805,0
9806,5
9807,0
9808,3
9809,0
9810,5
9811,0
9812,4
9813,0
9814,1
9815,0
9816,2
9817,0
9818,3
9819,0
9820,6
9821,0
9822,5
9823,0
9824,1
9825,0
9826,4
9827,0
9828,1
9829,0
9830,0
9831,0
9832,2
9833,0
9834,0
9835,0
9836,3
9837,0
9838,4
9839,0
9840,0
9841,0
9842,7
9843,0
9844,2
9845,0
9846,9
9847,0
9848,1
9849,0
9850,8
9851,0
9852,5
9853,0
9854,6
9855,0
9856,1
9857,0
9858,1
9859,0
9860,3
9861,0
9862,6
9863,0
9864,0
9865,0
9866,2
9867,0
9868,4
9869,0
9870,6
9871,0
9872,2
9873,0
9874,2
9875,0
9876,5
9877,0
9878,2
9879,0
9880,2
9881,0
9882,1
9883,0
9884,6
9885,0
9886,6
9887,0
9888,0
9889,0
9890,2
9891,0
9892,0
9893,0
9894,3
9895,0
9896,5
9897,0
9898,4
9899,0
9900,2
9901,0
9902,4
9903,0
9904,3
9905,0
9906,6
9907,0
9908,2
9909,0
9910,0
9911,0
9912,4
9913,0
9914,10
9915,0
9916,7
9917,0
9918,7
9919,0
9920,3
9921,0
9922,7
9923,0
9924,2
9925,0
9926,3
9927,0
9928,3
9929,0
9930,4
9931,0
9932,8
9933,0
9934,1
9935,0
9936,1
9937,0
9938,4
9939,0
9940,3
9941,0
9942,1
9943,0
9944,0
9945,0
9946,2
9947,0
9948,6
9949,0
9950,5
9951,0
9952,0
9953,0
9954,4
9955,0
9956,1
9957,0
9958,6
9959,0
9960,0
9961,0
9962,2
9963,0
9964,6
9965,0
9966,3
9967,0
9968,1
9969,0
9970,3
9971,0
9972,1
9973,0
9974,8
9975,0
9976,3
9977,0
9978,5
9979,0
9980,3
9981,0
9982,8
9983,0
9984,5
9985,0
9986,0
9987,0
9988,0
9989,0
9990,4
9991,0
9992,1
9993,0
9994,1
9995,0
9996,6
9997,0
9998,2
9999,0
10000,2
10001,0
10002,6
10003,0
10004,2
10005,0
10006,7
10007,0
10008,2
10009,0
10010,4
10011,0
10012,2
10013,0
10014,5
10015,0
10016,0
10017,0
10018,3
10019,0
10020,0
10021,0
10022,4
10023,0
10024,1
10025,0
10026,5
10027,0
10028,4
10029,0
10030,3
10031,0
10032,3
10033,0
10034,5
10035,0
10036,3
10037,0
10038,3
10039,0
10040,3
10041,0
10042,4
10043,0
10044,6
10045,0
10046,8
10047,0
10048,1
10049,0
10050,3
10051,0
10052,1
10053,0
10054,3
10055,0
10056,0
10057,0
10058,4
10059,0
10060,9
10061,0
10062,4
10063,0
10064,2
10065,0
10066,4
10067,0
10068,0
10069,0
10070,0
10071,0
10072,6
10073,0
10074,8
10075,0
10076,4
10077,0
10078,5
10079,0
10080,4
10081,0
10082,4
10083,0
10084,0
10085,0
10086,3
10087,0
10088,4
10089,0
10090,7
10091,0
10092,3
10093,0
10094,1
10095,0
10096,0
10097,0
10098,2
10099,0
10100,5
10101,0
10102,6
10103,0
10104,2
10105,0
10106,5
10107,0
10108,2
10109,0
10110,4
10111,0
10112,4
10113,0
10114,2
10115,0
10116,2
10117,0
10118,2
10119,0
10120,5
10121,0
10122,9
10123,0
10124,2
10125,0
10126,3
10127,0
10128,2
10129,0
10130,3
10131,0
10132,6
10133,0
10134,3
10135,0
10136,1
10137,0
10138,3
10139,0
10140,5
10141,0
10142,5
10143,0
10144,2
10145,0
10146,5
10147,0
10148,0
10149,0
10150,3
10151,0
10152,1
10153,0
10154,5
10155,0
10156,3
10157,0
10158,6
10159,0
10160,2
10161,0
10162,4
10163,0
10164,2
10165,0
10166,5
10167,0
10168,1
10169,0
10170,6
10171,0
10172,5
10173,0
10174,7
10175,0
10176,1
10177,0
10178,3
10179,0
10180,0
10181,0
10182,3
10183,0
10184,1
10185,0
10186,5
10187,0
10188,0
10189,0
10190,0
10191,0
10192,0
10193,0
10194,3
10195,0
10196,3
10197,0
10198,2
10199,0
10200,2
10201,0
10202,1
10203,0
10204,2
10205,0
10206,8
10207,0
10208,1
10209,0
10210,9
10211,0
10212,2
10213,0
10214,2
10215,0
10216,0
10217,0
10218,2
10219,0
10220,4
10221,0
10222,5
10223,0
10224,1
10225,0
10226,5
10227,0
10228,1
10229,0
10230,6
10231,0
10232,5
10233,0
10234,4
10235,0
10236,5
10237,0
10238,5
10239,0
10240,2
10241,0
10242,6
10243,0
10244,1
10245,0
10246,4
10247,0
10248,5
10249,0
10250,4
10251,0
10252,5
10253,0
10254,6
10255,0
10256,3
10257,0
10258,5
10259,0
10260,2
10261,0
10262,2
10263,0
10264,4
10265,0
10266,2
10267,0
10268,3
10269,0
10270,9
10271,0
10272,4
10273,0
10274,2
10275,0
10276,1
10277,0
10278,7
10279,0
10280,3
10281,0
10282,3
10283,0
10284,1
10285,0
10286,2
10287,0
10288,2
10289,0
10290,4
10291,0
10292,2
10293,0
10294,2
10295,0
10296,2
10297,0
10298,2
10299,0
10300,3
10301,0
10302,4
10303,0
10304,1
10305,0
10306,2
10307,0
10308,2
10309,0
10310,2
10311,0
10312,2
10313,0
10314,4
10315,0
10316,6
10317,0
10318,2
10319,0
10320,3
10321,0
10322,4
10323,0
10324,1
10325,0
10326,3
10327,0
10328,2
10329,0
10330,5
10331,0
10332,1
10333,0
10334,6
10335,0
10336,2
10337,0
10338,4
10339,0
10340,0
10341,0
10342,2
10343,0
10344,0
10345,0
10346,4
10347,0
10348,4
10349,0
10350,5
10351,0
10352,2
10353,0
10354,3
10355,0
10356,1
10357,0
10358,3
10359,0
10360,2
10361,0
10362,4
10363,0
10364,4
10365,0
10366,11
10367,0
10368,2
10369,0
10370,7
10371,0
10372,1
10373,0
10374,1
10375,0
10376,3
10377,0
10378,0
10379,0
10380,5
10381,0
10382,5
10383,0
10384,2
10385,0
10386,2
10387,0
10388,2
10389,0
10390,2
10391,0
10392,2
10393,0
10394,1
10395,0
10396,1
10397,0
10398,5
10399,0
10400,3
10401,0
10402,6
10403,0
10404,0
10405,0
10406,2
10407,0
10408,1
10409,0
10410,1
10411,0
10412,6
10413,0
10414,6
10415,0
10416,2
10417,0
10418,3
10419,0
10420,2
10421,0
10422,4
10423,0
10424,1
10425,0
10426,8
10427,0
10428,4
10429,0
10430,5
10431,0
10432,2
10433,0
10434,6
10435,0
10436,3
10437,0
10438,3
10439,0
10440,4
10441,0
10442,2
10443,0
10444,5
10445,0
10446,3
10447,0
10448,2
10449,0
10450,1
10451,0
10452,1
10453,0
10454,3
10455,0
10456,1
10457,0
10458,2
10459,0
10460,0
10461,0
10462,7
10463,0
10464,2
10465,0
10466,2
10467,0
10468,1
10469,0
10470,5
10471,0
10472,2
10473,0
10474,2
10475,0
10476,1
10477,0
10478,2
10479,0
10480,5
10481,0
10482,1
10483,0
10484,0
10485,0
10486,2
10487,0
10488,3
10489,0
10490,6
10491,0
10492,3
10493,0
10494,8
10495,0
10496,1
10497,0
10498,4
10499,0
10500,3
10501,0
10502,2
10503,0
10504,2
10505,0
10506,2
10507,0
10508,5
10509,0
10510,3
10511,0
10512,2
10513,0
10514,3
10515,0
10516,3
10517,0
10518,0
10519,0
10520,4
10521,0
10522,3
10523,0
10524,2
10525,0
10526,6
10527,0
10528,0
10529,0
10530,0
10531,0
10532,1
10533,0
10534,1
10535,0
10536,0
10537,0
10538,2
10539,0
10540,3
10541,0
10542,3
10543,0
10544,1
10545,0
10546,3
10547,0
10548,4
10549,0
10550,1
10551,0
10552,3
10553,0
10554,3
10555,0
10556,8
10557,0
10558,4
10559,0
10560,1
10561,0
10562,5
10563,0
10564,1
10565,0
10566,3
10567,0
10568,2
10569,0
10570,3
10571,0
10572,3
10573,0
10574,3
10575,0
10576,3
10577,0
10578,3
10579,0
10580,4
10581,0
10582,3
10583,0
10584,3
10585,0
10586,4
10587,0
10588,1
10589,0
10590,6
10591,0
10592,3
10593,0
10594,5
10595,0
10596,1
10597,0
10598,2
10599,0
10600,3
10601,0
10602,2
10603,0
10604,3
10605,0
10606,9
10607,0
10608,0
10609,0
10610,7
10611,0
10612,1
10613,0
10614,3
10615,0
10616,3
10617,0
10618,4
10619,0
10620,5
10621,0
10622,9
10623,0
10624,1
10625,0
10626,3
10627,0
10628,0
10629,0
10630,3
10631,0
10632,0
10633,0
10634,1
10635,0
10636,2
10637,0
10638,1
10639,0
10640,2
10641,0
10642,1
10643,0
10644,5
10645,0
10646,1
10647,0
10648,2
10649,0
10650,5
10651,0
10652,4
10653,0
10654,6
10655,0
10656,0
10657,0
10658,4
10659,0
10660,0
10661,0
10662,2
10663,0
10664,1
10665,0
10666,3
10667,0
10668,4
10669,0
10670,2
10671,0
10672,0
10673,0
10674,4
10675,0
10676,3
10677,0
10678,1
10679,0
10680,3
10681,0
10682,1
10683,0
10684,3
10685,0
10686,6
10687,0
10688,1
10689,0
10690,2
10691,0
10692,2
10693,0
10694,5
10695,0
10696,6
10697,0
10698,1
10699,0
10700,4
10701,0
10702,1
10703,0
10704,5
10705,0
10706,7
10707,0
10708,1
10709,0
10710,2
10711,0
10712,2
10713,0
10714,5
10715,0
10716,5
10717,0
10718,4
10719,0
10720,2
10721,0
10722,5
10723,0
10724,2
10725,0
10726,2
10727,0
10728,5
10729,0
10730,3
10731,0
10732,5
10733,0
10734,1
10735,0
10736,3
10737,0
10738,1
10739,0
10740,0
10741,0
10742,2
10743,0
10744,1
10745,0
10746,2
10747,0
10748,7
10749,0
10750,4
10751,0
10752,0
10753,0
10754,6
10755,0
10756,1
10757,0
10758,3
10759,0
10760,3
10761,0
10762,3
10763,0
10764,2
10765,0
10766,3
10767,0
10768,3
10769,0
10770,1
10771,0
10772,0
10773,0
10774,4
10775,0
10776,1
10777,0
10778,4
10779,0
10780,3
10781,0
10782,7
10783,0
10784,3
10785,0
10786,1
10787,0
10788,0
10789,0
10790,6
10791,0
10792,3
10793,0
10794,4
10795,0
10796,1
10797,0
10798,7
10799,0
10800,3
10801,0
10802,5
10803,0
10804,0
10805,0
10806,4
10807,0
10808,1
10809,0
10810,1
10811,0
10812,4
10813,0
10814,4
10815,0
10816,1
10817,0
10818,3
10819,0
10820,2
10821,0
10822,3
10823,0
10824,6
10825,0
10826,1
10827,0
10828,4
10829,0
10830,3
10831,0
10832,2
10833,0
10834,3
10835,0
10836,2
10837,0
10838,3
10839,0
10840,1
10841,0
10842,3
10843,0
10844,4
10845,0
10846,5
10847,0
10848,0
10849,0
10850,3
10851,0
10852,1
10853,0
10854,0
10855,0
10856,2
10857,0
10858,5
10859,0
10860,3
10861,0
10862,3
10863,0
10864,2
10865,0
10866,0
10867,0
10868,2
10869,0
10870,4
10871,0
10872,3
10873,0
10874,2
10875,0
10876,7
10877,0
10878,5
10879,0
10880,4
10881,0
10882,2
10883,0
10884,1
10885,0
10886,4
10887,0
10888,4
10889,0
10890,3
10891,0
10892,2
10893,0
10894,9
10895,0
10896,4
10897,0
10898,4
10899,0
10900,2
10901,0
10902,3
10903,0
10904,3
10905,0
10906,4
10907,0
10908,8
10909,0
10910,5
10911,0
10912,1
10913,0
10914,4
10915,0
10916,0
10917,0
10918,4
10919,0
10920,1
10921,0
10922,4
10923,0
10924,4
10925,0
10926,5
10927,0
10928,4
10929,0
10930,5
10931,0
10932,4
10933,0
10934,5
10935,0
10936,3
10937,0
10938,7
10939,0
10940,5
10941,0
10942,6
10943,0
10944,5
10945,0
10946,3
10947,0
10948,1
10949,0
10950,2
10951,0
10952,0
10953,0
10954,2
10955,0
10956,2
10957,0
10958,5
10959,0
10960,1
10961,0
10962,2
10963,0
10964,3
10965,0
10966,3
10967,0
10968,3
10969,0
10970,3
10971,0
10972,4
10973,0
10974,3
10975,0
10976,1
10977,0
10978,4
10979,0
10980,2
10981,0
10982,3
10983,0
10984,0
10985,0
10986,3
10987,0
10988,6
10989,0
10990,3
10991,0
10992,2
10993,0
10994,4
10995,0
10996,1
10997,0
10998,3
10999,0
11000,1
11001,0
11002,2
11003,0
11004,5
11005,0
11006,3
11007,0
11008,1
11009,0
11010,3
11011,0
11012,3
11013,0
11014,2
11015,0
11016,0
11017,0
11018,3
11019,0
11020,2
11021,0
11022,3
11023,0
11024,2
11025,0
11026,3
11027,0
11028,1
11029,0
11030,2
11031,0
11032,1
11033,0
11034,5
11035,0
11036,2
11037,0
11038,3
11039,0
11040,3
11041,0
11042,4
11043,0
11044,4
11045,0
11046,7
11047,0
11048,4
11049,0
11050,2
11051,0
11052,5
11053,0
11054,7
11055,0
11056,3
11057,0
11058,5
11059,0
11060,2
11061,0
11062,2
11063,0
11064,3
11065,0
11066,1
11067,0
11068,7
11069,0
11070,5
11071,0
11072,1
11073,0
11074,5
11075,0
11076,4
11077,0
11078,3
11079,0
11080,4
11081,0
11082,3
11083,0
11084,5
11085,0
11086,6
11087,0
11088,3
11089,0
11090,3
11091,0
11092,1
11093,0
11094,2
11095,0
11096,2
11097,0
11098,4
11099,0
11100,5
11101,0
11102,7
11103,0
11104,5
11105,0
11106,3
11107,0
11108,1
11109,0
11110,2
11111,0
11112,4
11113,0
11114,4
11115,0
11116,1
11117,0
11118,2
11119,0
11120,3
11121,0
11122,8
11123,0
11124,2
11125,0
11126,3
11127,0
11128,1
11129,0
11130,2
11131,0
11132,5
11133,0
11134,7
11135,0
11136,1
11137,0
11138,4
11139,0
11140,4
11141,0
11142,3
11143,0
11144,3
11145,0
11146,2
11147,0
11148,3
11149,0
11150,2
11151,0
11152,2
11153,0
11154,3
11155,0
11156,5
11157,0
11158,2
11159,0
11160,1
11161,0
11162,5
11163,0
11164,0
11165,0
11166,7
11167,0
11168,0
11169,0
11170,8
11171,0
11172,3
11173,0
11174,3
11175,0
11176,4
11177,0
11178,1
11179,0
11180,4
11181,0
11182,6
11183,0
11184,2
11185,0
11186,3
11187,0
11188,2
11189,0
11190,3
11191,0
11192,3
11193,0
11194,4
11195,0
11196,6
11197,0
11198,11
11199,0
11200,1
11201,0
11202,3
11203,0
11204,1
11205,0
11206,3
11207,0
11208,3
11209,0
11210,7
11211,0
11212,12
11213,0
11214,3
11215,0
11216,1
11217,0
11218,5
11219,0
11220,2
11221,0
11222,5
11223,0
11224,1
11225,0
11226,3
11227,0
11228,3
11229,0
11230,6
11231,0
11232,1
11233,0
11234,9
11235,0
11236,0
11237,0
11238,5
11239,0
11240,1
11241,0
11242,1
11243,0
11244,7
11245,0
11246,4
11247,0
11248,1
11249,0
11250,4
11251,0
11252,1
11253,0
11254,3
11255,0
11256,2
11257,0
11258,1
11259,0
11260,2
11261,0
11262,3
11263,0
11264,0
11265,0
11266,2
11267,0
11268,3
11269,0
11270,2
11271,0
11272,0
11273,0
11274,1
11275,0
11276,3
11277,0
11278,2
11279,0
11280,1
11281,0
11282,5
11283,0
11284,1
11285,0
11286,0
11287,0
11288,2
11289,0
11290,1
11291,0
11292,4
11293,0
11294,6
11295,0
11296,3
11297,0
11298,1
11299,0
11300,2
11301,0
11302,2
11303,0
11304,1
11305,0
11306,1
11307,0
11308,2
11309,0
11310,6
11311,0
11312,1
11313,0
11314,5
11315,0
11316,1
11317,0
11318,0
11319,0
11320,1
11321,0
11322,2
11323,0
11324,2
11325,0
11326,4
11327,0
11328,2
11329,0
11330,2
11331,0
11332,0
11333,0
11334,2
11335,0
11336,1
11337,0
11338,1
11339,0
11340,6
11341,0
11342,1
11343,0
11344,2
11345,0
11346,5
11347,0
11348,1
11349,0
11350,0
11351,0
11352,2
11353,0
11354,2
11355,0
11356,6
11357,0
11358,3
11359,0
11360,4
11361,0
11362,2
11363,0
11364,2
11365,0
11366,1
11367,0
11368,1
11369,0
11370,1
11371,0
11372,3
11373,0
11374,5
11375,0
11376,2
11377,0
11378,0
11379,0
11380,3
11381,0
11382,4
11383,0
11384,1
11385,0
11386,3
11387,0
11388,2
11389,0
11390,2
11391,0
11392,1
11393,0
11394,0
11395,0
11396,2
11397,0
11398,0
11399,0
11400,4
11401,0
11402,0
11403,0
11404,0
11405,0
11406,0
11407,0
11408,2
11409,0
11410,4
11411,0
11412,2
11413,0
11414,1
11415,0
11416,1
11417,0
11418,1
11419,0
11420,1
11421,0
11422,2
11423,0
11424,1
11425,0
11426,1
11427,0
11428,1
11429,0
11430,1
11431,0
11432,0
11433,0
11434,1
11435,0
11436,3
11437,0
11438,1
11439,0
11440,0
11441,0
11442,2
11443,0
11444,0
11445,0
11446,4
11447,0
11448,0
11449,0
11450,0
11451,0
11452,3
11453,0
11454,3
11455,0
11456,2
11457,0
11458,2
11459,0
11460,1
11461,0
11462,0
11463,0
11464,1
11465,0
11466,1
11467,0
11468,2
11469,0
11470,1
11471,0
11472,0
11473,0
11474,4
11475,0
11476,0
11477,0
11478,1
11479,0
11480,1
11481,0
11482,1
11483,0
11484,4
11485,0
11486,0
11487,0
11488,2
11489,0
11490,1
11491,0
11492,2
11493,0
11494,2
11495,0
11496,1
11497,0
11498,2
11499,0
11500,3
11501,0
11502,0
11503,0
11504,1
11505,0
11506,2
11507,0
11508,3
11509,0
11510,1
11511,0
11512,1
11513,0
11514,4
11515,0
11516,1
11517,0
11518,0
11519,0
11520,1
11521,0
11522,4
11523,0
11524,1
11525,0
11526,1
11527,0
11528,1
11529,0
11530,0
11531,0
11532,1
11533,0
11534,2
11535,0
11536,1
11537,0
11538,1
11539,0
11540,2
11541,0
11542,0
11543,0
11544,1
11545,0
11546,1
11547,0
11548,2
11549,0
11550,0
11551,0
11552,1
11553,0
11554,0
11555,0
11556,1
11557,0
11558,0
11559,0
11560,1
11561,0
11562,4
11563,0
11564,1
11565,0
11566,0
11567,0
11568,2
11569,0
11570,6
11571,0
11572,1
11573,0
11574,3
11575,0
11576,5
11577,0
11578,3
11579,0
11580,2
11581,0
11582,2
11583,0
11584,2
11585,0
11586,1
11587,0
11588,2
11589,0
11590,2
11591,0
11592,4
11593,0
11594,3
11595,0
11596,5
11597,0
11598,0
11599,0
11600,1
11601,0
11602,3
11603,0
11604,1
11605,0
11606,0
11607,0
11608,1
11609,0
11610,4
11611,0
11612,3
11613,0
11614,5
11615,0
11616,1
11617,0
11618,1
11619,0
11620,0
11621,0
11622,2
11623,0
11624,2
11625,0
11626,0
11627,0
11628,2
11629,0
11630,4
11631,0
11632,1
11633,0
11634,2
11635,0
11636,4
11637,0
11638,1
11639,0
11640,2
11641,0
11642,1
11643,0
11644,2
11645,0
11646,5
11647,0
11648,2
11649,0
11650,3
11651,0
11652,0
11653,0
11654,2
11655,0
11656,2
11657,0
11658,3
11659,0
11660,2
11661,0
11662,4
11663,0
11664,1
11665,0
11666,1
11667,0
11668,2
11669,0
11670,1
11671,0
11672,1
11673,0
11674,2
11675,0
11676,3
11677,0
11678,0
11679,0
11680,0
11681,0
11682,3
11683,0
11684,0
11685,0
11686,1
11687,0
11688,1
11689,0
11690,1
11691,0
11692,0
11693,0
11694,4
11695,0
11696,0
11697,0
11698,4
11699,0
11700,0
11701,0
11702,3
11703,0
11704,1
11705,0
11706,4
11707,0
11708,2
11709,0
11710,3
11711,0
11712,2
11713,0
11714,2
11715,0
11716,0
11717,0
11718,2
11719,0
11720,3
11721,0
11722,2
11723,0
11724,0
11725,0
11726,6
11727,0
11728,2
11729,0
11730,2
11731,0
11732,5
11733,0
11734,0
11735,0
11736,1
11737,0
11738,3
11739,0
11740,6
11741,0
11742,10
11743,0
11744,0
11745,0
11746,3
11747,0
11748,3
11749,0
11750,0
11751,0
11752,0
11753,0
11754,1
11755,0
11756,5
11757,0
11758,1
11759,0
11760,0
11761,0
11762,0
11763,0
11764,0
11765,0
11766,0
11767,0
11768,0
11769,0
11770,4
11771,0
11772,4
11773,0
11774,4
11775,0
11776,0
11777,0
11778,3
11779,0
11780,0
11781,0
11782,0
11783,0
11784,0
11785,0
11786,2
11787,0
11788,1
11789,0
11790,1
11791,0
11792,0
11793,0
11794,2
11795,0
11796,0
11797,0
11798,1
11799,0
11800,2
11801,0
11802,2
11803,0
11804,2
11805,0
11806,2
11807,0
11808,0
11809,0
11810,2
11811,0
11812,1
11813,0
11814,1
11815,0
11816,1
11817,0
11818,2
11819,0
11820,5
11821,0
11822,1
11823,0
11824,1
11825,0
11826,1
11827,0
11828,1
11829,0
11830,0
11831,0
11832,1
11833,0
11834,1
11835,0
11836,2
11837,0
11838,1
11839,0
11840,1
11841,0
11842,2
11843,0
11844,1
11845,0
11846,0
11847,0
11848,1
11849,0
11850,2
11851,0
11852,0
11853,0
11854,2
11855,0
11856,0
11857,0
11858,3
11859,0
11860,0
11861,0
11862,1
11863,0
11864,2
11865,0
11866,3
11867,0
11868,1
11869,0
11870,0
11871,0
11872,1
11873,0
11874,1
11875,0
11876,2
11877,0
11878,1
11879,0
11880,0
11881,0
11882,1
11883,0
11884,3
11885,0
11886,1
11887,0
11888,0
11889,0
11890,0
11891,0
11892,2
11893,0
11894,0
11895,0
11896,1
11897,0
11898,3
11899,0
11900,1
11901,0
11902,3
11903,0
11904,0
11905,0
11906,2
11907,0
11908,1
11909,0
11910,4
11911,0
11912,4
11913,0
11914,2
11915,0
11916,1
11917,0
11918,1
11919,0
11920,0
11921,0
11922,1
11923,0
11924,4
11925,0
11926,2
11927,0
11928,1
11929,0
11930,3
11931,0
11932,1
11933,0
11934,3
11935,0
11936,0
11937,0
11938,1
11939,0
11940,0
11941,0
11942,1
11943,0
11944,1
11945,0
11946,1
11947,0
11948,1
11949,0
11950,3
11951,0
11952,0
11953,0
11954,3
11955,0
11956,1
11957,0
11958,2
11959,0
11960,2
11961,0
11962,0
11963,0
11964,2
11965,0
11966,4
11967,0
11968,0
11969,0
11970,0
11971,0
11972,1
11973,0
11974,1
11975,0
11976,2
11977,0
11978,4
11979,0
11980,2
11981,0
11982,1
11983,0
11984,3
11985,0
11986,2
11987,0
11988,4
11989,0
11990,2
11991,0
11992,1
11993,0
11994,0
11995,0
11996,2
11997,0
11998,3
11999,0
12000,1
12001,0
12002,2
12003,0
12004,0
12005,0
12006,1
12007,0
12008,1
12009,0
12010,2
12011,0
12012,2
12013,0
12014,1
12015,0
12016,1
12017,0
12018,0
12019,0
12020,1
12021,0
12022,1
12023,0
12024,0
12025,0
12026,1
12027,0
12028,2
12029,0
12030,1
12031,0
12032,1
12033,0
12034,1
12035,0
12036,0
12037,0
12038,0
12039,0
12040,2
12041,0
12042,0
12043,0
12044,1
12045,0
12046,1
12047,0
12048,0
12049,0
12050,2
12051,0
12052,1
12053,0
12054,1
12055,0
12056,0
12057,0
12058,2
12059,0
12060,1
12061,0
12062,0
12063,0
12064,0
12065,0
12066,0
12067,0
12068,0
12069,0
12070,0
12071,0
12072,0
12073,0
12074,3
12075,0
12076,1
12077,0
12078,0
12079,0
12080,0
12081,0
12082,1
12083,0
12084,1
12085,0
12086,1
12087,0
12088,0
12089,0
12090,2
12091,0
12092,2
12093,0
12094,1
12095,0
12096,0
12097,0
12098,1
12099,0
12100,2
12101,0
12102,0
12103,0
12104,3
12105,0
12106,0
12107,0
12108,1
12109,0
12110,1
12111,0
12112,1
12113,0
12114,1
12115,0
12116,0
12117,0
12118,1
12119,0
12120,0
12121,0
12122,1
12123,0
12124,3
12125,0
12126,3
12127,0
12128,2
12129,0
12130,1
12131,0
12132,1
12133,0
12134,2
12135,0
12136,0
12137,0
12138,1
12139,0
12140,0
12141,0
12142,1
12143,0
12144,0
12145,0
12146,1
12147,0
12148,1
12149,0
12150,0
12151,0
12152,0
12153,0
12154,0
12155,0
12156,3
12157,0
12158,0
12159,0
12160,1
12161,0
12162,2
12163,0
12164,1
12165,0
12166,0
12167,0
12168,2
12169,0
12170,0
12171,0
12172,0
12173,0
12174,0
12175,0
12176,2
12177,0
12178,1
12179,0
12180,2
12181,0
12182,1
12183,0
12184,2
12185,0
12186,0
12187,0
12188,2
12189,0
12190,2
12191,0
12192,0
12193,0
12194,1
12195,0
12196,0
12197,0
12198,2
12199,0
12200,1
12201,0
12202,5
12203,0
12204,0
12205,0
12206,1
12207,0
12208,0
12209,0
12210,3
12211,0
12212,1
12213,0
12214,1
12215,0
12216,0
12217,0
12218,1
12219,0
12220,1
12221,0
12222,2
12223,0
12224,1
12225,0
12226,0
12227,0
12228,0
12229,0
12230,2
12231,0
12232,2
12233,0
12234,1
12235,0
12236,0
12237,0
12238,2
12239,0
12240,0
12241,0
12242,4
12243,0
12244,0
12245,0
12246,0
12247,0
12248,0
12249,0
12250,0
12251,0
12252,1
12253,0
12254,0
12255,0
12256,1
12257,0
12258,0
12259,0
12260,0
12261,0
12262,0
12263,0
12264,1
12265,0
12266,0
12267,0
12268,3
12269,0
12270,4
12271,0
12272,0
12273,0
12274,2
12275,0
12276,0
12277,0
12278,1
12279,0
12280,0
12281,0
12282,3
12283,0
12284,2
12285,0
12286,3
12287,0
12288,0
12289,0
12290,2
12291,0
12292,0
12293,0
12294,0
12295,0
12296,0
12297,0
12298,0
12299,0
12300,1
12301,0
12302,0
12303,0
12304,0
12305,0
12306,0
12307,0
12308,0
12309,0
12310,1
12311,0
12312,0
12313,0
12314,0
12315,0
12316,0
12317,0
12318,0
12319,0
12320,0
12321,0
12322,0
12323,0
12324,0
12325,0
12326,0
12327,0
12328,1
12329,0
12330,0
12331,0
12332,0
12333,0
12334,1
12335,0
12336,0
12337,0
12338,1
12339,0
12340,0
12341,0
12342,1
12343,0
12344,1
12345,0
12346,2
12347,0
12348,0
12349,0
12350,0
12351,0
12352,0
12353,0
12354,1
12355,0
12356,0
12357,0
12358,1
12359,0
12360,1
12361,0
12362,1
12363,0
12364,0
12365,0
12366,1
12367,0
12368,0
12369,0
12370,0
12371,0
12372,0
12373,0
12374,0
12375,0
12376,0
12377,0
12378,0
12379,0
12380,0
12381,0
12382,2
12383,0
12384,0
12385,0
12386,1
12387,0
12388,0
12389,0
12390,0
12391,0
12392,0
12393,0
12394,0
12395,0
12396,0
12397,0
12398,0
12399,0
12400,0
12401,0
12402,0
12403,0
12404,0
12405,0
12406,0
12407,0
12408,0
12409,0
12410,1
12411,0
12412,1
12413,0
12414,0
12415,0
12416,0
12417,0
12418,0
12419,0
12420,1
12421,0
12422,0
12423,0
12424,1
12425,0
12426,0
12427,0
12428,0
12429,0
12430,0
12431,0
12432,0
12433,0
12434,0
12435,0
12436,0
12437,0
12438,0
12439,0
12440,0
12441,0
12442,1
12443,0
12444,0
12445,0
12446,1
12447,0
12448,0
12449,0
12450,1
12451,0
12452,0
12453,0
12454,1
12455,0
12456,0
12457,0
12458,0
12459,0
12460,0
12461,0
12462,0
12463,0
12464,0
12465,0
12466,0
12467,0
12468,0
12469,0
12470,1
12471,0
12472,0
12473,0
12474,0
12475,0
12476,0
12477,0
12478,0
12479,0
12480,0
12481,0
12482,0
12483,0
12484,0
12485,0
12486,0
12487,0
12488,1
12489,0
12490,0
12491,0
12492,0
12493,0
12494,0
12495,0
12496,0
12497,0
12498,0
12499,0
12500,0
12501,0
12502,0
12503,0
12504,0
12505,0
12506,1
12507,0
12508,1
12509,0
12510,0
12511,0
12512,0
12513,0
12514,0
12515,0
12516,0
12517,0
12518,0
12519,0
12520,0
12521,0
12522,0
12523,0
12524,0
12525,0
12526,0
12527,0
12528,0
12529,0
12530,0
12531,0
12532,0
12533,0
12534,1
12535,0
12536,0
12537,0
12538,1
12539,0
12540,0
12541,0
12542,1
12543,0
12544,0
12545,0
12546,0
12547,0
12548,0
12549,0
12550,0
12551,0
12552,2
12553,0
12554,0
12555,0
12556,1
12557,0
12558,1
12559,0
12560,0
12561,0
12562,0
12563,0
12564,1
12565,0
12566,0
12567,0
12568,0
12569,0
12570,0
12571,0
12572,0
12573,0
12574,1
12575,0
12576,0
12577,0
12578,1
12579,0
12580,0
12581,0
12582,1
12583,0
12584,0
12585,0
12586,0
12587,0
12588,0
12589,0
12590,0
12591,0
12592,0
12593,0
12594,0
12595,0
12596,0
12597,0
12598,0
12599,0
12600,0
12601,0
12602,0
12603,0
12604,0
12605,0
12606,0
12607,0
12608,0
12609,0
12610,0
12611,0
12612,0
12613,0
12614,0
12615,0
12616,0
12617,0
12618,0
12619,0
12620,0
12621,0
12622,0
12623,0
12624,1
12625,0
12626,0
12627,0
12628,0
12629,0
12630,0
12631,0
12632,0
12633,0
12634,2
12635,0
12636,0
12637,0
12638,1
12639,0
12640,0
12641,0
12642,1
12643,0
12644,1
12645,0
12646,0
12647,0
12648,0
12649,0
12650,0
12651,0
12652,0
12653,0
12654,0
12655,0
12656,1
12657,0
12658,0
12659,0
12660,0
12661,0
12662,0
12663,0
12664,0
12665,0
12666,1
12667,0
12668,0
12669,0
12670,0
12671,0
12672,0
12673,0
12674,4
12675,0
12676,0
12677,0
12678,0
12679,0
12680,2
12681,0
12682,0
12683,0
12684,0
12685,0
12686,0
12687,0
12688,0
12689,0
12690,2
12691,0
12692,0
12693,0
12694,0
12695,0
12696,0
12697,0
12698,0
12699,0
12700,0
12701,0
12702,0
12703,0
12704,0
12705,0
12706,1
12707,0
12708,0
12709,0
12710,1
12711,0
12712,0
12713,0
12714,0
12715,0
12716,0
12717,0
12718,1
12719,0
12720,0
12721,0
12722,0
12723,0
12724,0
12725,0
12726,0
12727,0
12728,1
12729,0
12730,0
12731,0
12732,0
12733,0
12734,0
12735,0
12736,0
12737,0
12738,2
12739,0
12740,0
12741,0
12742,1
12743,0
12744,3
12745,0
12746,1
12747,0
12748,1
12749,0
12750,0
12751,0
12752,0
12753,0
12754,1
12755,0
12756,1
12757,0
12758,1
12759,0
12760,0
12761,0
12762,0
12763,0
12764,0
12765,0
12766,1
12767,0
12768,0
12769,0
12770,1
12771,0
12772,0
12773,0
12774,0
12775,0
12776,0
12777,0
12778,1
12779,0
12780,1
12781,0
12782,1
12783,0
12784,1
12785,0
12786,0
12787,0
12788,0
12789,0
12790,0
12791,0
12792,0
12793,0
12794,0
12795,0
12796,0
12797,0
12798,1
12799,0
12800,0
12801,0
12802,1
12803,0
12804,0
12805,0
12806,0
12807,0
12808,1
12809,0
12810,0
12811,0
12812,1
12813,0
12814,0
12815,0
12816,0
12817,0
12818,1
12819,0
12820,0
12821,0
12822,1
12823,0
12824,0
12825,0
12826,0
12827,0
12828,0
12829,0
12830,1
12831,0
12832,0
12833,0
12834,2
12835,0
12836,0
12837,0
12838,0
12839,0
12840,0
12841,0
12842,0
12843,0
12844,0
12845,0
12846,0
12847,0
12848,0
12849,0
12850,2
12851,0
12852,0
12853,0
12854,0
12855,0
12856,0
12857,0
12858,0
12859,0
12860,0
12861,0
12862,1
12863,0
12864,0
12865,0
12866,1
12867,0
12868,0
12869,0
12870,0
12871,0
12872,1
12873,0
12874,1
12875,0
12876,0
12877,0
12878,0
12879,0
12880,1
12881,0
12882,0
12883,0
12884,0
12885,0
12886,0
12887,0
12888,0
12889,0
12890,0
12891,0
12892,1
12893,0
12894,1
12895,0
12896,0
12897,0
12898,1
12899,0
12900,0
12901,0
12902,2
12903,0
12904,0
12905,0
12906,1
12907,0
12908,0
12909,0
12910,0
12911,0
12912,0
12913,0
12914,2
12915,0
12916,0
12917,0
12918,1
12919,0
12920,0
12921,0
12922,3
12923,0
12924,1
12925,0
12926,0
12927,0
12928,0
12929,0
12930,0
12931,0
12932,0
12933,0
12934,0
12935,0
12936,2
12937,0
12938,0
12939,0
12940,1
12941,0
12942,0
12943,0
12944,0
12945,0
12946,0
12947,0
12948,0
12949,0
12950,0
12951,0
12952,0
12953,0
12954,0
12955,0
12956,0
12957,0
12958,1
12959,0
12960,0
12961,0
12962,0
12963,0
12964,0
12965,0
12966,0
12967,0
12968,0
12969,0
12970,0
12971,0
12972,0
12973,0
12974,0
12975,0
12976,0
12977,0
12978,0
12979,0
12980,0
12981,0
12982,0
12983,0
12984,0
12985,0
12986,0
12987,0
12988,1
12989,0
12990,0
12991,0
12992,0
12993,0
12994,0
12995,0
12996,0
12997,0
12998,1
12999,0
13000,0
13001,0
13002,0
13003,0
13004,0
13005,0
13006,0
13007,0
13008,0
13009,0
13010,0
13011,0
13012,0
13013,0
13014,0
13015,0
13016,0
13017,0
13018,0
13019,0
13020,0
13021,0
13022,2
13023,0
13024,0
13025,0
13026,1
13027,0
13028,0
13029,0
13030,1
13031,0
13032,0
13033,0
13034,2
13035,0
13036,0
13037,0
13038,1
13039,0
13040,0
13041,0
13042,1
13043,0
13044,0
13045,0
13046,0
13047,0
13048,0
13049,0
13050,5
13051,0
13052,0
13053,0
13054,0
13055,0
13056,0
13057,0
13058,2
13059,0
13060,0
13061,0
13062,0
13063,0
13064,0
13065,0
13066,0
13067,0
13068,0
13069,0
13070,0
13071,0
13072,0
13073,0
13074,0
13075,0
13076,0
13077,0
13078,0
13079,0
13080,0
13081,0
13082,1
13083,0
13084,0
13085,0
13086,1
13087,0
13088,0
13089,0
13090,1
13091,0
13092,0
13093,0
13094,1
13095,0
13096,0
13097,0
13098,0
13099,0
13100,0
13101,0
13102,2
13103,0
13104,0
13105,0
13106,0
13107,0
13108,0
13109,0
13110,0
13111,0
13112,0
13113,0
13114,1
13115,0
13116,0
13117,0
13118,2
13119,0
13120,0
13121,0
13122,0
13123,0
13124,0
13125,0
13126,0
13127,0
13128,1
13129,0
13130,0
13131,0
13132,0
13133,0
13134,0
13135,0
13136,0
13137,0
13138,1
13139,0
13140,0
13141,0
13142,0
13143,0
13144,0
13145,0
13146,1
13147,0
13148,0
13149,0
13150,0
13151,0
13152,0
13153,0
13154,1
13155,0
13156,0
13157,0
13158,0
13159,0
13160,1
13161,0
13162,1
13163,0
13164,0
13165,0
13166,0
13167,0
13168,0
13169,0
13170,1
13171,0
13172,0
13173,0
13174,1
13175,0
13176,0
13177,0
13178,0
13179,0
13180,0
13181,0
13182,2
13183,0
13184,0
13185,0
13186,2
13187,0
13188,0
13189,0
13190,0
13191,0
13192,1
13193,0
13194,0
13195,0
13196,0
13197,0
13198,0
13199,0
13200,0
13201,0
13202,0
13203,0
13204,1
13205,0
13206,0
13207,0
13208,0
13209,0
13210,0
13211,0
13212,0
13213,0
13214,0
13215,0
13216,0
13217,0
13218,1
13219,0
13220,0
13221,0
13222,0
13223,0
13224,0
13225,0
13226,1
13227,0
13228,0
13229,0
13230,0
13231,0
13232,0
13233,0
13234,1
13235,0
13236,0
13237,0
13238,1
13239,0
13240,0
13241,0
13242,1
13243,0
13244,2
13245,0
13246,0
13247,0
13248,0
13249,0
13250,1
13251,0
13252,0
13253,0
13254,0
13255,0
13256,2
13257,0
13258,0
13259,0
13260,0
13261,0
13262,0
13263,0
13264,0
13265,0
13266,3
13267,0
13268,0
13269,0
13270,0
13271,0
13272,0
13273,0
13274,0
13275,0
13276,0
13277,0
13278,2
13279,0
13280,0
13281,0
13282,2
13283,0
13284,0
13285,0
13286,0
13287,0
13288,1
13289,0
13290,0
13291,0
13292,0
13293,0
13294,0
13295,0
13296,0
13297,0
13298,1
13299,0
13300,1
13301,0
13302,1
13303,0
13304,0
13305,0
13306,0
13307,0
13308,0
13309,0
13310,1
13311,0
13312,0
13313,0
13314,0
13315,0
13316,0
13317,0
13318,0
13319,0
13320,1
13321,0
13322,1
13323,0
13324,0
13325,0
13326,2
13327,0
13328,0
13329,0
13330,2
13331,0
13332,1
13333,0
13334,0
13335,0
13336,0
13337,0
13338,1
13339,0
13340,0
13341,0
13342,1
13343,0
13344,0
13345,0
13346,1
13347,0
13348,0
13349,0
13350,1
13351,0
13352,1
13353,0
13354,2
13355,0
13356,2
13357,0
13358,1
13359,0
13360,0
13361,0
13362,0
13363,0
13364,1
13365,0
13366,1
13367,0
13368,0
13369,0
13370,2
13371,0
13372,0
13373,0
13374,1
13375,0
13376,0
13377,0
13378,0
13379,0
13380,0
13381,0
13382,1
13383,0
13384,3
13385,0
13386,0
13387,0
13388,0
13389,0
13390,0
13391,0
13392,0
13393,0
13394,1
13395,0
13396,0
13397,0
13398,1
13399,0
13400,0
13401,0
13402,1
13403,0
13404,0
13405,0
13406,1
13407,0
13408,0
13409,0
13410,0
13411,0
13412,0
13413,0
13414,0
13415,0
13416,0
13417,0
13418,0
13419,0
13420,0
13421,0
13422,0
13423,0
13424,0
13425,0
13426,1
13427,0
13428,0
13429,0
13430,0
13431,0
13432,0
13433,0
13434,0
13435,0
13436,0
13437,0
13438,1
13439,0
13440,0
13441,0
13442,0
13443,0
13444,0
13445,0
13446,0
13447,0
13448,0
13449,0
13450,0
13451,0
13452,0
13453,0
13454,0
13455,0
13456,0
13457,0
13458,1
13459,0
13460,0
13461,0
13462,0
13463,0
13464,0
13465,0
13466,0
13467,0
13468,0
13469,0
13470,0
13471,0
13472,0
13473,0
13474,0
13475,0
13476,0
13477,0
13478,1
13479,0
13480,0
13481,0
13482,0
13483,0
13484,0
13485,0
13486,0
13487,0
13488,0
13489,0
13490,1
13491,0
13492,0
13493,0
13494,2
13495,0
13496,0
13497,0
13498,0
13499,0
13500,1
13501,0
13502,2
13503,0
13504,0
13505,0
13506,1
13507,0
13508,0
13509,0
13510,0
13511,0
13512,1
13513,0
13514,0
13515,0
13516,0
13517,0
13518,0
13519,0
13520,1
13521,0
13522,0
13523,0
13524,3
13525,0
13526,0
13527,0
13528,0
13529,0
13530,2
13531,0
13532,0
13533,0
13534,0
13535,0
13536,0
13537,0
13538,0
13539,0
13540,0
13541,0
13542,2
13543,0
13544,0
13545,0
13546,1
13547,0
13548,1
13549,0
13550,1
13551,0
13552,0
13553,0
13554,0
13555,0
13556,1
13557,0
13558,0
13559,0
13560,1
13561,0
13562,0
13563,0
13564,0
13565,0
13566,1
13567,0
13568,0
13569,0
13570,1
13571,0
13572,0
13573,0
13574,0
13575,0
13576,3
13577,0
13578,0
13579,0
13580,0
13581,0
13582,0
13583,0
13584,0
13585,0
13586,2
13587,0
13588,1
13589,0
13590,0
13591,0
13592,0
13593,0
13594,0
13595,0
13596,1
13597,0
13598,3
13599,0
13600,0
13601,0
13602,0
13603,0
13604,0
13605,0
13606,0
13607,0
13608,0
13609,0
13610,0
13611,0
13612,1
13613,0
13614,0
13615,0
13616,0
13617,0
13618,0
13619,0
13620,0
13621,0
13622,2
13623,0
13624,0
13625,0
13626,0
13627,0
13628,0
13629,0
13630,0
13631,0
13632,0
13633,0
13634,1
13635,0
13636,1
13637,0
13638,0
13639,0
13640,1
13641,0
13642,0
13643,0
13644,0
13645,0
13646,0
13647,0
13648,0
13649,0
13650,0
13651,0
13652,1
13653,0
13654,0
13655,0
13656,0
13657,0
13658,2
13659,0
13660,0
13661,0
13662,1
13663,0
13664,0
13665,0
13666,1
13667,0
13668,0
13669,0
13670,1
13671,0
13672,0
13673,0
13674,0
13675,0
13676,0
13677,0
13678,0
13679,0
13680,1
13681,0
13682,0
13683,0
13684,0
13685,0
13686,3
13687,0
13688,0
13689,0
13690,2
13691,0
13692,0
13693,0
13694,1
13695,0
13696,0
13697,0
13698,0
13699,0
13700,0
13701,0
13702,0
13703,0
13704,1
13705,0
13706,2
13707,0
13708,0
13709,0
13710,0
13711,0
13712,0
13713,0
13714,0
13715,0
13716,0
13717,0
13718,0
13719,0
13720,0
13721,0
13722,1
13723,0
13724,1
13725,0
13726,1
13727,0
13728,0
13729,0
13730,0
13731,0
13732,0
13733,0
13734,0
13735,0
13736,0
13737,0
13738,0
13739,0
13740,0
13741,0
13742,0
13743,0
13744,0
13745,0
13746,0
13747,0
13748,0
13749,0
13750,2
13751,0
13752,0
13753,0
13754,1
13755,0
13756,0
13757,0
13758,0
13759,0
13760,0
13761,0
13762,1
13763,0
13764,0
13765,0
13766,1
13767,0
13768,2
13769,0
13770,0
13771,0
13772,1
13773,0
13774,0
13775,0
13776,0
13777,0
13778,1
13779,0
13780,0
13781,0
13782,0
13783,0
13784,0
13785,0
13786,0
13787,0
13788,1
13789,0
13790,2
13791,0
13792,0
13793,0
13794,0
13795,0
13796,0
13797,0
13798,2
13799,0
13800,0
13801,0
13802,0
13803,0
13804,0
13805,0
13806,0
13807,0
13808,0
13809,0
13810,0
13811,0
13812,0
13813,0
13814,0
13815,0
13816,0
13817,0
13818,0
13819,0
13820,0
13821,0
13822,1
13823,0
13824,0
13825,0
13826,2
13827,0
13828,0
13829,0
13830,0
13831,0
13832,1
13833,0
13834,0
13835,0
13836,0
13837,0
13838,0
13839,0
13840,0
13841,0
13842,0
13843,0
13844,1
13845,0
13846,0
13847,0
13848,0
13849,0
13850,1
13851,0
13852,0
13853,0
13854,1
13855,0
13856,0
13857,0
13858,0
13859,0
13860,0
13861,0
13862,0
13863,0
13864,0
13865,0
13866,3
13867,0
13868,0
13869,0
13870,0
13871,0
13872,0
13873,0
13874,0
13875,0
13876,0
13877,0
13878,0
13879,0
13880,0
13881,0
13882,0
13883,0
13884,0
13885,0
13886,0
13887,0
13888,0
13889,0
13890,1
13891,0
13892,0
13893,0
13894,0
13895,0
13896,2
13897,0
13898,0
13899,0
13900,0
13901,0
13902,0
13903,0
13904,0
13905,0
13906,0
13907,0
13908,0
13909,0
13910,0
13911,0
13912,0
13913,0
13914,0
13915,0
13916,0
13917,0
13918,0
13919,0
13920,0
13921,0
13922,0
13923,0
13924,0
13925,0
13926,0
13927,0
13928,0
13929,0
13930,0
13931,0
13932,0
13933,0
13934,0
13935,0
13936,0
13937,0
13938,0
13939,0
13940,0
13941,0
13942,0
13943,0
13944,0
13945,0
13946,4
13947,0
13948,0
13949,0
13950,0
13951,0
13952,1
13953,0
13954,0
13955,0
13956,0
13957,0
13958,1
13959,0
13960,1
13961,0
13962,2
13963,0
13964,0
13965,0
13966,0
13967,0
13968,0
13969,0
13970,1
13971,0
13972,0
13973,0
13974,0
13975,0
13976,0
13977,0
13978,0
13979,0
13980,0
13981,0
13982,0
13983,0
13984,0
13985,0
13986,0
13987,0
13988,0
13989,0
13990,3
13991,0
13992,1
13993,0
13994,0
13995,0
13996,0
13997,0
13998,0
13999,0
14000,0
14001,0
14002,0
14003,0
14004,0
14005,0
14006,1
14007,0
14008,0
14009,0
14010,0
14011,0
14012,0
14013,0
14014,0
14015,0
14016,0
14017,0
14018,0
14019,0
14020,0
14021,0
14022,0
14023,0
14024,0
14025,0
14026,0
14027,0
14028,0
14029,0
14030,0
14031,0
14032,0
14033,0
14034,0
14035,0
14036,0
14037,0
14038,0
14039,0
14040,0
14041,0
14042,1
14043,0
14044,0
14045,0
14046,0
14047,0
14048,0
14049,0
14050,0
14051,0
14052,0
14053,0
14054,0
14055,0
14056,0
14057,0
14058,0
14059,0
14060,0
14061,0
14062,0
14063,0
14064,0
14065,0
14066,0
14067,0
14068,0
14069,0
14070,0
14071,0
14072,0
14073,0
14074,1
14075,0
14076,0
14077,0
14078,0
14079,0
14080,0
14081,0
14082,2
14083,0
14084,0
14085,0
14086,0
14087,0
14088,1
14089,0
14090,0
14091,0
14092,0
14093,0
14094,0
14095,0
14096,0
14097,0
14098,0
14099,0
14100,0
14101,0
14102,0
14103,0
14104,0
14105,0
14106,0
14107,0
14108,2
14109,0
14110,0
14111,0
14112,0
14113,0
14114,1
14115,0
14116,0
14117,0
14118,0
14119,0
14120,0
14121,0
14122,0
14123,0
14124,1
14125,0
14126,0
14127,0
14128,0
14129,0
14130,2
14131,0
14132,0
14133,0
14134,0
14135,0
14136,0
14137,0
14138,0
14139,0
14140,1
14141,0
14142,0
14143,0
14144,0
14145,0
14146,0
14147,0
14148,0
14149,0
14150,0
14151,0
14152,3
14153,0
14154,1
14155,0
14156,1
14157,0
14158,0
14159,0
14160,0
14161,0
14162,0
14163,0
14164,0
14165,0
14166,0
14167,0
14168,0
14169,0
14170,0
14171,0
14172,1
14173,0
14174,2
14175,0
14176,0
14177,0
14178,3
14179,0
14180,0
14181,0
14182,0
14183,0
14184,0
14185,0
14186,0
14187,0
14188,0
14189,0
14190,0
14191,0
14192,0
14193,0
14194,1
14195,0
14196,0
14197,0
14198,4
14199,0
14200,0
14201,0
14202,0
14203,0
14204,0
14205,0
14206,3
14207,0
14208,0
14209,0
14210,0
14211,0
14212,0
14213,0
14214,1
14215,0
14216,1
14217,0
14218,0
14219,0
14220,0
14221,0
14222,0
14223,0
14224,0
14225,0
14226,0
14227,0
14228,1
14229,0
14230,0
14231,0
14232,1
14233,0
14234,0
14235,0
14236,0
14237,0
14238,0
14239,0
14240,0
14241,0
14242,3
14243,0
14244,0
14245,0
14246,0
14247,0
14248,0
14249,0
14250,0
14251,0
14252,1
14253,0
14254,0
14255,0
14256,0
14257,0
14258,0
14259,0
14260,0
14261,0
14262,0
14263,0
14264,0
14265,0
14266,0
14267,0
14268,0
14269,0
14270,0
14271,0
14272,0
14273,0
14274,1
14275,0
14276,1
14277,0
14278,0
14279,0
14280,0
14281,0
14282,2
14283,0
14284,0
14285,0
14286,0
14287,0
14288,0
14289,0
14290,0
14291,0
14292,1
14293,0
14294,0
14295,0
14296,0
14297,0
14298,1
14299,0
14300,1
14301,0
14302,1
14303,0
14304,1
14305,0
14306,0
14307,0
14308,0
14309,0
14310,0
14311,0
14312,1
14313,0
14314,1
14315,0
14316,0
14317,0
14318,0
14319,0
14320,0
14321,0
14322,2
14323,0
14324,0
14325,0
14326,0
14327,0
14328,0
14329,0
14330,0
14331,0
14332,0
14333,0
14334,1
14335,0
14336,0
14337,0
14338,1
14339,0
14340,0
14341,0
14342,0
14343,0
14344,0
14345,0
14346,0
14347,0
14348,1
14349,0
14350,0
14351,0
14352,0
14353,0
14354,0
14355,0
14356,0
14357,0
14358,0
14359,0
14360,0
14361,0
14362,0
14363,0
14364,0
14365,0
14366,0
14367,0
14368,0
14369,0
14370,1
14371,0
14372,0
14373,0
14374,0
14375,0
14376,0
14377,0
14378,0
14379,0
14380,0
14381,0
14382,0
14383,0
14384,0
14385,0
14386,2
14387,0
14388,0
14389,0
14390,0
14391,0
14392,0
14393,0
14394,1
14395,0
14396,0
14397,0
14398,0
14399,0
14400,0
14401,0
14402,0
14403,0
14404,0
14405,0
14406,0
14407,0
14408,2
14409,0
14410,0
14411,0
14412,0
14413,0
14414,0
14415,0
14416,0
14417,0
14418,0
14419,0
14420,1
14421,0
14422,0
14423,0
14424,1
14425,0
14426,1
14427,0
14428,0
14429,0
14430,0
14431,0
14432,0
14433,0
14434,0
14435,0
14436,0
14437,0
14438,0
14439,0
14440,0
14441,0
14442,0
14443,0
14444,0
14445,0
14446,1
14447,0
14448,0
14449,0
14450,0
14451,0
14452,0
14453,0
14454,2
14455,0
14456,0
14457,0
14458,0
14459,0
14460,0
14461,0
14462,0
14463,0
14464,0
14465,0
14466,0
14467,0
14468,0
14469,0
14470,0
14471,0
14472,0
14473,0
14474,2
14475,0
14476,0
14477,0
14478,0
14479,0
14480,0
14481,0
14482,1
14483,0
14484,0
14485,0
14486,0
14487,0
14488,1
14489,0
14490,0
14491,0
14492,0
14493,0
14494,0
14495,0
14496,0
14497,0
14498,0
14499,0
14500,0
14501,0
14502,0
14503,0
14504,0
14505,0
14506,2
14507,0
14508,0
14509,0
14510,0
14511,0
14512,1
14513,0
14514,1
14515,0
14516,0
14517,0
14518,1
14519,0
14520,0
14521,0
14522,2
14523,0
14524,1
14525,0
14526,0
14527,0
14528,0
14529,0
14530,1
14531,0
14532,0
14533,0
14534,0
14535,0
14536,1
14537,0
14538,0
14539,0
14540,1
14541,0
14542,0
14543,0
14544,0
14545,0
14546,0
14547,0
14548,0
14549,0
14550,0
14551,0
14552,0
14553,0
14554,0
14555,0
14556,1
14557,0
14558,1
14559,0
14560,0
14561,0
14562,1
14563,0
14564,0
14565,0
14566,1
14567,0
14568,0
14569,0
14570,0
14571,0
14572,0
14573,0
14574,0
14575,0
14576,0
14577,0
14578,1
14579,0
14580,0
14581,0
14582,0
14583,0
14584,0
14585,0
14586,0
14587,0
14588,0
14589,0
14590,0
14591,0
14592,0
14593,0
14594,1
14595,0
14596,0
14597,0
14598,1
14599,0
14600,2
14601,0
14602,0
14603,0
14604,0
14605,0
14606,1
14607,0
14608,0
14609,0
14610,0
14611,0
14612,0
14613,0
14614,0
14615,0
14616,0
14617,0
14618,0
14619,0
14620,0
14621,0
14622,0
14623,0
14624,0
14625,0
14626,0
14627,0
14628,0
14629,0
14630,0
14631,0
14632,0
14633,0
14634,0
14635,0
14636,1
14637,0
14638,0
14639,0
14640,0
14641,0
14642,0
14643,0
14644,0
14645,0
14646,0
14647,0
14648,0
14649,0
14650,0
14651,0
14652,0
14653,0
14654,1
14655,0
14656,0
14657,0
14658,0
14659,0
14660,0
14661,0
14662,0
14663,0
14664,1
14665,0
14666,0
14667,0
14668,0
14669,0
14670,1
14671,0
14672,0
14673,0
14674,1
14675,0
14676,0
14677,0
14678,0
14679,0
14680,0
14681,0
14682,1
14683,0
14684,0
14685,0
14686,0
14687,0
14688,0
14689,0
14690,0
14691,0
14692,0
14693,0
14694,0
14695,0
14696,0
14697,0
14698,1
14699,0
14700,0
14701,0
14702,0
14703,0
14704,0
14705,0
14706,0
14707,0
14708,0
14709,0
14710,1
14711,0
14712,0
14713,0
14714,3
14715,0
14716,0
14717,0
14718,0
14719,0
14720,0
14721,0
14722,0
14723,0
14724,0
14725,0
14726,0
14727,0
14728,0
14729,0
14730,1
14731,0
14732,0
14733,0
14734,0
14735,0
14736,0
14737,0
14738,0
14739,0
14740,0
14741,0
14742,0
14743,0
14744,0
14745,0
14746,0
14747,0
14748,0
14749,0
14750,0
14751,0
14752,0
14753,0
14754,1
14755,0
14756,0
14757,0
14758,0
14759,0
14760,0
14761,0
14762,2
14763,0
14764,0
14765,0
14766,0
14767,0
14768,0
14769,0
14770,0
14771,0
14772,1
14773,0
14774,0
14775,0
14776,0
14777,0
14778,0
14779,0
14780,0
14781,0
14782,0
14783,0
14784,0
14785,0
14786,1
14787,0
14788,0
14789,0
14790,0
14791,0
14792,4
14793,0
14794,1
14795,0
14796,1
14797,0
14798,0
14799,0
14800,0
14801,0
14802,1
14803,0
14804,0
14805,0
14806,0
14807,0
14808,0
14809,0
14810,0
14811,0
14812,0
14813,0
14814,1
14815,0
14816,1
14817,0
14818,1
14819,0
14820,0
14821,0
14822,0
14823,0
14824,0
14825,0
14826,0
14827,0
14828,0
14829,0
14830,0
14831,0
14832,0
14833,0
14834,0
14835,0
14836,1
14837,0
14838,0
14839,0
14840,0
14841,0
14842,0
14843,0
14844,0
14845,0
14846,0
14847,0
14848,0
14849,0
14850,0
14851,0
14852,0
14853,0
14854,0
14855,0
14856,1
14857,0
14858,0
14859,0
14860,0
14861,0
14862,0
14863,0
14864,0
14865,0
14866,0
14867,0
14868,1
14869,0
14870,1
14871,0
14872,0
14873,0
14874,3
14875,0
14876,0
14877,0
14878,0
14879,0
14880,0
14881,0
14882,0
14883,0
14884,0
14885,0
14886,1
14887,0
14888,0
14889,0
14890,1
14891,0
14892,0
14893,0
14894,0
14895,0
14896,1
14897,0
14898,0
14899,0
14900,0
14901,0
14902,0
14903,0
14904,0
14905,0
14906,4
14907,0
14908,1
14909,0
14910,1
14911,0
14912,0
14913,0
14914,0
14915,0
14916,0
14917,0
14918,0
14919,0
14920,0
14921,0
14922,0
14923,0
14924,0
14925,0
14926,0
14927,0
14928,0
14929,0
14930,0
14931,0
14932,1
14933,0
14934,0
14935,0
14936,0
14937,0
14938,0
14939,0
14940,0
14941,0
14942,0
14943,0
14944,0
14945,0
14946,0
14947,0
14948,0
14949,0
14950,0
14951,0
14952,0
14953,0
14954,0
14955,0
14956,0
14957,0
14958,0
14959,0
14960,0
14961,0
14962,0
14963,0
14964,0
14965,0
14966,1
14967,0
14968,0
14969,0
14970,0
14971,0
14972,0
14973,0
14974,0
14975,0
14976,0
14977,0
14978,0
14979,0
14980,0
14981,0
14982,0
14983,0
14984,0
14985,0
14986,0
14987,0
14988,0
14989,0
14990,1
14991,0
14992,1
14993,0
14994,0
14995,0
14996,1
14997,0
14998,0
14999,0
15000,0
15001,0
15002,0
15003,0
15004,0
15005,0
15006,0
15007,0
15008,0
15009,0
15010,1
15011,0
15012,0
15013,0
15014,0
15015,0
15016,0
15017,0
15018,0
15019,0
15020,0
15021,0
15022,1
15023,0
15024,0
15025,0
15026,0
15027,0
15028,0
15029,0
15030,1
15031,0
15032,0
15033,0
15034,3
15035,0
15036,1
15037,0
15038,0
15039,0
15040,0
15041,0
15042,1
15043,0
15044,0
15045,0
15046,0
15047,0
15048,0
15049,0
15050,1
15051,0
15052,0
15053,0
15054,0
15055,0
15056,0
15057,0
15058,0
15059,0
15060,1
15061,0
15062,0
15063,0
15064,0
15065,0
15066,0
15067,0
15068,0
15069,0
15070,0
15071,0
15072,0
15073,0
15074,0
15075,0
15076,0
15077,0
15078,0
15079,0
15080,0
15081,0
15082,0
15083,0
15084,0
15085,0
15086,0
15087,0
15088,0
15089,0
15090,1
15091,0
15092,0
15093,0
15094,0
15095,0
15096,0
15097,0
15098,0
15099,0
15100,0
15101,0
15102,0
15103,0
15104,0
15105,0
15106,0
15107,0
15108,0
15109,0
15110,0
15111,0
15112,1
15113,0
15114,0
15115,0
15116,0
15117,0
15118,0
15119,0
15120,0
15121,0
15122,1
15123,0
15124,2
15125,0
15126,0
15127,0
15128,2
15129,0
15130,0
15131,0
15132,1
15133,0
15134,1
15135,0
15136,0
15137,0
15138,1
15139,0
15140,0
15141,0
15142,0
15143,0
15144,0
15145,0
15146,0
15147,0
15148,0
15149,0
15150,0
15151,0
15152,0
15153,0
15154,0
15155,0
15156,0
15157,0
15158,0
15159,0
15160,0
15161,0
15162,0
15163,0
15164,0
15165,0
15166,0
15167,0
15168,0
15169,0
15170,0
15171,0
15172,1
15173,0
15174,0
15175,0
15176,0
15177,0
15178,0
15179,0
15180,0
15181,0
15182,0
15183,0
15184,0
15185,0
15186,0
15187,0
15188,0
15189,0
15190,0
15191,0
15192,0
15193,0
15194,0
15195,0
15196,0
15197,0
15198,0
15199,0
15200,0
15201,0
15202,0
15203,0
15204,0
15205,0
15206,0
15207,0
15208,0
15209,0
15210,0
15211,0
15212,1
15213,0
15214,0
15215,0
15216,1
15217,0
15218,0
15219,0
15220,0
15221,0
15222,1
15223,0
15224,0
15225,0
15226,2
15227,0
15228,1
15229,0
15230,0
15231,0
15232,1
15233,0
15234,0
15235,0
15236,0
15237,0
15238,0
15239,0
15240,0
15241,0
15242,1
15243,0
15244,0
15245,0
15246,0
15247,0
15248,0
15249,0
15250,0
15251,0
15252,0
15253,0
15254,0
15255,0
15256,0
15257,0
15258,0
15259,0
15260,1
15261,0
15262,0
15263,0
15264,0
15265,0
15266,2
15267,0
15268,0
15269,0
15270,0
15271,0
15272,0
15273,0
15274,0
15275,0
15276,2
15277,0
15278,0
15279,0
15280,0
15281,0
15282,0
15283,0
15284,0
15285,0
15286,1
15287,0
15288,0
15289,0
15290,0
15291,0
15292,0
15293,0
15294,0
15295,0
15296,0
15297,0
15298,2
15299,0
15300,0
15301,0
15302,0
15303,0
15304,3
15305,0
15306,0
15307,0
15308,0
15309,0
15310,0
15311,0
15312,0
15313,0
15314,2
15315,0
15316,1
15317,0
15318,1
15319,0
15320,0
15321,0
15322,0
15323,0
15324,0
15325,0
15326,1
15327,0
15328,0
15329,0
15330,0
15331,0
15332,0
15333,0
15334,0
15335,0
15336,0
15337,0
15338,1
15339,0
15340,0
15341,0
15342,0
15343,0
15344,1
15345,0
15346,1
15347,0
15348,0
15349,0
15350,1
15351,0
15352,0
15353,0
15354,1
15355,0
15356,1
15357,0
15358,2
15359,0
15360,0
15361,0
15362,0
15363,0
15364,0
15365,0
15366,0
15367,0
15368,1
15369,0
15370,1
15371,0
15372,1
15373,0
15374,0
15375,0
15376,0
15377,0
15378,1
15379,0
15380,0
15381,0
15382,2
15383,0
15384,0
15385,0
15386,0
15387,0
15388,1
15389,0
15390,1
15391,0
15392,0
15393,0
15394,0
15395,0
15396,0
15397,0
15398,2
15399,0
15400,1
15401,0
15402,0
15403,0
15404,0
15405,0
15406,0
15407,0
15408,0
15409,0
15410,0
15411,0
15412,1
15413,0
15414,1
15415,0
15416,0
15417,0
15418,0
15419,0
15420,0
15421,0
15422,1
15423,0
15424,0
15425,0
15426,0
15427,0
15428,0
15429,0
15430,2
15431,0
15432,0
15433,0
15434,1
15435,0
15436,0
15437,0
15438,1
15439,0
15440,0
15441,0
15442,0
15443,0
15444,0
15445,0
15446,0
15447,0
15448,0
15449,0
15450,1
15451,0
15452,0
15453,0
15454,0
15455,0
15456,0
15457,0
15458,1
15459,0
15460,0
15461,0
15462,0
15463,0
15464,0
15465,0
15466,1
15467,0
15468,0
15469,0
15470,0
15471,0
15472,0
15473,0
15474,0
15475,0
15476,1
15477,0
15478,1
15479,0
15480,0
15481,0
15482,1
15483,0
15484,0
15485,0
15486,0
15487,0
15488,2
15489,0
15490,0
15491,0
15492,0
15493,0
15494,0
15495,0
15496,0
15497,0
15498,0
15499,0
15500,0
15501,0
15502,0
15503,0
15504,0
15505,0
15506,0
15507,0
15508,0
15509,0
15510,0
15511,0
15512,0
15513,0
15514,0
15515,0
15516,0
15517,0
15518,1
15519,0
15520,0
15521,0
15522,0
15523,0
15524,0
15525,0
15526,0
15527,0
15528,0
15529,0
15530,0
15531,0
15532,0
15533,0
15534,1
15535,0
15536,1
15537,0
15538,0
15539,0
15540,0
15541,0
15542,1
15543,0
15544,0
15545,0
15546,0
15547,0
15548,0
15549,0
15550,0
15551,0
15552,0
15553,0
15554,0
15555,0
15556,0
15557,0
15558,0
15559,0
15560,0
15561,0
15562,0
15563,0
15564,0
15565,0
15566,0
15567,0
15568,0
15569,0
15570,1
15571,0
15572,0
15573,0
15574,0
15575,0
15576,0
15577,0
15578,0
15579,0
15580,0
15581,0
15582,0
15583,0
15584,0
15585,0
15586,1
15587,0
15588,0
15589,0
15590,0
15591,0
15592,0
15593,0
15594,0
15595,0
15596,0
15597,0
15598,0
15599,0
15600,0
15601,0
15602,0
15603,0
15604,1
15605,0
15606,0
15607,0
15608,0
15609,0
15610,0
15611,0
15612,0
15613,0
15614,0
15615,0
15616,0
15617,0
15618,0
15619,0
15620,0
15621,0
15622,0
15623,0
15624,0
15625,0
15626,0
15627,0
15628,0
15629,0
15630,0
15631,0
15632,0
15633,0
15634,0
15635,0
15636,0
15637,0
15638,0
15639,0
15640,0
15641,0
15642,0
15643,0
15644,0
15645,0
15646,0
15647,0
15648,0
15649,0
15650,1
15651,0
15652,0
15653,0
15654,0
15655,0
15656,0
15657,0
15658,1
15659,0
15660,1
15661,0
15662,0
15663,0
15664,0
15665,0
15666,0
15667,0
15668,0
15669,0
15670,0
15671,0
15672,0
15673,0
15674,0
15675,0
15676,0
15677,0
15678,0
15679,0
15680,0
15681,0
15682,0
15683,0
15684,0
15685,0
15686,0
15687,0
15688,0
15689,0
15690,0
15691,0
15692,0
15693,0
15694,0
15695,0
15696,0
15697,0
15698,0
15699,0
15700,0
15701,0
15702,0
15703,0
15704,0
15705,0
15706,0
15707,0
15708,1
15709,0
15710,0
15711,0
15712,0
15713,0
15714,2
15715,0
15716,0
15717,0
15718,0
15719,0
15720,0
15721,0
15722,1
15723,0
15724,0
15725,0
15726,0
15727,0
15728,0
15729,0
15730,0
15731,0
15732,0
15733,0
15734,0
15735,0
15736,0
15737,0
15738,0
15739,0
15740,0
15741,0
15742,0
15743,0
15744,1
15745,0
15746,0
15747,0
15748,0
15749,0
15750,0
15751,0
15752,1
15753,0
15754,0
15755,0
15756,1
15757,0
15758,0
15759,0
15760,0
15761,0
15762,0
15763,0
15764,0
15765,0
15766,0
15767,0
15768,1
15769,0
15770,0
15771,0
15772,0
15773,0
15774,0
15775,0
15776,0
15777,0
15778,0
15779,0
15780,0
15781,0
15782,0
15783,0
15784,1
15785,0
15786,0
15787,0
15788,0
15789,0
15790,0
15791,0
15792,0
15793,0
15794,2
15795,0
15796,0
15797,0
15798,1
15799,0
15800,0
15801,0
15802,1
15803,0
15804,1
15805,0
15806,0
15807,0
15808,1
15809,0
15810,0
15811,0
15812,0
15813,0
15814,0
15815,0
15816,1
15817,0
15818,0
15819,0
15820,0
15821,0
15822,0
15823,0
15824,0
15825,0
15826,0
15827,0
15828,0
15829,0
15830,1
15831,0
15832,0
15833,0
15834,0
15835,0
15836,0
15837,0
15838,0
15839,0
15840,0
15841,0
15842,0
15843,0
15844,0
15845,0
15846,0
15847,0
15848,0
15849,0
15850,0
15851,0
15852,1
15853,0
15854,1
15855,0
15856,0
15857,0
15858,0
15859,0
15860,0
15861,0
15862,0
15863,0
15864,0
15865,0
15866,1
15867,0
15868,0
15869,0
15870,2
15871,0
15872,0
15873,0
15874,1
15875,0
15876,0
15877,0
15878,0
15879,0
15880,2
15881,0
15882,0
15883,0
15884,0
15885,0
15886,0
15887,0
15888,0
15889,0
15890,0
15891,0
15892,0
15893,0
15894,0
15895,0
15896,1
15897,0
15898,0
15899,0
15900,0
15901,0
15902,0
15903,0
15904,0
15905,0
15906,1
15907,0
15908,0
15909,0
15910,0
15911,0
15912,1
15913,0
15914,0
15915,0
15916,0
15917,0
15918,0
15919,0
15920,0
15921,0
15922,0
15923,0
15924,0
15925,0
15926,0
15927,0
15928,0
15929,0
15930,0
15931,0
15932,2
15933,0
15934,2
15935,0
15936,0
15937,0
15938,0
15939,0
15940,0
15941,0
15942,1
15943,0
15944,0
15945,0
15946,0
15947,0
15948,0
15949,0
15950,0
15951,0
15952,0
15953,0
15954,0
15955,0
15956,0
15957,0
15958,0
15959,0
15960,0
15961,0
15962,0
15963,0
15964,0
15965,0
15966,0
15967,0
15968,0
15969,0
15970,1
15971,0
15972,0
15973,0
15974,0
15975,0
15976,0
15977,0
15978,2
15979,0
15980,0
15981,0
15982,0
15983,0
15984,0
15985,0
15986,1
15987,0
15988,0
15989,0
15990,0
15991,0
15992,0
15993,0
15994,1
15995,0
15996,0
15997,0
15998,2
15999,0
16000,0
16001,0
16002,0
16003,0
16004,0
16005,0
16006,0
16007,0
16008,1
16009,0
16010,1
16011,0
16012,0
16013,0
16014,0
16015,0
16016,0
16017,0
16018,3
16019,0
16020,0
16021,0
16022,0
16023,0
16024,0
16025,0
16026,1
16027,0
16028,0
16029,0
16030,0
16031,0
16032,0
16033,0
16034,0
16035,0
16036,0
16037,0
16038,1
16039,0
16040,0
16041,0
16042,0
16043,0
16044,0
16045,0
16046,0
16047,0
16048,0
16049,0
16050,1
16051,0
16052,0
16053,0
16054,1
16055,0
16056,0
16057,0
16058,1
16059,0
16060,0
16061,0
16062,0
16063,0
16064,0
16065,0
16066,2
16067,0
16068,0
16069,0
16070,0
16071,0
16072,1
16073,0
16074,0
16075,0
16076,0
16077,0
16078,0
16079,0
16080,0
16081,0
16082,0
16083,0
16084,0
16085,0
16086,1
16087,0
16088,0
16089,0
16090,1
16091,0
16092,1
16093,0
16094,3
16095,0
16096,0
16097,0
16098,0
16099,0
16100,0
16101,0
16102,1
16103,0
16104,1
16105,0
16106,0
16107,0
16108,0
16109,0
16110,2
16111,0
16112,0
16113,0
16114,0
16115,0
16116,0
16117,0
16118,2
16119,0
16120,0
16121,0
16122,0
16123,0
16124,0
16125,0
16126,0
16127,0
16128,0
16129,0
16130,1
16131,0
16132,0
16133,0
16134,0
16135,0
16136,1
16137,0
16138,0
16139,0
16140,0
16141,0
16142,0
16143,0
16144,0
16145,0
16146,0
16147,0
16148,0
16149,0
16150,0
16151,0
16152,0
16153,0
16154,0
16155,0
16156,0
16157,0
16158,1
16159,0
16160,1
16161,0
16162,1
16163,0
16164,0
16165,0
16166,1
16167,0
16168,1
16169,0
16170,0
16171,0
16172,1
16173,0
16174,0
16175,0
16176,0
16177,0
16178,0
16179,0
16180,0
16181,0
16182,0
16183,0
16184,1
16185,0
16186,0
16187,0
16188,0
16189,0
16190,0
16191,0
16192,0
16193,0
16194,0
16195,0
16196,0
16197,0
16198,0
16199,0
16200,0
16201,0
16202,0
16203,0
16204,0
16205,0
16206,0
16207,0
16208,0
16209,0
16210,0
16211,0
16212,0
16213,0
16214,0
16215,0
16216,0
16217,0
16218,1
16219,0
16220,0
16221,0
16222,0
16223,0
16224,1
16225,0
16226,0
16227,0
16228,0
16229,0
16230,1
16231,0
16232,0
16233,0
16234,0
16235,0
16236,0
16237,0
16238,0
16239,0
16240,0
16241,0
16242,1
16243,0
16244,0
16245,0
16246,1
16247,0
16248,0
16249,0
16250,0
16251,0
16252,1
16253,0
16254,1
16255,0
16256,0
16257,0
16258,0
16259,0
16260,0
16261,0
16262,0
16263,0
16264,0
16265,0
16266,0
16267,0
16268,0
16269,0
16270,0
16271,0
16272,2
16273,0
16274,0
16275,0
16276,0
16277,0
16278,0
16279,0
16280,0
16281,0
16282,1
16283,0
16284,1
16285,0
16286,0
16287,0
16288,2
16289,0
16290,0
16291,0
16292,0
16293,0
16294,0
16295,0
16296,0
16297,0
16298,0
16299,0
16300,0
16301,0
16302,0
16303,0
16304,0
16305,0
16306,0
16307,0
16308,0
16309,0
16310,1
16311,0
16312,0
16313,0
16314,0
16315,0
16316,0
16317,0
16318,0
16319,0
16320,0
16321,0
16322,0
16323,0
16324,0
16325,0
16326,0
16327,0
16328,0
16329,0
16330,0
16331,0
16332,0
16333,0
16334,0
16335,0
16336,0
16337,0
16338,0
16339,0
16340,0
16341,0
16342,0
16343,0
16344,1
16345,0
16346,0
16347,0
16348,0
16349,0
16350,0
16351,0
16352,0
16353,0
16354,0
16355,0
16356,0
16357,0
16358,0
16359,0
16360,0
16361,0
16362,0
16363,0
16364,0
16365,0
16366,0
16367,0
16368,0
16369,0
16370,0
16371,0
16372,0
16373,0
16374,2
16375,0
16376,1
16377,0
16378,1
16379,0
16380,1
16381,0
16382,0
16383,0
16384,0
16385,0
16386,2
16387,0
16388,0
16389,0
16390,0
16391,0
16392,2
16393,0
16394,2
16395,0
16396,2
16397,0
16398,0
16399,0
16400,0
16401,0
16402,3
16403,0
16404,2
16405,0
16406,2
16407,0
16408,0
16409,0
16410,2
16411,0
16412,6
16413,0
16414,5
16415,0
16416,0
16417,0
16418,5
16419,0
16420,1
16421,0
16422,0
16423,0
16424,0
16425,0
16426,1
16427,0
16428,3
16429,0
16430,2
16431,0
16432,1
16433,0
16434,3
16435,0
16436,0
16437,0
16438,0
16439,0
16440,0
16441,0
16442,1
16443,0
16444,1
16445,0
16446,3
16447,0
16448,1
16449,0
16450,4
16451,0
16452,0
16453,0
16454,2
16455,0
16456,0
16457,0
16458,4
16459,0
16460,0
16461,0
16462,0
16463,0
16464,0
16465,0
16466,0
16467,0
16468,2
16469,0
16470,1
16471,0
16472,1
16473,0
16474,5
16475,0
16476,0
16477,0
16478,1
16479,0
16480,2
16481,0
16482,2
16483,0
16484,1
16485,0
16486,3
16487,0
16488,2
16489,0
16490,2
16491,0
16492,2
16493,0
16494,0
16495,0
16496,0
16497,0
16498,2
16499,0
16500,0
16501,0
16502,0
16503,0
16504,0
16505,0
16506,0
16507,0
16508,5
16509,0
16510,1
16511,0
16512,3
16513,0
16514,1
16515,0
16516,1
16517,0
16518,2
16519,0
16520,1
16521,0
16522,1
16523,0
16524,1
16525,0
16526,3
16527,0
16528,2
16529,0
16530,1
16531,0
16532,2
16533,0
16534,0
16535,0
16536,1
16537,0
16538,2
16539,0
16540,3
16541,0
16542,2
16543,0
16544,1
16545,0
16546,1
16547,0
16548,0
16549,0
16550,2
16551,0
16552,1
16553,0
16554,2
16555,0
16556,2
16557,0
16558,5
16559,0
16560,0
16561,0
16562,0
16563,0
16564,0
16565,0
16566,2
16567,0
16568,2
16569,0
16570,3
16571,0
16572,5
16573,0
16574,4
16575,0
16576,1
16577,0
16578,4
16579,0
16580,0
16581,0
16582,1
16583,0
16584,1
16585,0
16586,4
16587,0
16588,2
16589,0
16590,2
16591,0
16592,1
16593,0
16594,0
16595,0
16596,1
16597,0
16598,3
16599,0
16600,0
16601,0
16602,2
16603,0
16604,2
16605,0
16606,3
16607,0
16608,0
16609,0
16610,1
16611,0
16612,0
16613,0
16614,1
16615,0
16616,2
16617,0
16618,1
16619,0
16620,1
16621,0
16622,4
16623,0
16624,0
16625,0
16626,1
16627,0
16628,1
16629,0
16630,1
16631,0
16632,2
16633,0
16634,1
16635,0
16636,2
16637,0
16638,4
16639,0
16640,0
16641,0
16642,1
16643,0
16644,1
16645,0
16646,3
16647,0
16648,3
16649,0
16650,2
16651,0
16652,2
16653,0
16654,3
16655,0
16656,0
16657,0
16658,2
16659,0
16660,3
16661,0
16662,0
16663,0
16664,2
16665,0
16666,1
16667,0
16668,4
16669,0
16670,2
16671,0
16672,1
16673,0
16674,4
16675,0
16676,2
16677,0
16678,1
16679,0
16680,3
16681,0
16682,1
16683,0
16684,0
16685,0
16686,2
16687,0
16688,0
16689,0
16690,2
16691,0
16692,0
16693,0
16694,0
16695,0
16696,2
16697,0
16698,2
16699,0
16700,1
16701,0
16702,6
16703,0
16704,0
16705,0
16706,4
16707,0
16708,0
16709,0
16710,2
16711,0
16712,2
16713,0
16714,4
16715,0
16716,3
16717,0
16718,3
16719,0
16720,0
16721,0
16722,2
16723,0
16724,0
16725,0
16726,0
16727,0
16728,2
16729,0
16730,3
16731,0
16732,3
16733,0
16734,3
16735,0
16736,0
16737,0
16738,1
16739,0
16740,1
16741,0
16742,0
16743,0
16744,1
16745,0
16746,2
16747,0
16748,1
16749,0
16750,2
16751,0
16752,2
16753,0
16754,1
16755,0
16756,0
16757,0
16758,1
16759,0
16760,0
16761,0
16762,3
16763,0
16764,6
16765,0
16766,6
16767,0
16768,2
16769,0
16770,2
16771,0
16772,0
16773,0
16774,1
16775,0
16776,0
16777,0
16778,2
16779,0
16780,1
16781,0
16782,1
16783,0
16784,0
16785,0
16786,3
16787,0
16788,0
16789,0
16790,2
16791,0
16792,1
16793,0
16794,6
16795,0
16796,2
16797,0
16798,2
16799,0
16800,0
16801,0
16802,5
16803,0
16804,0
16805,0
16806,0
16807,0
16808,0
16809,0
16810,2
16811,0
16812,1
16813,0
16814,0
16815,0
16816,0
16817,0
16818,1
16819,0
16820,0
16821,0
16822,3
16823,0
16824,1
16825,0
16826,4
16827,0
16828,4
16829,0
16830,4
16831,0
16832,3
16833,0
16834,4
16835,0
16836,2
16837,0
16838,0
16839,0
16840,2
16841,0
16842,0
16843,0
16844,1
16845,0
16846,0
16847,0
16848,1
16849,0
16850,1
16851,0
16852,1
16853,0
16854,0
16855,0
16856,0
16857,0
16858,2
16859,0
16860,2
16861,0
16862,2
16863,0
16864,2
16865,0
16866,2
16867,0
16868,0
16869,0
16870,2
16871,0
16872,2
16873,0
16874,1
16875,0
16876,1
16877,0
16878,0
16879,0
16880,0
16881,0
16882,1
16883,0
16884,2
16885,0
16886,1
16887,0
16888,2
16889,0
16890,6
16891,0
16892,3
16893,0
16894,0
16895,0
16896,0
16897,0
16898,7
16899,0
16900,1
16901,0
16902,1
16903,0
16904,2
16905,0
16906,4
16907,0
16908,0
16909,0
16910,0
16911,0
16912,1
16913,0
16914,2
16915,0
16916,1
16917,0
16918,4
16919,0
16920,0
16921,0
16922,1
16923,0
16924,5
16925,0
16926,3
16927,0
16928,3
16929,0
16930,2
16931,0
16932,1
16933,0
16934,3
16935,0
16936,0
16937,0
16938,1
16939,0
16940,3
16941,0
16942,2
16943,0
16944,1
16945,0
16946,1
16947,0
16948,1
16949,0
16950,0
16951,0
16952,2
16953,0
16954,4
16955,0
16956,1
16957,0
16958,2
16959,0
16960,3
16961,0
16962,1
16963,0
16964,2
16965,0
16966,0
16967,0
16968,5
16969,0
16970,1
16971,0
16972,3
16973,0
16974,2
16975,0
16976,1
16977,0
16978,1
16979,0
16980,2
16981,0
16982,0
16983,0
16984,2
16985,0
16986,1
16987,0
16988,4
16989,0
16990,3
16991,0
16992,1
16993,0
16994,2
16995,0
16996,0
16997,0
16998,2
16999,0
17000,0
17001,0
17002,2
17003,0
17004,1
17005,0
17006,2
17007,0
17008,1
17009,0
17010,2
17011,0
17012,0
17013,0
17014,4
17015,0
17016,2
17017,0
17018,0
17019,0
17020,2
17021,0
17022,5
17023,0
17024,1
17025,0
17026,3
17027,0
17028,0
17029,0
17030,3
17031,0
17032,3
17033,0
17034,2
17035,0
17036,2
17037,0
17038,1
17039,0
17040,2
17041,0
17042,2
17043,0
17044,0
17045,0
17046,2
17047,0
17048,2
17049,0
17050,2
17051,0
17052,1
17053,0
17054,6
17055,0
17056,1
17057,0
17058,2
17059,0
17060,2
17061,0
17062,1
17063,0
17064,2
17065,0
17066,2
17067,0
17068,3
17069,0
17070,3
17071,0
17072,3
17073,0
17074,0
17075,0
17076,4
17077,0
17078,3
17079,0
17080,4
17081,0
17082,3
17083,0
17084,6
17085,0
17086,1
17087,0
17088,0
17089,0
17090,1
17091,0
17092,2
17093,0
17094,0
17095,0
17096,3
17097,0
17098,3
17099,0
17100,4
17101,0
17102,0
17103,0
17104,0
17105,0
17106,0
17107,0
17108,2
17109,0
17110,1
17111,0
17112,1
17113,0
17114,3
17115,0
17116,1
17117,0
17118,4
17119,0
17120,0
17121,0
17122,1
17123,0
17124,1
17125,0
17126,0
17127,0
17128,1
17129,0
17130,3
17131,0
17132,6
17133,0
17134,3
17135,0
17136,0
17137,0
17138,1
17139,0
17140,1
17141,0
17142,0
17143,0
17144,2
17145,0
17146,3
17147,0
17148,1
17149,0
17150,3
17151,0
17152,0
17153,0
17154,3
17155,0
17156,3
17157,0
17158,1
17159,0
17160,0
17161,0
17162,4
17163,0
17164,1
17165,0
17166,2
17167,0
17168,3
17169,0
17170,3
17171,0
17172,4
17173,0
17174,3
17175,0
17176,2
17177,0
17178,4
17179,0
17180,5
17181,0
17182,1
17183,0
17184,0
17185,0
17186,2
17187,0
17188,1
17189,0
17190,0
17191,0
17192,1
17193,0
17194,0
17195,0
17196,1
17197,0
17198,3
17199,0
17200,1
17201,0
17202,3
17203,0
17204,1
17205,0
17206,0
17207,0
17208,2
17209,0
17210,6
17211,0
17212,7
17213,0
17214,6
17215,0
17216,1
17217,0
17218,2
17219,0
17220,0
17221,0
17222,3
17223,0
17224,2
17225,0
17226,0
17227,0
17228,0
17229,0
17230,0
17231,0
17232,1
17233,0
17234,2
17235,0
17236,2
17237,0
17238,0
17239,0
17240,1
17241,0
17242,1
17243,0
17244,1
17245,0
17246,2
17247,0
17248,2
17249,0
17250,0
17251,0
17252,1
17253,0
17254,1
17255,0
17256,1
17257,0
17258,0
17259,0
17260,1
17261,0
17262,2
17263,0
17264,0
17265,0
17266,2
17267,0
17268,4
17269,0
17270,1
17271,0
17272,0
17273,0
17274,2
17275,0
17276,4
17277,0
17278,4
17279,0
17280,0
17281,0
17282,2
17283,0
17284,0
17285,0
17286,2
17287,0
17288,3
17289,0
17290,4
17291,0
17292,3
17293,0
17294,1
17295,0
17296,4
17297,0
17298,5
17299,0
17300,1
17301,0
17302,0
17303,0
17304,0
17305,0
17306,2
17307,0
17308,3
17309,0
17310,6
17311,0
17312,1
17313,0
17314,2
17315,0
17316,0
17317,0
17318,2
17319,0
17320,1
17321,0
17322,0
17323,0
17324,2
17325,0
17326,3
17327,0
17328,0
17329,0
17330,0
17331,0
17332,2
17333,0
17334,1
17335,0
17336,1
17337,0
17338,2
17339,0
17340,1
17341,0
17342,4
17343,0
17344,1
17345,0
17346,2
17347,0
17348,0
17349,0
17350,0
17351,0
17352,5
17353,0
17354,0
17355,0
17356,1
17357,0
17358,1
17359,0
17360,3
17361,0
17362,3
17363,0
17364,1
17365,0
17366,1
17367,0
17368,0
17369,0
17370,2
17371,0
17372,0
17373,0
17374,4
17375,0
17376,0
17377,0
17378,2
17379,0
17380,1
17381,0
17382,0
17383,0
17384,1
17385,0
17386,0
17387,0
17388,3
17389,0
17390,4
17391,0
17392,2
17393,0
17394,2
17395,0
17396,0
17397,0
17398,6
17399,0
17400,1
17401,0
17402,2
17403,0
17404,2
17405,0
17406,6
17407,0
17408,2
17409,0
17410,1
17411,0
17412,1
17413,0
17414,1
17415,0
17416,3
17417,0
17418,1
17419,0
17420,1
17421,0
17422,2
17423,0
17424,4
17425,0
17426,0
17427,0
17428,2
17429,0
17430,2
17431,0
17432,2
17433,0
17434,3
17435,0
17436,2
17437,0
17438,3
17439,0
17440,0
17441,0
17442,1
17443,0
17444,1
17445,0
17446,0
17447,0
17448,0
17449,0
17450,4
17451,0
17452,2
17453,0
17454,2
17455,0
17456,2
17457,0
17458,1
17459,0
17460,2
17461,0
17462,3
17463,0
17464,1
17465,0
17466,0
17467,0
17468,0
17469,0
17470,2
17471,0
17472,4
17473,0
17474,1
17475,0
17476,0
17477,0
17478,1
17479,0
17480,1
17481,0
17482,1
17483,0
17484,3
17485,0
17486,1
17487,0
17488,1
17489,0
17490,0
17491,0
17492,0
17493,0
17494,1
17495,0
17496,2
17497,0
17498,2
17499,0
17500,2
17501,0
17502,2
17503,0
17504,2
17505,0
17506,3
17507,0
17508,0
17509,0
17510,0
17511,0
17512,2
17513,0
17514,1
17515,0
17516,5
17517,0
17518,0
17519,0
17520,3
17521,0
17522,2
17523,0
17524,1
17525,0
17526,1
17527,0
17528,3
17529,0
17530,3
17531,0
17532,5
17533,0
17534,6
17535,0
17536,0
17537,0
17538,2
17539,0
17540,0
17541,0
17542,2
17543,0
17544,1
17545,0
17546,1
17547,0
17548,4
17549,0
17550,2
17551,0
17552,0
17553,0
17554,4
17555,0
17556,1
17557,0
17558,1
17559,0
17560,2
17561,0
17562,4
17563,0
17564,3
17565,0
17566,4
17567,0
17568,1
17569,0
17570,1
17571,0
17572,0
17573,0
17574,2
17575,0
17576,2
17577,0
17578,2
17579,0
17580,2
17581,0
17582,3
17583,0
17584,0
17585,0
17586,1
17587,0
17588,0
17589,0
17590,2
17591,0
17592,2
17593,0
17594,3
17595,0
17596,2
17597,0
17598,4
17599,0
17600,0
17601,0
17602,3
17603,0
17604,1
17605,0
17606,1
17607,0
17608,0
17609,0
17610,1
17611,0
17612,1
17613,0
17614,1
17615,0
17616,1
17617,0
17618,4
17619,0
17620,1
17621,0
17622,2
17623,0
17624,0
17625,0
17626,1
17627,0
17628,1
17629,0
17630,6
17631,0
17632,1
17633,0
17634,2
17635,0
17636,1
17637,0
17638,1
17639,0
17640,1
17641,0
17642,2
17643,0
17644,3
17645,0
17646,3
17647,0
17648,1
17649,0
17650,2
17651,0
17652,0
17653,0
17654,2
17655,0
17656,0
17657,0
17658,3
17659,0
17660,3
17661,0
17662,3
17663,0
17664,0
17665,0
17666,1
17667,0
17668,1
17669,0
17670,5
17671,0
17672,1
17673,0
17674,0
17675,0
17676,3
17677,0
17678,0
17679,0
17680,3
17681,0
17682,2
17683,0
17684,2
17685,0
17686,2
17687,0
17688,0
17689,0
17690,4
17691,0
17692,2
17693,0
17694,0
17695,0
17696,0
17697,0
17698,1
17699,0
17700,0
17701,0
17702,1
17703,0
17704,1
17705,0
17706,0
17707,0
17708,4
17709,0
17710,3
17711,0
17712,1
17713,0
17714,6
17715,0
17716,0
17717,0
17718,2
17719,0
17720,1
17721,0
17722,1
17723,0
17724,1
17725,0
17726,4
17727,0
17728,0
17729,0
17730,5
17731,0
17732,1
17733,0
17734,5
17735,0
17736,3
17737,0
17738,1
17739,0
17740,4
17741,0
17742,2
17743,0
17744,0
17745,0
17746,2
17747,0
17748,4
17749,0
17750,3
17751,0
17752,1
17753,0
17754,1
17755,0
17756,2
17757,0
17758,3
17759,0
17760,0
17761,0
17762,4
17763,0
17764,2
17765,0
17766,3
17767,0
17768,1
17769,0
17770,1
17771,0
17772,3
17773,0
17774,2
17775,0
17776,1
17777,0
17778,2
17779,0
17780,3
17781,0
17782,3
17783,0
17784,1
17785,0
17786,2
17787,0
17788,3
17789,0
17790,7
17791,0
17792,2
17793,0
17794,1
17795,0
17796,1
17797,0
17798,3
17799,0
17800,6
17801,0
17802,1
17803,0
17804,0
17805,0
17806,2
17807,0
17808,1
17809,0
17810,0
17811,0
17812,1
17813,0
17814,2
17815,0
17816,1
17817,0
17818,3
17819,0
17820,3
17821,0
17822,4
17823,0
17824,1
17825,0
17826,2
17827,0
17828,3
17829,0
17830,0
17831,0
17832,1
17833,0
17834,5
17835,0
17836,3
17837,0
17838,1
17839,0
17840,0
17841,0
17842,4
17843,0
17844,0
17845,0
17846,0
17847,0
17848,0
17849,0
17850,2
17851,0
17852,5
17853,0
17854,4
17855,0
17856,0
17857,0
17858,2
17859,0
17860,0
17861,0
17862,2
17863,0
17864,2
17865,0
17866,0
17867,0
17868,4
17869,0
17870,2
17871,0
17872,2
17873,0
17874,7
17875,0
17876,1
17877,0
17878,2
17879,0
17880,2
17881,0
17882,3
17883,0
17884,6
17885,0
17886,5
17887,0
17888,2
17889,0
17890,4
17891,0
17892,0
17893,0
17894,1
17895,0
17896,2
17897,0
17898,0
17899,0
17900,0
17901,0
17902,3
17903,0
17904,1
17905,0
17906,1
17907,0
17908,2
17909,0
17910,3
17911,0
17912,1
17913,0
17914,1
17915,0
17916,1
17917,0
17918,3
17919,0
17920,1
17921,0
17922,3
17923,0
17924,1
17925,0
17926,3
17927,0
17928,2
17929,0
17930,2
17931,0
17932,5
17933,0
17934,2
17935,0
17936,1
17937,0
17938,6
17939,0
17940,0
17941,0
17942,5
17943,0
17944,1
17945,0
17946,4
17947,0
17948,1
17949,0
17950,4
17951,0
17952,1
17953,0
17954,6
17955,0
17956,1
17957,0
17958,1
17959,0
17960,1
17961,0
17962,2
17963,0
17964,0
17965,0
17966,5
17967,0
17968,1
17969,0
17970,3
17971,0
17972,2
17973,0
17974,0
17975,0
17976,2
17977,0
17978,1
17979,0
17980,3
17981,0
17982,4
17983,0
17984,1
17985,0
17986,3
17987,0
17988,1
17989,0
17990,2
17991,0
17992,4
17993,0
17994,2
17995,0
17996,1
17997,0
17998,2
17999,0
18000,4
18001,0
18002,6
18003,0
18004,2
18005,0
18006,1
18007,0
18008,3
18009,0
18010,2
18011,0
18012,0
18013,0
18014,4
18015,0
18016,0
18017,0
18018,1
18019,0
18020,1
18021,0
18022,3
18023,0
18024,1
18025,0
18026,3
18027,0
18028,4
18029,0
18030,3
18031,0
18032,0
18033,0
18034,3
18035,0
18036,4
18037,0
18038,3
18039,0
18040,2
18041,0
18042,4
18043,0
18044,2
18045,0
18046,5
18047,0
18048,0
18049,0
18050,1
18051,0
18052,0
18053,0
18054,3
18055,0
18056,0
18057,0
18058,2
18059,0
18060,1
18061,0
18062,0
18063,0
18064,1
18065,0
18066,4
18067,0
18068,2
18069,0
18070,4
18071,0
18072,0
18073,0
18074,1
18075,0
18076,1
18077,0
18078,1
18079,0
18080,2
18081,0
18082,7
18083,0
18084,0
18085,0
18086,1
18087,0
18088,0
18089,0
18090,3
18091,0
18092,2
18093,0
18094,4
18095,0
18096,2
18097,0
18098,1
18099,0
18100,0
18101,0
18102,1
18103,0
18104,1
18105,0
18106,5
18107,0
18108,2
18109,0
18110,5
18111,0
18112,0
18113,0
18114,6
18115,0
18116,0
18117,0
18118,6
18119,0
18120,2
18121,0
18122,4
18123,0
18124,0
18125,0
18126,6
18127,0
18128,0
18129,0
18130,4
18131,0
18132,2
18133,0
18134,0
18135,0
18136,2
18137,0
18138,2
18139,0
18140,7
18141,0
18142,4
18143,0
18144,1
18145,0
18146,3
18147,0
18148,0
18149,0
18150,5
18151,0
18152,0
18153,0
18154,1
18155,0
18156,2
18157,0
18158,0
18159,0
18160,0
18161,0
18162,4
18163,0
18164,1
18165,0
18166,2
18167,0
18168,1
18169,0
18170,2
18171,0
18172,3
18173,0
18174,6
18175,0
18176,0
18177,0
18178,2
18179,0
18180,1
18181,0
18182,2
18183,0
18184,1
18185,0
18186,1
18187,0
18188,3
18189,0
18190,2
18191,0
18192,1
18193,0
18194,4
18195,0
18196,2
18197,0
18198,3
18199,0
18200,0
18201,0
18202,2
18203,0
18204,4
18205,0
18206,4
18207,0
18208,2
18209,0
18210,4
18211,0
18212,1
18213,0
18214,2
18215,0
18216,0
18217,0
18218,1
18219,0
18220,2
18221,0
18222,3
18223,0
18224,2
18225,0
18226,1
18227,0
18228,1
18229,0
18230,2
18231,0
18232,0
18233,0
18234,0
18235,0
18236,3
18237,0
18238,4
18239,0
18240,3
18241,0
18242,5
18243,0
18244,3
18245,0
18246,1
18247,0
18248,4
18249,0
18250,2
18251,0
18252,3
18253,0
18254,3
18255,0
18256,1
18257,0
18258,4
18259,0
18260,0
18261,0
18262,1
18263,0
18264,1
18265,0
18266,1
18267,0
18268,2
18269,0
18270,5
18271,0
18272,2
18273,0
18274,5
18275,0
18276,2
18277,0
18278,0
18279,0
18280,1
18281,0
18282,5
18283,0
18284,4
18285,0
18286,1
18287,0
18288,2
18289,0
18290,2
18291,0
18292,2
18293,0
18294,1
18295,0
18296,1
18297,0
18298,2
18299,0
18300,3
18301,0
18302,2
18303,0
18304,1
18305,0
18306,0
18307,0
18308,0
18309,0
18310,2
18311,0
18312,2
18313,0
18314,0
18315,0
18316,3
18317,0
18318,1
18319,0
18320,2
18321,0
18322,5
18323,0
18324,1
18325,0
18326,2
18327,0
18328,1
18329,0
18330,2
18331,0
18332,4
18333,0
18334,2
18335,0
18336,1
18337,0
18338,1
18339,0
18340,2
18341,0
18342,3
18343,0
18344,2
18345,0
18346,1
18347,0
18348,1
18349,0
18350,6
18351,0
18352,1
18353,0
18354,2
18355,0
18356,2
18357,0
18358,3
18359,0
18360,2
18361,0
18362,1
18363,0
18364,2
18365,0
18366,4
18367,0
18368,0
18369,0
18370,3
18371,0
18372,0
18373,0
18374,7
18375,0
18376,2
18377,0
18378,6
18379,0
18380,4
18381,0
18382,3
18383,0
18384,1
18385,0
18386,1
18387,0
18388,0
18389,0
18390,0
18391,0
18392,2
18393,0
18394,2
18395,0
18396,4
18397,0
18398,6
18399,0
18400,1
18401,0
18402,3
18403,0
18404,1
18405,0
18406,0
18407,0
18408,2
18409,0
18410,1
18411,0
18412,3
18413,0
18414,2
18415,0
18416,3
18417,0
18418,4
18419,0
18420,1
18421,0
18422,3
18423,0
18424,0
18425,0
18426,1
18427,0
18428,5
18429,0
18430,8
18431,0
18432,0
18433,0
18434,5
18435,0
18436,1
18437,0
18438,2
18439,0
18440,1
18441,0
18442,3
18443,0
18444,0
18445,0
18446,1
18447,0
18448,0
18449,0
18450,2
18451,0
18452,0
18453,0
18454,1
18455,0
18456,2
18457,0
18458,0
18459,0
18460,3
18461,0
18462,0
18463,0
18464,1
18465,0
18466,1
18467,0
18468,0
18469,0
18470,2
18471,0
18472,0
18473,0
18474,1
18475,0
18476,1
18477,0
18478,0
18479,0
18480,0
18481,0
18482,3
18483,0
18484,0
18485,0
18486,1
18487,0
18488,0
18489,0
18490,1
18491,0
18492,1
18493,0
18494,2
18495,0
18496,1
18497,0
18498,3
18499,0
18500,0
18501,0
18502,3
18503,0
18504,0
18505,0
18506,3
18507,0
18508,0
18509,0
18510,2
18511,0
18512,0
18513,0
18514,3
18515,0
18516,2
18517,0
18518,0
18519,0
18520,1
18521,0
18522,1
18523,0
18524,4
18525,0
18526,7
18527,0
18528,0
18529,0
18530,3
18531,0
18532,0
18533,0
18534,3
18535,0
18536,0
18537,0
18538,2
18539,0
18540,1
18541,0
18542,3
18543,0
18544,1
18545,0
18546,2
18547,0
18548,0
18549,0
18550,2
18551,0
18552,2
18553,0
18554,2
18555,0
18556,2
18557,0
18558,3
18559,0
18560,1
18561,0
18562,0
18563,0
18564,1
18565,0
18566,0
18567,0
18568,2
18569,0
18570,2
18571,0
18572,0
18573,0
18574,1
18575,0
18576,0
18577,0
18578,2
18579,0
18580,2
18581,0
18582,1
18583,0
18584,1
18585,0
18586,1
18587,0
18588,3
18589,0
18590,2
18591,0
18592,0
18593,0
18594,2
18595,0
18596,0
18597,0
18598,1
18599,0
18600,1
18601,0
18602,1
18603,0
18604,2
18605,0
18606,2
18607,0
18608,0
18609,0
18610,2
18611,0
18612,0
18613,0
18614,3
18615,0
18616,1
18617,0
18618,4
18619,0
18620,1
18621,0
18622,3
18623,0
18624,0
18625,0
18626,2
18627,0
18628,2
18629,0
18630,2
18631,0
18632,2
18633,0
18634,1
18635,0
18636,2
18637,0
18638,2
18639,0
18640,1
18641,0
18642,1
18643,0
18644,0
18645,0
18646,1
18647,0
18648,0
18649,0
18650,1
18651,0
18652,0
18653,0
18654,1
18655,0
18656,1
18657,0
18658,1
18659,0
18660,0
18661,0
18662,1
18663,0
18664,0
18665,0
18666,1
18667,0
18668,1
18669,0
18670,0
18671,0
18672,2
18673,0
18674,0
18675,0
18676,2
18677,0
18678,1
18679,0
18680,0
18681,0
18682,1
18683,0
18684,1
18685,0
18686,0
18687,0
18688,1
18689,0
18690,1
18691,0
18692,1
18693,0
18694,2
18695,0
18696,1
18697,0
18698,2
18699,0
18700,3
18701,0
18702,3
18703,0
18704,2
18705,0
18706,5
18707,0
18708,1
18709,0
18710,1
18711,0
18712,1
18713,0
18714,1
18715,0
18716,1
18717,0
18718,4
18719,0
18720,0
18721,0
18722,2
18723,0
18724,0
18725,0
18726,1
18727,0
18728,1
18729,0
18730,1
18731,0
18732,2
18733,0
18734,1
18735,0
18736,0
18737,0
18738,0
18739,0
18740,0
18741,0
18742,1
18743,0
18744,1
18745,0
18746,1
18747,0
18748,1
18749,0
18750,3
18751,0
18752,1
18753,0
18754,1
18755,0
18756,1
18757,0
18758,0
18759,0
18760,1
18761,0
18762,0
18763,0
18764,2
18765,0
18766,1
18767,0
18768,2
18769,0
18770,0
18771,0
18772,0
18773,0
18774,0
18775,0
18776,0
18777,0
18778,2
18779,0
18780,4
18781,0
18782,4
18783,0
18784,0
18785,0
18786,1
18787,0
18788,0
18789,0
18790,0
18791,0
18792,1
18793,0
18794,0
18795,0
18796,2
18797,0
18798,2
18799,0
18800,2
18801,0
18802,2
18803,0
18804,1
18805,0
18806,0
18807,0
18808,0
18809,0
18810,3
18811,0
18812,0
18813,0
18814,1
18815,0
18816,0
18817,0
18818,5
18819,0
18820,1
18821,0
18822,3
18823,0
18824,2
18825,0
18826,1
18827,0
18828,2
18829,0
18830,0
18831,0
18832,0
18833,0
18834,4
18835,0
18836,1
18837,0
18838,3
18839,0
18840,3
18841,0
18842,2
18843,0
18844,4
18845,0
18846,3
18847,0
18848,1
18849,0
18850,3
18851,0
18852,0
18853,0
18854,1
18855,0
18856,1
18857,0
18858,5
18859,0
18860,3
18861,0
18862,0
18863,0
18864,0
18865,0
18866,0
18867,0
18868,0
18869,0
18870,3
18871,0
18872,1
18873,0
18874,4
18875,0
18876,1
18877,0
18878,1
18879,0
18880,2
18881,0
18882,4
18883,0
18884,0
18885,0
18886,1
18887,0
18888,3
18889,0
18890,4
18891,0
18892,0
18893,0
18894,2
18895,0
18896,0
18897,0
18898,1
18899,0
18900,1
18901,0
18902,0
18903,0
18904,0
18905,0
18906,1
18907,0
18908,2
18909,0
18910,4
18911,0
18912,0
18913,0
18914,3
18915,0
18916,0
18917,0
18918,0
18919,0
18920,0
18921,0
18922,0
18923,0
18924,1
18925,0
18926,0
18927,0
18928,3
18929,0
18930,3
18931,0
18932,0
18933,0
18934,3
18935,0
18936,0
18937,0
18938,1
18939,0
18940,2
18941,0
18942,2
18943,0
18944,0
18945,0
18946,3
18947,0
18948,1
18949,0
18950,0
18951,0
18952,5
18953,0
18954,1
18955,0
18956,0
18957,0
18958,0
18959,0
18960,0
18961,0
18962,1
18963,0
18964,2
18965,0
18966,2
18967,0
18968,2
18969,0
18970,1
18971,0
18972,3
18973,0
18974,5
18975,0
18976,0
18977,0
18978,3
18979,0
18980,1
18981,0
18982,1
18983,0
18984,2
18985,0
18986,1
18987,0
18988,1
18989,0
18990,1
18991,0
18992,2
18993,0
18994,2
18995,0
18996,0
18997,0
18998,2
18999,0
19000,3
19001,0
19002,2
19003,0
19004,1
19005,0
19006,4
19007,0
19008,1
19009,0
19010,1
19011,0
19012,0
19013,0
19014,3
19015,0
19016,1
19017,0
19018,1
19019,0
19020,3
19021,0
19022,3
19023,0
19024,0
19025,0
19026,0
19027,0
19028,1
19029,0
19030,0
19031,0
19032,0
19033,0
19034,1
19035,0
19036,2
19037,0
19038,2
19039,0
19040,1
19041,0
19042,3
19043,0
19044,0
19045,0
19046,2
19047,0
19048,2
19049,0
19050,4
19051,0
19052,1
19053,0
19054,2
19055,0
19056,0
19057,0
19058,3
19059,0
19060,1
19061,0
19062,3
19063,0
19064,0
19065,0
19066,2
19067,0
19068,2
19069,0
19070,3
19071,0
19072,1
19073,0
19074,5
19075,0
19076,1
19077,0
19078,2
19079,0
19080,1
19081,0
19082,2
19083,0
19084,1
19085,0
19086,2
19087,0
19088,1
19089,0
19090,2
19091,0
19092,4
19093,0
19094,1
19095,0
19096,2
19097,0
19098,1
19099,0
19100,2
19101,0
19102,2
19103,0
19104,0
19105,0
19106,3
19107,0
19108,0
19109,0
19110,1
19111,0
19112,0
19113,0
19114,2
19115,0
19116,3
19117,0
19118,2
19119,0
19120,1
19121,0
19122,2
19123,0
19124,1
19125,0
19126,2
19127,0
19128,1
19129,0
19130,1
19131,0
19132,0
19133,0
19134,1
19135,0
19136,1
19137,0
19138,5
19139,0
19140,1
19141,0
19142,2
19143,0
19144,0
19145,0
19146,2
19147,0
19148,0
19149,0
19150,1
19151,0
19152,2
19153,0
19154,3
19155,0
19156,2
19157,0
19158,3
19159,0
19160,0
19161,0
19162,2
19163,0
19164,2
19165,0
19166,3
19167,0
19168,1
19169,0
19170,5
19171,0
19172,0
19173,0
19174,1
19175,0
19176,0
19177,0
19178,1
19179,0
19180,4
19181,0
19182,3
19183,0
19184,0
19185,0
19186,2
19187,0
19188,0
19189,0
19190,0
19191,0
19192,1
19193,0
19194,5
19195,0
19196,2
19197,0
19198,4
19199,0
19200,1
19201,0
19202,3
19203,0
19204,2
19205,0
19206,1
19207,0
19208,3
19209,0
19210,1
19211,0
19212,0
19213,0
19214,1
19215,0
19216,1
19217,0
19218,1
19219,0
19220,0
19221,0
19222,0
19223,0
19224,1
19225,0
19226,0
19227,0
19228,5
19229,0
19230,3
19231,0
19232,0
19233,0
19234,1
19235,0
19236,0
19237,0
19238,1
19239,0
19240,0
19241,0
19242,1
19243,0
19244,1
19245,0
19246,0
19247,0
19248,0
19249,0
19250,0
19251,0
19252,0
19253,0
19254,2
19255,0
19256,1
19257,0
19258,3
19259,0
19260,4
19261,0
19262,2
19263,0
19264,0
19265,0
19266,3
19267,0
19268,0
19269,0
19270,1
19271,0
19272,3
19273,0
19274,1
19275,0
19276,2
19277,0
19278,0
19279,0
19280,1
19281,0
19282,2
19283,0
19284,2
19285,0
19286,0
19287,0
19288,1
19289,0
19290,1
19291,0
19292,2
19293,0
19294,3
19295,0
19296,0
19297,0
19298,2
19299,0
19300,0
19301,0
19302,1
19303,0
19304,1
19305,0
19306,1
19307,0
19308,2
19309,0
19310,1
19311,0
19312,1
19313,0
19314,4
19315,0
19316,0
19317,0
19318,0
19319,0
19320,0
19321,0
19322,2
19323,0
19324,3
19325,0
19326,3
19327,0
19328,2
19329,0
19330,4
19331,0
19332,0
19333,0
19334,2
19335,0
19336,0
19337,0
19338,3
19339,0
19340,1
19341,0
19342,3
19343,0
19344,1
19345,0
19346,0
19347,0
19348,3
19349,0
19350,0
19351,0
19352,1
19353,0
19354,2
19355,0
19356,4
19357,0
19358,4
19359,0
19360,0
19361,0
19362,3
19363,0
19364,0
19365,0
19366,2
19367,0
19368,1
19369,0
19370,2
19371,0
19372,5
19373,0
19374,2
19375,0
19376,1
19377,0
19378,2
19379,0
19380,0
19381,0
19382,2
19383,0
19384,2
19385,0
19386,1
19387,0
19388,3
19389,0
19390,4
19391,0
19392,0
19393,0
19394,2
19395,0
19396,1
19397,0
19398,1
19399,0
19400,3
19401,0
19402,3
19403,0
19404,1
19405,0
19406,1
19407,0
19408,0
19409,0
19410,1
19411,0
19412,1
19413,0
19414,1
19415,0
19416,0
19417,0
19418,1
19419,0
19420,3
19421,0
19422,6
19423,0
19424,0
19425,0
19426,1
19427,0
19428,0
19429,0
19430,2
19431,0
19432,3
19433,0
19434,1
19435,0
19436,0
19437,0
19438,3
19439,0
19440,0
19441,0
19442,2
19443,0
19444,1
19445,0
19446,0
19447,0
19448,1
19449,0
19450,2
19451,0
19452,2
19453,0
19454,2
19455,0
19456,0
19457,0
19458,3
19459,0
19460,1
19461,0
19462,1
19463,0
19464,2
19465,0
19466,1
19467,0
19468,2
19469,0
19470,1
19471,0
19472,2
19473,0
19474,7
19475,0
19476,2
19477,0
19478,2
19479,0
19480,3
19481,0
19482,1
19483,0
19484,2
19485,0
19486,3
19487,0
19488,2
19489,0
19490,1
19491,0
19492,1
19493,0
19494,0
19495,0
19496,2
19497,0
19498,3
19499,0
19500,3
19501,0
19502,1
19503,0
19504,1
19505,0
19506,1
19507,0
19508,1
19509,0
19510,1
19511,0
19512,1
19513,0
19514,2
19515,0
19516,4
19517,0
19518,3
19519,0
19520,1
19521,0
19522,1
19523,0
19524,1
19525,0
19526,1
19527,0
19528,5
19529,0
19530,0
19531,0
19532,1
19533,0
19534,2
19535,0
19536,1
19537,0
19538,0
19539,0
19540,2
19541,0
19542,0
19543,0
19544,0
19545,0
19546,2
19547,0
19548,0
19549,0
19550,4
19551,0
19552,2
19553,0
19554,3
19555,0
19556,0
19557,0
19558,3
19559,0
19560,0
19561,0
19562,1
19563,0
19564,0
19565,0
19566,1
19567,0
19568,0
19569,0
19570,2
19571,0
19572,0
19573,0
19574,0
19575,0
19576,3
19577,0
19578,1
19579,0
19580,7
19581,0
19582,4
19583,0
19584,3
19585,0
19586,1
19587,0
19588,1
19589,0
19590,2
19591,0
19592,0
19593,0
19594,3
19595,0
19596,0
19597,0
19598,3
19599,0
19600,3
19601,0
19602,7
19603,0
19604,1
19605,0
19606,1
19607,0
19608,0
19609,0
19610,2
19611,0
19612,1
19613,0
19614,2
19615,0
19616,1
19617,0
19618,3
19619,0
19620,0
19621,0
19622,1
19623,0
19624,2
19625,0
19626,0
19627,0
19628,3
19629,0
19630,1
19631,0
19632,0
19633,0
19634,5
19635,0
19636,1
19637,0
19638,1
19639,0
19640,0
19641,0
19642,3
19643,0
19644,2
19645,0
19646,3
19647,0
19648,0
19649,0
19650,3
19651,0
19652,0
19653,0
19654,2
19655,0
19656,0
19657,0
19658,0
19659,0
19660,2
19661,0
19662,2
19663,0
19664,1
19665,0
19666,1
19667,0
19668,2
19669,0
19670,2
19671,0
19672,2
19673,0
19674,2
19675,0
19676,1
19677,0
19678,3
19679,0
19680,0
19681,0
19682,3
19683,0
19684,1
19685,0
19686,2
19687,0
19688,1
19689,0
19690,1
19691,0
19692,2
19693,0
19694,2
19695,0
19696,1
19697,0
19698,2
19699,0
19700,1
19701,0
19702,1
19703,0
19704,0
19705,0
19706,1
19707,0
19708,4
19709,0
19710,4
19711,0
19712,0
19713,0
19714,1
19715,0
19716,1
19717,0
19718,0
19719,0
19720,0
19721,0
19722,3
19723,0
19724,3
19725,0
19726,0
19727,0
19728,4
19729,0
19730,2
19731,0
19732,2
19733,0
19734,1
19735,0
19736,1
19737,0
19738,2
19739,0
19740,3
19741,0
19742,6
19743,0
19744,0
19745,0
19746,0
19747,0
19748,0
19749,0
19750,1
19751,0
19752,2
19753,0
19754,1
19755,0
19756,0
19757,0
19758,2
19759,0
19760,0
19761,0
19762,2
19763,0
19764,3
19765,0
19766,0
19767,0
19768,1
19769,0
19770,1
19771,0
19772,5
19773,0
19774,2
19775,0
19776,2
19777,0
19778,5
19779,0
19780,0
19781,0
19782,1
19783,0
19784,5
19785,0
19786,2
19787,0
19788,0
19789,0
19790,2
19791,0
19792,0
19793,0
19794,1
19795,0
19796,2
19797,0
19798,1
19799,0
19800,1
19801,0
19802,1
19803,0
19804,2
19805,0
19806,5
19807,0
19808,0
19809,0
19810,6
19811,0
19812,0
19813,0
19814,2
19815,0
19816,2
19817,0
19818,2
19819,0
19820,4
19821,0
19822,1
19823,0
19824,2
19825,0
19826,2
19827,0
19828,2
19829,0
19830,6
19831,0
19832,2
19833,0
19834,2
19835,0
19836,2
19837,0
19838,3
19839,0
19840,1
19841,0
19842,5
19843,0
19844,1
19845,0
19846,1
19847,0
19848,1
19849,0
19850,2
19851,0
19852,2
19853,0
19854,0
19855,0
19856,2
19857,0
19858,2
19859,0
19860,0
19861,0
19862,1
19863,0
19864,0
19865,0
19866,3
19867,0
19868,1
19869,0
19870,1
19871,0
19872,0
19873,0
19874,2
19875,0
19876,0
19877,0
19878,0
19879,0
19880,2
19881,0
19882,1
19883,0
19884,4
19885,0
19886,3
19887,0
19888,1
19889,0
19890,1
19891,0
19892,2
19893,0
19894,2
19895,0
19896,2
19897,0
19898,2
19899,0
19900,2
19901,0
19902,5
19903,0
19904,0
19905,0
19906,5
19907,0
19908,0
19909,0
19910,0
19911,0
19912,3
19913,0
19914,2
19915,0
19916,1
19917,0
19918,1
19919,0
19920,0
19921,0
19922,2
19923,0
19924,3
19925,0
19926,1
19927,0
19928,2
19929,0
19930,2
19931,0
19932,1
19933,0
19934,2
19935,0
19936,0
19937,0
19938,1
19939,0
19940,0
19941,0
19942,0
19943,0
19944,0
19945,0
19946,1
19947,0
19948,2
19949,0
19950,2
19951,0
19952,2
19953,0
19954,0
19955,0
19956,1
19957,0
19958,1
19959,0
19960,1
19961,0
19962,5
19963,0
19964,3
19965,0
19966,6
19967,0
19968,2
19969,0
19970,4
19971,0
19972,0
19973,0
19974,1
19975,0
19976,1
19977,0
19978,1
19979,0
19980,1
19981,0
19982,3
19983,0
19984,2
19985,0
19986,3
19987,0
19988,1
19989,0
19990,1
19991,0
19992,0
19993,0
19994,1
19995,0
19996,1
19997,0
19998,2
19999,0
20000,1
20001,0
20002,1
20003,0
20004,2
20005,0
20006,1
20007,0
20008,5
20009,0
20010,1
20011,0
20012,2
20013,0
20014,0
20015,0
20016,0
20017,0
20018,1
20019,0
20020,1
20021,0
20022,1
20023,0
20024,1
20025,0
20026,1
20027,0
20028,1
20029,0
20030,6
20031,0
20032,0
20033,0
20034,1
20035,0
20036,1
20037,0
20038,0
20039,0
20040,3
20041,0
20042,0
20043,0
20044,1
20045,0
20046,2
20047,0
20048,0
20049,0
20050,2
20051,0
20052,2
20053,0
20054,1
20055,0
20056,3
20057,0
20058,1
20059,0
20060,2
20061,0
20062,3
20063,0
20064,1
20065,0
20066,3
20067,0
20068,0
20069,0
20070,0
20071,0
20072,1
20073,0
20074,0
20075,0
20076,2
20077,0
20078,4
20079,0
20080,0
20081,0
20082,0
20083,0
20084,0
20085,0
20086,1
20087,0
20088,1
20089,0
20090,0
20091,0
20092,2
20093,0
20094,1
20095,0
20096,1
20097,0
20098,4
20099,0
20100,0
20101,0
20102,0
20103,0
20104,1
20105,0
20106,1
20107,0
20108,0
20109,0
20110,2
20111,0
20112,5
20113,0
20114,1
20115,0
20116,2
20117,0
20118,0
20119,0
20120,0
20121,0
20122,3
20123,0
20124,3
20125,0
20126,4
20127,0
20128,0
20129,0
20130,4
20131,0
20132,2
20133,0
20134,0
20135,0
20136,1
20137,0
20138,2
20139,0
20140,2
20141,0
20142,0
20143,0
20144,0
20145,0
20146,2
20147,0
20148,1
20149,0
20150,1
20151,0
20152,2
20153,0
20154,2
20155,0
20156,3
20157,0
20158,1
20159,0
20160,1
20161,0
20162,2
20163,0
20164,0
20165,0
20166,2
20167,0
20168,1
20169,0
20170,1
20171,0
20172,1
20173,0
20174,1
20175,0
20176,0
20177,0
20178,2
20179,0
20180,2
20181,0
20182,1
20183,0
20184,2
20185,0
20186,4
20187,0
20188,1
20189,0
20190,3
20191,0
20192,0
20193,0
20194,3
20195,0
20196,1
20197,0
20198,0
20199,0
20200,1
20201,0
20202,2
20203,0
20204,2
20205,0
20206,1
20207,0
20208,0
20209,0
20210,1
20211,0
20212,1
20213,0
20214,0
20215,0
20216,1
20217,0
20218,3
20219,0
20220,4
20221,0
20222,6
20223,0
20224,0
20225,0
20226,0
20227,0
20228,1
20229,0
20230,0
20231,0
20232,3
20233,0
20234,2
20235,0
20236,1
20237,0
20238,1
20239,0
20240,0
20241,0
20242,2
20243,0
20244,1
20245,0
20246,2
20247,0
20248,0
20249,0
20250,1
20251,0
20252,3
20253,0
20254,4
20255,0
20256,0
20257,0
20258,5
20259,0
20260,0
20261,0
20262,0
20263,0
20264,2
20265,0
20266,4
20267,0
20268,1
20269,0
20270,2
20271,0
20272,4
20273,0
20274,0
20275,0
20276,1
20277,0
20278,2
20279,0
20280,2
20281,0
20282,6
20283,0
20284,4
20285,0
20286,3
20287,0
20288,2
20289,0
20290,2
20291,0
20292,1
20293,0
20294,2
20295,0
20296,1
20297,0
20298,3
20299,0
20300,2
20301,0
20302,1
20303,0
20304,1
20305,0
20306,0
20307,0
20308,1
20309,0
20310,2
20311,0
20312,1
20313,0
20314,3
20315,0
20316,3
20317,0
20318,3
20319,0
20320,0
20321,0
20322,3
20323,0
20324,0
20325,0
20326,1
20327,0
20328,2
20329,0
20330,2
20331,0
20332,1
20333,0
20334,1
20335,0
20336,1
20337,0
20338,2
20339,0
20340,6
20341,0
20342,5
20343,0
20344,2
20345,0
20346,0
20347,0
20348,3
20349,0
20350,6
20351,0
20352,1
20353,0
20354,2
20355,0
20356,0
20357,0
20358,2
20359,0
20360,2
20361,0
20362,0
20363,0
20364,0
20365,0
20366,0
20367,0
20368,0
20369,0
20370,0
20371,0
20372,1
20373,0
20374,0
20375,0
20376,1
20377,0
20378,4
20379,0
20380,4
20381,0
20382,2
20383,0
20384,0
20385,0
20386,4
20387,0
20388,0
20389,0
20390,1
20391,0
20392,0
20393,0
20394,4
20395,0
20396,4
20397,0
20398,2
20399,0
20400,2
20401,0
20402,2
20403,0
20404,0
20405,0
20406,0
20407,0
20408,1
20409,0
20410,2
20411,0
20412,2
20413,0
20414,3
20415,0
20416,1
20417,0
20418,0
20419,0
20420,0
20421,0
20422,0
20423,0
20424,0
20425,0
20426,0
20427,0
20428,1
20429,0
20430,2
20431,0
20432,1
20433,0
20434,1
20435,0
20436,1
20437,0
20438,1
20439,0
20440,3
20441,0
20442,2
20443,0
20444,3
20445,0
20446,2
20447,0
20448,0
20449,0
20450,0
20451,0
20452,1
20453,0
20454,2
20455,0
20456,1
20457,0
20458,2
20459,0
20460,1
20461,0
20462,1
20463,0
20464,1
20465,0
20466,1
20467,0
20468,0
20469,0
20470,1
20471,0
20472,0
20473,0
20474,1
20475,0
20476,3
20477,0
20478,4
20479,0
20480,0
20481,0
20482,0
20483,0
20484,0
20485,0
20486,2
20487,0
20488,2
20489,0
20490,0
20491,0
20492,1
20493,0
20494,1
20495,0
20496,0
20497,0
20498,3
20499,0
20500,1
20501,0
20502,0
20503,0
20504,1
20505,0
20506,0
20507,0
20508,0
20509,0
20510,5
20511,0
20512,1
20513,0
20514,5
20515,0
20516,0
20517,0
20518,2
20519,0
20520,1
20521,0
20522,1
20523,0
20524,2
20525,0
20526,1
20527,0
20528,0
20529,0
20530,0
20531,0
20532,2
20533,0
20534,0
20535,0
20536,0
20537,0
20538,2
20539,0
20540,1
20541,0
20542,2
20543,0
20544,1
20545,0
20546,3
20547,0
20548,1
20549,0
20550,0
20551,0
20552,1
20553,0
20554,0
20555,0
20556,5
20557,0
20558,0
20559,0
20560,1
20561,0
20562,1
20563,0
20564,2
20565,0
20566,2
20567,0
20568,0
20569,0
20570,5
20571,0
20572,2
20573,0
20574,2
20575,0
20576,1
20577,0
20578,3
20579,0
20580,0
20581,0
20582,2
20583,0
20584,1
20585,0
20586,0
20587,0
20588,1
20589,0
20590,1
20591,0
20592,1
20593,0
20594,3
20595,0
20596,1
20597,0
20598,3
20599,0
20600,2
20601,0
20602,3
20603,0
20604,1
20605,0
20606,2
20607,0
20608,1
20609,0
20610,6
20611,0
20612,1
20613,0
20614,1
20615,0
20616,1
20617,0
20618,1
20619,0
20620,3
20621,0
20622,1
20623,0
20624,1
20625,0
20626,0
20627,0
20628,1
20629,0
20630,3
20631,0
20632,0
20633,0
20634,2
20635,0
20636,3
20637,0
20638,1
20639,0
20640,0
20641,0
20642,2
20643,0
20644,0
20645,0
20646,1
20647,0
20648,1
20649,0
20650,1
20651,0
20652,2
20653,0
20654,0
20655,0
20656,1
20657,0
20658,4
20659,0
20660,0
20661,0
20662,3
20663,0
20664,0
20665,0
20666,2
20667,0
20668,1
20669,0
20670,5
20671,0
20672,0
20673,0
20674,2
20675,0
20676,0
20677,0
20678,3
20679,0
20680,1
20681,0
20682,2
20683,0
20684,2
20685,0
20686,0
20687,0
20688,2
20689,0
20690,2
20691,0
20692,3
20693,0
20694,0
20695,0
20696,1
20697,0
20698,4
20699,0
20700,1
20701,0
20702,2
20703,0
20704,0
20705,0
20706,4
20707,0
20708,1
20709,0
20710,2
20711,0
20712,0
20713,0
20714,3
20715,0
20716,1
20717,0
20718,0
20719,0
20720,1
20721,0
20722,3
20723,0
20724,2
20725,0
20726,2
20727,0
20728,0
20729,0
20730,2
20731,0
20732,1
20733,0
20734,3
20735,0
20736,0
20737,0
20738,4
20739,0
20740,0
20741,0
20742,2
20743,0
20744,2
20745,0
20746,0
20747,0
20748,2
20749,0
20750,1
20751,0
20752,1
20753,0
20754,2
20755,0
20756,3
20757,0
20758,3
20759,0
20760,2
20761,0
20762,2
20763,0
20764,1
20765,0
20766,2
20767,0
20768,2
20769,0
20770,0
20771,0
20772,2
20773,0
20774,1
20775,0
20776,0
20777,0
20778,1
20779,0
20780,1
20781,0
20782,0
20783,0
20784,0
20785,0
20786,1
20787,0
20788,2
20789,0
20790,1
20791,0
20792,1
20793,0
20794,1
20795,0
20796,1
20797,0
20798,2
20799,0
20800,0
20801,0
20802,2
20803,0
20804,2
20805,0
20806,0
20807,0
20808,0
20809,0
20810,1
20811,0
20812,0
20813,0
20814,1
20815,0
20816,1
20817,0
20818,0
20819,0
20820,1
20821,0
20822,0
20823,0
20824,1
20825,0
20826,3
20827,0
20828,3
20829,0
20830,3
20831,0
20832,0
20833,0
20834,0
20835,0
20836,0
20837,0
20838,2
20839,0
20840,3
20841,0
20842,1
20843,0
20844,0
20845,0
20846,1
20847,0
20848,0
20849,0
20850,4
20851,0
20852,1
20853,0
20854,3
20855,0
20856,2
20857,0
20858,6
20859,0
20860,2
20861,0
20862,5
20863,0
20864,2
20865,0
20866,0
20867,0
20868,0
20869,0
20870,2
20871,0
20872,1
20873,0
20874,4
20875,0
20876,0
20877,0
20878,0
20879,0
20880,0
20881,0
20882,1
20883,0
20884,2
20885,0
20886,1
20887,0
20888,0
20889,0
20890,2
20891,0
20892,2
20893,0
20894,3
20895,0
20896,0
20897,0
20898,1
20899,0
20900,1
20901,0
20902,2
20903,0
20904,0
20905,0
20906,1
20907,0
20908,0
20909,0
20910,1
20911,0
20912,1
20913,0
20914,1
20915,0
20916,0
20917,0
20918,0
20919,0
20920,0
20921,0
20922,2
20923,0
20924,2
20925,0
20926,2
20927,0
20928,1
20929,0
20930,7
20931,0
20932,0
20933,0
20934,0
20935,0
20936,4
20937,0
20938,1
20939,0
20940,2
20941,0
20942,1
20943,0
20944,1
20945,0
20946,0
20947,0
20948,1
20949,0
20950,1
20951,0
20952,1
20953,0
20954,3
20955,0
20956,2
20957,0
20958,6
20959,0
20960,0
20961,0
20962,3
20963,0
20964,1
20965,0
20966,2
20967,0
20968,1
20969,0
20970,2
20971,0
20972,3
20973,0
20974,0
20975,0
20976,1
20977,0
20978,0
20979,0
20980,0
20981,0
20982,2
20983,0
20984,0
20985,0
20986,3
20987,0
20988,1
20989,0
20990,2
20991,0
20992,0
20993,0
20994,4
20995,0
20996,1
20997,0
20998,0
20999,0
21000,1
21001,0
21002,0
21003,0
21004,2
21005,0
21006,1
21007,0
21008,1
21009,0
21010,1
21011,0
21012,2
21013,0
21014,1
21015,0
21016,1
21017,0
21018,3
21019,0
21020,3
21021,0
21022,5
21023,0
21024,1
21025,0
21026,2
21027,0
21028,0
21029,0
21030,1
21031,0
21032,1
21033,0
21034,2
21035,0
21036,0
21037,0
21038,2
21039,0
21040,1
21041,0
21042,3
21043,0
21044,1
21045,0
21046,1
21047,0
21048,0
21049,0
21050,3
21051,0
21052,2
21053,0
21054,1
21055,0
21056,0
21057,0
21058,1
21059,0
21060,0
21061,0
21062,3
21063,0
21064,2
21065,0
21066,3
21067,0
21068,2
21069,0
21070,1
21071,0
21072,2
21073,0
21074,1
21075,0
21076,1
21077,0
21078,2
21079,0
21080,1
21081,0
21082,2
21083,0
21084,5
21085,0
21086,4
21087,0
21088,0
21089,0
21090,1
21091,0
21092,1
21093,0
21094,1
21095,0
21096,1
21097,0
21098,1
21099,0
21100,2
21101,0
21102,0
21103,0
21104,0
21105,0
21106,1
21107,0
21108,2
21109,0
21110,0
21111,0
21112,1
21113,0
21114,2
21115,0
21116,5
21117,0
21118,3
21119,0
21120,0
21121,0
21122,3
21123,0
21124,0
21125,0
21126,3
21127,0
21128,0
21129,0
21130,3
21131,0
21132,1
21133,0
21134,2
21135,0
21136,0
21137,0
21138,1
21139,0
21140,0
21141,0
21142,0
21143,0
21144,0
21145,0
21146,2
21147,0
21148,3
21149,0
21150,5
21151,0
21152,0
21153,0
21154,1
21155,0
21156,1
21157,0
21158,1
21159,0
21160,2
21161,0
21162,6
21163,0
21164,2
21165,0
21166,3
21167,0
21168,0
21169,0
21170,0
21171,0
21172,0
21173,0
21174,0
21175,0
21176,2
21177,0
21178,4
21179,0
21180,2
21181,0
21182,0
21183,0
21184,0
21185,0
21186,1
21187,0
21188,2
21189,0
21190,0
21191,0
21192,3
21193,0
21194,1
21195,0
21196,1
21197,0
21198,4
21199,0
21200,2
21201,0
21202,1
21203,0
21204,1
21205,0
21206,2
21207,0
21208,1
21209,0
21210,1
21211,0
21212,3
21213,0
21214,4
21215,0
21216,0
21217,0
21218,3
21219,0
21220,0
21221,0
21222,1
21223,0
21224,0
21225,0
21226,1
21227,0
21228,5
21229,0
21230,2
21231,0
21232,1
21233,0
21234,2
21235,0
21236,2
21237,0
21238,0
21239,0
21240,1
21241,0
21242,0
21243,0
21244,1
21245,0
21246,7
21247,0
21248,0
21249,0
21250,1
21251,0
21252,0
21253,0
21254,3
21255,0
21256,1
21257,0
21258,2
21259,0
21260,2
21261,0
21262,1
21263,0
21264,1
21265,0
21266,2
21267,0
21268,0
21269,0
21270,0
21271,0
21272,0
21273,0
21274,2
21275,0
21276,5
21277,0
21278,4
21279,0
21280,3
21281,0
21282,1
21283,0
21284,0
21285,0
21286,0
21287,0
21288,0
21289,0
21290,2
21291,0
21292,2
21293,0
21294,3
21295,0
21296,0
21297,0
21298,2
21299,0
21300,3
21301,0
21302,4
21303,0
21304,0
21305,0
21306,1
21307,0
21308,1
21309,0
21310,3
21311,0
21312,1
21313,0
21314,1
21315,0
21316,0
21317,0
21318,0
21319,0
21320,1
21321,0
21322,1
21323,0
21324,2
21325,0
21326,1
21327,0
21328,0
21329,0
21330,2
21331,0
21332,1
21333,0
21334,0
21335,0
21336,0
21337,0
21338,4
21339,0
21340,3
21341,0
21342,3
21343,0
21344,2
21345,0
21346,1
21347,0
21348,0
21349,0
21350,0
21351,0
21352,1
21353,0
21354,0
21355,0
21356,2
21357,0
21358,2
21359,0
21360,1
21361,0
21362,1
21363,0
21364,1
21365,0
21366,2
21367,0
21368,2
21369,0
21370,1
21371,0
21372,2
21373,0
21374,4
21375,0
21376,1
21377,0
21378,5
21379,0
21380,0
21381,0
21382,1
21383,0
21384,3
21385,0
21386,2
21387,0
21388,3
21389,0
21390,0
21391,0
21392,2
21393,0
21394,1
21395,0
21396,1
21397,0
21398,1
21399,0
21400,1
21401,0
21402,0
21403,0
21404,1
21405,0
21406,2
21407,0
21408,1
21409,0
21410,2
21411,0
21412,1
21413,0
21414,0
21415,0
21416,0
21417,0
21418,0
21419,0
21420,3
21421,0
21422,3
21423,0
21424,0
21425,0
21426,2
21427,0
21428,1
21429,0
21430,4
21431,0
21432,0
21433,0
21434,1
21435,0
21436,3
21437,0
21438,6
21439,0
21440,0
21441,0
21442,1
21443,0
21444,1
21445,0
21446,3
21447,0
21448,2
21449,0
21450,2
21451,0
21452,0
21453,0
21454,1
21455,0
21456,2
21457,0
21458,1
21459,0
21460,1
21461,0
21462,3
21463,0
21464,2
21465,0
21466,4
21467,0
21468,2
21469,0
21470,3
21471,0
21472,1
21473,0
21474,1
21475,0
21476,1
21477,0
21478,1
21479,0
21480,0
21481,0
21482,3
21483,0
21484,1
21485,0
21486,0
21487,0
21488,0
21489,0
21490,3
21491,0
21492,1
21493,0
21494,2
21495,0
21496,2
21497,0
21498,0
21499,0
21500,2
21501,0
21502,3
21503,0
21504,1
21505,0
21506,2
21507,0
21508,0
21509,0
21510,1
21511,0
21512,4
21513,0
21514,3
21515,0
21516,2
21517,0
21518,1
21519,0
21520,1
21521,0
21522,1
21523,0
21524,0
21525,0
21526,1
21527,0
21528,2
21529,0
21530,3
21531,0
21532,5
21533,0
21534,1
21535,0
21536,3
21537,0
21538,2
21539,0
21540,0
21541,0
21542,2
21543,0
21544,0
21545,0
21546,1
21547,0
21548,1
21549,0
21550,4
21551,0
21552,0
21553,0
21554,2
21555,0
21556,0
21557,0
21558,2
21559,0
21560,1
21561,0
21562,2
21563,0
21564,5
21565,0
21566,1
21567,0
21568,0
21569,0
21570,6
21571,0
21572,3
21573,0
21574,1
21575,0
21576,2
21577,0
21578,0
21579,0
21580,3
21581,0
21582,0
21583,0
21584,0
21585,0
21586,1
21587,0
21588,0
21589,0
21590,0
21591,0
21592,1
21593,0
21594,3
21595,0
21596,2
21597,0
21598,3
21599,0
21600,0
21601,0
21602,5
21603,0
21604,0
21605,0
21606,0
21607,0
21608,0
21609,0
21610,2
21611,0
21612,1
21613,0
21614,1
21615,0
21616,0
21617,0
21618,0
21619,0
21620,0
21621,0
21622,1
21623,0
21624,1
21625,0
21626,1
21627,0
21628,2
21629,0
21630,4
21631,0
21632,0
21633,0
21634,3
21635,0
21636,1
21637,0
21638,2
21639,0
21640,1
21641,0
21642,2
21643,0
21644,2
21645,0
21646,1
21647,0
21648,1
21649,0
21650,1
21651,0
21652,4
21653,0
21654,0
21655,0
21656,0
21657,0
21658,5
21659,0
21660,2
21661,0
21662,0
21663,0
21664,0
21665,0
21666,1
21667,0
21668,0
21669,0
21670,2
21671,0
21672,2
21673,0
21674,1
21675,0
21676,4
21677,0
21678,1
21679,0
21680,0
21681,0
21682,0
21683,0
21684,1
21685,0
21686,2
21687,0
21688,3
21689,0
21690,4
21691,0
21692,3
21693,0
21694,4
21695,0
21696,1
21697,0
21698,3
21699,0
21700,0
21701,0
21702,3
21703,0
21704,1
21705,0
21706,4
21707,0
21708,5
21709,0
21710,0
21711,0
21712,2
21713,0
21714,2
21715,0
21716,1
21717,0
21718,0
21719,0
21720,2
21721,0
21722,2
21723,0
21724,6
21725,0
21726,3
21727,0
21728,1
21729,0
21730,3
21731,0
21732,1
21733,0
21734,0
21735,0
21736,3
21737,0
21738,2
21739,0
21740,2
21741,0
21742,0
21743,0
21744,1
21745,0
21746,0
21747,0
21748,0
21749,0
21750,2
21751,0
21752,1
21753,0
21754,3
21755,0
21756,3
21757,0
21758,5
21759,0
21760,0
21761,0
21762,3
21763,0
21764,0
21765,0
21766,0
21767,0
21768,6
21769,0
21770,0
21771,0
21772,4
21773,0
21774,0
21775,0
21776,0
21777,0
21778,1
21779,0
21780,1
21781,0
21782,0
21783,0
21784,1
21785,0
21786,3
21787,0
21788,1
21789,0
21790,1
21791,0
21792,0
21793,0
21794,3
21795,0
21796,0
21797,0
21798,1
21799,0
21800,1
21801,0
21802,2
21803,0
21804,2
21805,0
21806,1
21807,0
21808,0
21809,0
21810,2
21811,0
21812,0
21813,0
21814,0
21815,0
21816,1
21817,0
21818,2
21819,0
21820,3
21821,0
21822,4
21823,0
21824,1
21825,0
21826,3
21827,0
21828,0
21829,0
21830,1
21831,0
21832,1
21833,0
21834,1
21835,0
21836,0
21837,0
21838,1
21839,0
21840,0
21841,0
21842,2
21843,0
21844,2
21845,0
21846,4
21847,0
21848,1
21849,0
21850,1
21851,0
21852,3
21853,0
21854,6
21855,0
21856,1
21857,0
21858,3
21859,0
21860,0
21861,0
21862,2
21863,0
21864,0
21865,0
21866,0
21867,0
21868,1
21869,0
21870,0
21871,0
21872,0
21873,0
21874,0
21875,0
21876,0
21877,0
21878,1
21879,0
21880,0
21881,0
21882,5
21883,0
21884,0
21885,0
21886,5
21887,0
21888,0
21889,0
21890,1
21891,0
21892,0
21893,0
21894,0
21895,0
21896,2
21897,0
21898,0
21899,0
21900,6
21901,0
21902,2
21903,0
21904,0
21905,0
21906,0
21907,0
21908,2
21909,0
21910,2
21911,0
21912,1
21913,0
21914,1
21915,0
21916,1
21917,0
21918,1
21919,0
21920,1
21921,0
21922,3
21923,0
21924,0
21925,0
21926,0
21927,0
21928,0
21929,0
21930,3
21931,0
21932,1
21933,0
21934,2
21935,0
21936,1
21937,0
21938,3
21939,0
21940,1
21941,0
21942,0
21943,0
21944,2
21945,0
21946,0
21947,0
21948,3
21949,0
21950,5
21951,0
21952,0
21953,0
21954,0
21955,0
21956,0
21957,0
21958,0
21959,0
21960,1
21961,0
21962,2
21963,0
21964,0
21965,0
21966,0
21967,0
21968,1
21969,0
21970,1
21971,0
21972,2
21973,0
21974,0
21975,0
21976,0
21977,0
21978,1
21979,0
21980,1
21981,0
21982,4
21983,0
21984,0
21985,0
21986,2
21987,0
21988,1
21989,0
21990,2
21991,0
21992,1
21993,0
21994,6
21995,0
21996,0
21997,0
21998,1
21999,0
22000,0
22001,0
22002,0
22003,0
22004,0
22005,0
22006,1
22007,0
22008,0
22009,0
22010,3
22011,0
22012,1
22013,0
22014,4
22015,0
22016,0
22017,0
22018,3
22019,0
22020,1
22021,0
22022,1
22023,0
22024,1
22025,0
22026,2
22027,0
22028,3
22029,0
22030,2
22031,0
22032,1
22033,0
22034,1
22035,0
22036,3
22037,0
22038,1
22039,0
22040,1
22041,0
22042,2
22043,0
22044,1
22045,0
22046,5
22047,0
22048,1
22049,0
22050,2
22051,0
22052,3
22053,0
22054,3
22055,0
22056,2
22057,0
22058,2
22059,0
22060,1
22061,0
22062,0
22063,0
22064,1
22065,0
22066,1
22067,0
22068,1
22069,0
22070,2
22071,0
22072,1
22073,0
22074,3
22075,0
22076,4
22077,0
22078,3
22079,0
22080,0
22081,0
22082,5
22083,0
22084,0
22085,0
22086,1
22087,0
22088,0
22089,0
22090,2
22091,0
22092,2
22093,0
22094,0
22095,0
22096,0
22097,0
22098,1
22099,0
22100,0
22101,0
22102,0
22103,0
22104,0
22105,0
22106,3
22107,0
22108,4
22109,0
22110,1
22111,0
22112,0
22113,0
22114,2
22115,0
22116,1
22117,0
22118,3
22119,0
22120,0
22121,0
22122,6
22123,0
22124,2
22125,0
22126,2
22127,0
22128,0
22129,0
22130,3
22131,0
22132,2
22133,0
22134,1
22135,0
22136,1
22137,0
22138,5
22139,0
22140,1
22141,0
22142,1
22143,0
22144,1
22145,0
22146,5
22147,0
22148,1
22149,0
22150,1
22151,0
22152,1
22153,0
22154,1
22155,0
22156,2
22157,0
22158,1
22159,0
22160,1
22161,0
22162,2
22163,0
22164,0
22165,0
22166,2
22167,0
22168,0
22169,0
22170,4
22171,0
22172,0
22173,0
22174,2
22175,0
22176,0
22177,0
22178,0
22179,0
22180,0
22181,0
22182,0
22183,0
22184,0
22185,0
22186,0
22187,0
22188,1
22189,0
22190,1
22191,0
22192,0
22193,0
22194,3
22195,0
22196,0
22197,0
22198,2
22199,0
22200,2
22201,0
22202,2
22203,0
22204,2
22205,0
22206,2
22207,0
22208,2
22209,0
22210,4
22211,0
22212,1
22213,0
22214,3
22215,0
22216,2
22217,0
22218,0
22219,0
22220,3
22221,0
22222,1
22223,0
22224,4
22225,0
22226,2
22227,0
22228,3
22229,0
22230,2
22231,0
22232,0
22233,0
22234,2
22235,0
22236,6
22237,0
22238,3
22239,0
22240,0
22241,0
22242,2
22243,0
22244,1
22245,0
22246,0
22247,0
22248,0
22249,0
22250,1
22251,0
22252,4
22253,0
22254,1
22255,0
22256,3
22257,0
22258,2
22259,0
22260,0
22261,0
22262,2
22263,0
22264,0
22265,0
22266,3
22267,0
22268,4
22269,0
22270,6
22271,0
22272,0
22273,0
22274,2
22275,0
22276,1
22277,0
22278,1
22279,0
22280,1
22281,0
22282,2
22283,0
22284,2
22285,0
22286,2
22287,0
22288,1
22289,0
22290,2
22291,0
22292,0
22293,0
22294,1
22295,0
22296,0
22297,0
22298,2
22299,0
22300,4
22301,0
22302,7
22303,0
22304,0
22305,0
22306,1
22307,0
22308,0
22309,0
22310,1
22311,0
22312,2
22313,0
22314,2
22315,0
22316,0
22317,0
22318,1
22319,0
22320,0
22321,0
22322,2
22323,0
22324,0
22325,0
22326,1
22327,0
22328,0
22329,0
22330,2
22331,0
22332,4
22333,0
22334,4
22335,0
22336,0
22337,0
22338,1
22339,0
22340,0
22341,0
22342,1
22343,0
22344,0
22345,0
22346,1
22347,0
22348,0
22349,0
22350,1
22351,0
22352,1
22353,0
22354,0
22355,0
22356,2
22357,0
22358,0
22359,0
22360,0
22361,0
22362,5
22363,0
22364,5
22365,0
22366,4
22367,0
22368,0
22369,0
22370,4
22371,0
22372,1
22373,0
22374,1
22375,0
22376,0
22377,0
22378,2
22379,0
22380,1
22381,0
22382,1
22383,0
22384,0
22385,0
22386,3
22387,0
22388,0
22389,0
22390,2
22391,0
22392,1
22393,0
22394,1
22395,0
22396,2
22397,0
22398,3
22399,0
22400,1
22401,0
22402,5
22403,0
22404,0
22405,0
22406,1
22407,0
22408,2
22409,0
22410,5
22411,0
22412,3
22413,0
22414,2
22415,0
22416,2
22417,0
22418,1
22419,0
22420,1
22421,0
22422,3
22423,0
22424,4
22425,0
22426,0
22427,0
22428,4
22429,0
22430,4
22431,0
22432,1
22433,0
22434,2
22435,0
22436,1
22437,0
22438,0
22439,0
22440,1
22441,0
22442,2
22443,0
22444,4
22445,0
22446,1
22447,0
22448,1
22449,0
22450,3
22451,0
22452,1
22453,0
22454,0
22455,0
22456,1
22457,0
22458,1
22459,0
22460,1
22461,0
22462,0
22463,0
22464,1
22465,0
22466,4
22467,0
22468,1
22469,0
22470,1
22471,0
22472,1
22473,0
22474,1
22475,0
22476,2
22477,0
22478,2
22479,0
22480,0
22481,0
22482,1
22483,0
22484,2
22485,0
22486,0
22487,0
22488,0
22489,0
22490,1
22491,0
22492,2
22493,0
22494,1
22495,0
22496,0
22497,0
22498,1
22499,0
22500,1
22501,0
22502,2
22503,0
22504,0
22505,0
22506,1
22507,0
22508,0
22509,0
22510,2
22511,0
22512,1
22513,0
22514,2
22515,0
22516,0
22517,0
22518,2
22519,0
22520,0
22521,0
22522,2
22523,0
22524,4
22525,0
22526,4
22527,0
22528,0
22529,0
22530,1
22531,0
22532,0
22533,0
22534,2
22535,0
22536,1
22537,0
22538,0
22539,0
22540,3
22541,0
22542,0
22543,0
22544,1
22545,0
22546,3
22547,0
22548,1
22549,0
22550,1
22551,0
22552,2
22553,0
22554,2
22555,0
22556,0
22557,0
22558,5
22559,0
22560,0
22561,0
22562,2
22563,0
22564,0
22565,0
22566,0
22567,0
22568,1
22569,0
22570,3
22571,0
22572,3
22573,0
22574,1
22575,0
22576,0
22577,0
22578,0
22579,0
22580,1
22581,0
22582,1
22583,0
22584,1
22585,0
22586,1
22587,0
22588,1
22589,0
22590,4
22591,0
22592,0
22593,0
22594,5
22595,0
22596,0
22597,0
22598,0
22599,0
22600,1
22601,0
22602,0
22603,0
22604,1
22605,0
22606,0
22607,0
22608,0
22609,0
22610,2
22611,0
22612,0
22613,0
22614,0
22615,0
22616,0
22617,0
22618,2
22619,0
22620,1
22621,0
22622,3
22623,0
22624,1
22625,0
22626,2
22627,0
22628,0
22629,0
22630,1
22631,0
22632,2
22633,0
22634,1
22635,0
22636,3
22637,0
22638,2
22639,0
22640,1
22641,0
22642,2
22643,0
22644,0
22645,0
22646,3
22647,0
22648,0
22649,0
22650,4
22651,0
22652,0
22653,0
22654,2
22655,0
22656,0
22657,0
22658,1
22659,0
22660,0
22661,0
22662,0
22663,0
22664,2
22665,0
22666,2
22667,0
22668,1
22669,0
22670,3
22671,0
22672,0
22673,0
22674,1
22675,0
22676,0
22677,0
22678,0
22679,0
22680,0
22681,0
22682,2
22683,0
22684,2
22685,0
22686,4
22687,0
22688,0
22689,0
22690,0
22691,0
22692,1
22693,0
22694,3
22695,0
22696,0
22697,0
22698,2
22699,0
22700,0
22701,0
22702,2
22703,0
22704,0
22705,0
22706,1
22707,0
22708,0
22709,0
22710,1
22711,0
22712,1
22713,0
22714,0
22715,0
22716,0
22717,0
22718,5
22719,0
22720,0
22721,0
22722,0
22723,0
22724,0
22725,0
22726,3
22727,0
22728,1
22729,0
22730,1
22731,0
22732,1
22733,0
22734,2
22735,0
22736,0
22737,0
22738,1
22739,0
22740,0
22741,0
22742,1
22743,0
22744,1
22745,0
22746,4
22747,0
22748,0
22749,0
22750,5
22751,0
22752,0
22753,0
22754,2
22755,0
22756,1
22757,0
22758,0
22759,0
22760,1
22761,0
22762,0
22763,0
22764,2
22765,0
22766,0
22767,0
22768,0
22769,0
22770,0
22771,0
22772,4
22773,0
22774,0
22775,0
22776,2
22777,0
22778,1
22779,0
22780,0
22781,0
22782,4
22783,0
22784,0
22785,0
22786,1
22787,0
22788,0
22789,0
22790,0
22791,0
22792,1
22793,0
22794,0
22795,0
22796,3
22797,0
22798,1
22799,0
22800,1
22801,0
22802,0
22803,0
22804,2
22805,0
22806,1
22807,0
22808,0
22809,0
22810,0
22811,0
22812,1
22813,0
22814,3
22815,0
22816,0
22817,0
22818,2
22819,0
22820,0
22821,0
22822,0
22823,0
22824,0
22825,0
22826,0
22827,0
22828,2
22829,0
22830,1
22831,0
22832,0
22833,0
22834,0
22835,0
22836,0
22837,0
22838,1
22839,0
22840,0
22841,0
22842,3
22843,0
22844,1
22845,0
22846,3
22847,0
22848,0
22849,0
22850,2
22851,0
22852,0
22853,0
22854,0
22855,0
22856,1
22857,0
22858,0
22859,0
22860,1
22861,0
22862,0
22863,0
22864,0
22865,0
22866,2
22867,0
22868,1
22869,0
22870,0
22871,0
22872,0
22873,0
22874,0
22875,0
22876,0
22877,0
22878,1
22879,0
22880,1
22881,0
22882,0
22883,0
22884,1
22885,0
22886,0
22887,0
22888,0
22889,0
22890,0
22891,0
22892,0
22893,0
22894,1
22895,0
22896,0
22897,0
22898,0
22899,0
22900,0
22901,0
22902,0
22903,0
22904,0
22905,0
22906,0
22907,0
22908,0
22909,0
22910,2
22911,0
22912,0
22913,0
22914,2
22915,0
22916,0
22917,0
22918,1
22919,0
22920,2
22921,0
22922,0
22923,0
22924,1
22925,0
22926,0
22927,0
22928,0
22929,0
22930,2
22931,0
22932,0
22933,0
22934,0
22935,0
22936,1
22937,0
22938,1
22939,0
22940,1
22941,0
22942,1
22943,0
22944,0
22945,0
22946,1
22947,0
22948,0
22949,0
22950,0
22951,0
22952,1
22953,0
22954,0
22955,0
22956,0
22957,0
22958,1
22959,0
22960,1
22961,0
22962,0
22963,0
22964,0
22965,0
22966,0
22967,0
22968,0
22969,0
22970,0
22971,0
22972,0
22973,0
22974,1
22975,0
22976,0
22977,0
22978,3
22979,0
22980,0
22981,0
22982,0
22983,0
22984,1
22985,0
22986,0
22987,0
22988,1
22989,0
22990,0
22991,0
22992,1
22993,0
22994,0
22995,0
22996,0
22997,0
22998,1
22999,0
23000,0
23001,0
23002,0
23003,0
23004,0
23005,0
23006,3
23007,0
23008,0
23009,0
23010,1
23011,0
23012,0
23013,0
23014,1
23015,0
23016,0
23017,0
23018,0
23019,0
23020,3
23021,0
23022,0
23023,0
23024,1
23025,0
23026,0
23027,0
23028,1
23029,0
23030,0
23031,0
23032,0
23033,0
23034,1
23035,0
23036,4
23037,0
23038,4
23039,0
23040,0
23041,0
23042,0
23043,0
23044,0
23045,0
23046,0
23047,0
23048,2
23049,0
23050,1
23051,0
23052,0
23053,0
23054,2
23055,0
23056,0
23057,0
23058,1
23059,0
23060,1
23061,0
23062,1
23063,0
23064,2
23065,0
23066,0
23067,0
23068,2
23069,0
23070,4
23071,0
23072,0
23073,0
23074,2
23075,0
23076,0
23077,0
23078,1
23079,0
23080,2
23081,0
23082,2
23083,0
23084,0
23085,0
23086,1
23087,0
23088,1
23089,0
23090,0
23091,0
23092,0
23093,0
23094,3
23095,0
23096,0
23097,0
23098,1
23099,0
23100,2
23101,0
23102,4
23103,0
23104,0
23105,0
23106,1
23107,0
23108,0
23109,0
23110,2
23111,0
23112,1
23113,0
23114,2
23115,0
23116,0
23117,0
23118,0
23119,0
23120,1
23121,0
23122,3
23123,0
23124,1
23125,0
23126,1
23127,0
23128,1
23129,0
23130,1
23131,0
23132,0
23133,0
23134,1
23135,0
23136,0
23137,0
23138,0
23139,0
23140,0
23141,0
23142,1
23143,0
23144,0
23145,0
23146,0
23147,0
23148,1
23149,0
23150,1
23151,0
23152,0
23153,0
23154,1
23155,0
23156,0
23157,0
23158,1
23159,0
23160,0
23161,0
23162,0
23163,0
23164,4
23165,0
23166,3
23167,0
23168,1
23169,0
23170,3
23171,0
23172,0
23173,0
23174,1
23175,0
23176,0
23177,0
23178,2
23179,0
23180,0
23181,0
23182,1
23183,0
23184,1
23185,0
23186,0
23187,0
23188,0
23189,0
23190,2
23191,0
23192,1
23193,0
23194,0
23195,0
23196,2
23197,0
23198,1
23199,0
23200,0
23201,0
23202,1
23203,0
23204,0
23205,0
23206,1
23207,0
23208,1
23209,0
23210,1
23211,0
23212,0
23213,0
23214,3
23215,0
23216,2
23217,0
23218,2
23219,0
23220,1
23221,0
23222,2
23223,0
23224,1
23225,0
23226,0
23227,0
23228,2
23229,0
23230,2
23231,0
23232,0
23233,0
23234,1
23235,0
23236,0
23237,0
23238,2
23239,0
23240,0
23241,0
23242,0
23243,0
23244,4
23245,0
23246,2
23247,0
23248,0
23249,0
23250,1
23251,0
23252,0
23253,0
23254,1
23255,0
23256,0
23257,0
23258,1
23259,0
23260,0
23261,0
23262,2
23263,0
23264,1
23265,0
23266,3
23267,0
23268,0
23269,0
23270,1
23271,0
23272,0
23273,0
23274,1
23275,0
23276,1
23277,0
23278,2
23279,0
23280,0
23281,0
23282,3
23283,0
23284,0
23285,0
23286,1
23287,0
23288,0
23289,0
23290,2
23291,0
23292,1
23293,0
23294,1
23295,0
23296,1
23297,0
23298,1
23299,0
23300,0
23301,0
23302,0
23303,0
23304,0
23305,0
23306,2
23307,0
23308,0
23309,0
23310,0
23311,0
23312,1
23313,0
23314,0
23315,0
23316,0
23317,0
23318,0
23319,0
23320,0
23321,0
23322,2
23323,0
23324,0
23325,0
23326,1
23327,0
23328,0
23329,0
23330,1
23331,0
23332,0
23333,0
23334,0
23335,0
23336,1
23337,0
23338,1
23339,0
23340,3
23341,0
23342,4
23343,0
23344,3
23345,0
23346,0
23347,0
23348,1
23349,0
23350,2
23351,0
23352,0
23353,0
23354,1
23355,0
23356,1
23357,0
23358,2
23359,0
23360,1
23361,0
23362,1
23363,0
23364,1
23365,0
23366,0
23367,0
23368,1
23369,0
23370,2
23371,0
23372,2
23373,0
23374,2
23375,0
23376,2
23377,0
23378,2
23379,0
23380,1
23381,0
23382,1
23383,0
23384,0
23385,0
23386,3
23387,0
23388,1
23389,0
23390,3
23391,0
23392,1
23393,0
23394,1
23395,0
23396,0
23397,0
23398,1
23399,0
23400,2
23401,0
23402,0
23403,0
23404,3
23405,0
23406,0
23407,0
23408,0
23409,0
23410,1
23411,0
23412,0
23413,0
23414,3
23415,0
23416,1
23417,0
23418,2
23419,0
23420,1
23421,0
23422,5
23423,0
23424,0
23425,0
23426,1
23427,0
23428,0
23429,0
23430,0
23431,0
23432,1
23433,0
23434,1
23435,0
23436,1
23437,0
23438,1
23439,0
23440,0
23441,0
23442,3
23443,0
23444,1
23445,0
23446,0
23447,0
23448,0
23449,0
23450,2
23451,0
23452,1
23453,0
23454,1
23455,0
23456,0
23457,0
23458,1
23459,0
23460,0
23461,0
23462,0
23463,0
23464,1
23465,0
23466,1
23467,0
23468,5
23469,0
23470,2
23471,0
23472,0
23473,0
23474,1
23475,0
23476,0
23477,0
23478,2
23479,0
23480,2
23481,0
23482,4
23483,0
23484,2
23485,0
23486,2
23487,0
23488,0
23489,0
23490,2
23491,0
23492,1
23493,0
23494,3
23495,0
23496,4
23497,0
23498,0
23499,0
23500,1
23501,0
23502,0
23503,0
23504,0
23505,0
23506,0
23507,0
23508,0
23509,0
23510,1
23511,0
23512,1
23513,0
23514,0
23515,0
23516,0
23517,0
23518,4
23519,0
23520,0
23521,0
23522,2
23523,0
23524,1
23525,0
23526,2
23527,0
23528,0
23529,0
23530,1
23531,0
23532,1
23533,0
23534,1
23535,0
23536,0
23537,0
23538,0
23539,0
23540,0
23541,0
23542,1
23543,0
23544,0
23545,0
23546,2
23547,0
23548,0
23549,0
23550,6
23551,0
23552,1
23553,0
23554,0
23555,0
23556,0
23557,0
23558,0
23559,0
23560,3
23561,0
23562,0
23563,0
23564,0
23565,0
23566,3
23567,0
23568,1
23569,0
23570,2
23571,0
23572,1
23573,0
23574,1
23575,0
23576,0
23577,0
23578,2
23579,0
23580,0
23581,0
23582,2
23583,0
23584,0
23585,0
23586,0
23587,0
23588,1
23589,0
23590,1
23591,0
23592,0
23593,0
23594,0
23595,0
23596,0
23597,0
23598,2
23599,0
23600,0
23601,0
23602,0
23603,0
23604,0
23605,0
23606,0
23607,0
23608,1
23609,0
23610,1
23611,0
23612,0
23613,0
23614,1
23615,0
23616,1
23617,0
23618,1
23619,0
23620,0
23621,0
23622,0
23623,0
23624,2
23625,0
23626,0
23627,0
23628,2
23629,0
23630,0
23631,0
23632,0
23633,0
23634,3
23635,0
23636,0
23637,0
23638,0
23639,0
23640,0
23641,0
23642,0
23643,0
23644,1
23645,0
23646,1
23647,0
23648,1
23649,0
23650,0
23651,0
23652,0
23653,0
23654,0
23655,0
23656,0
23657,0
23658,0
23659,0
23660,0
23661,0
23662,0
23663,0
23664,1
23665,0
23666,3
23667,0
23668,0
23669,0
23670,1
23671,0
23672,0
23673,0
23674,1
23675,0
23676,3
23677,0
23678,1
23679,0
23680,1
23681,0
23682,0
23683,0
23684,0
23685,0
23686,2
23687,0
23688,0
23689,0
23690,0
23691,0
23692,1
23693,0
23694,1
23695,0
23696,0
23697,0
23698,0
23699,0
23700,1
23701,0
23702,0
23703,0
23704,1
23705,0
23706,0
23707,0
23708,1
23709,0
23710,1
23711,0
23712,1
23713,0
23714,1
23715,0
23716,0
23717,0
23718,2
23719,0
23720,0
23721,0
23722,1
23723,0
23724,1
23725,0
23726,1
23727,0
23728,0
23729,0
23730,1
23731,0
23732,0
23733,0
23734,0
23735,0
23736,0
23737,0
23738,0
23739,0
23740,0
23741,0
23742,2
23743,0
23744,0
23745,0
23746,3
23747,0
23748,0
23749,0
23750,0
23751,0
23752,2
23753,0
23754,2
23755,0
23756,0
23757,0
23758,1
23759,0
23760,0
23761,0
23762,1
23763,0
23764,1
23765,0
23766,2
23767,0
23768,0
23769,0
23770,2
23771,0
23772,2
23773,0
23774,3
23775,0
23776,0
23777,0
23778,1
23779,0
23780,0
23781,0
23782,0
23783,0
23784,0
23785,0
23786,1
23787,0
23788,2
23789,0
23790,1
23791,0
23792,1
23793,0
23794,1
23795,0
23796,1
23797,0
23798,1
23799,0
23800,0
23801,0
23802,2
23803,0
23804,2
23805,0
23806,1
23807,0
23808,0
23809,0
23810,1
23811,0
23812,1
23813,0
23814,0
23815,0
23816,2
23817,0
23818,0
23819,0
23820,2
23821,0
23822,1
23823,0
23824,0
23825,0
23826,2
23827,0
23828,1
23829,0
23830,0
23831,0
23832,0
23833,0
23834,1
23835,0
23836,1
23837,0
23838,2
23839,0
23840,0
23841,0
23842,2
23843,0
23844,1
23845,0
23846,2
23847,0
23848,1
23849,0
23850,0
23851,0
23852,0
23853,0
23854,0
23855,0
23856,0
23857,0
23858,0
23859,0
23860,1
23861,0
23862,1
23863,0
23864,0
23865,0
23866,1
23867,0
23868,3
23869,0
23870,4
23871,0
23872,1
23873,0
23874,2
23875,0
23876,1
23877,0
23878,1
23879,0
23880,1
23881,0
23882,0
23883,0
23884,0
23885,0
23886,1
23887,0
23888,0
23889,0
23890,0
23891,0
23892,0
23893,0
23894,1
23895,0
23896,0
23897,0
23898,1
23899,0
23900,0
23901,0
23902,1
23903,0
23904,0
23905,0
23906,1
23907,0
23908,0
23909,0
23910,0
23911,0
23912,0
23913,0
23914,0
23915,0
23916,2
23917,0
23918,3
23919,0
23920,0
23921,0
23922,0
23923,0
23924,0
23925,0
23926,1
23927,0
23928,0
23929,0
23930,4
23931,0
23932,2
23933,0
23934,3
23935,0
23936,0
23937,0
23938,3
23939,0
23940,0
23941,0
23942,0
23943,0
23944,2
23945,0
23946,0
23947,0
23948,0
23949,0
23950,0
23951,0
23952,0
23953,0
23954,3
23955,0
23956,1
23957,0
23958,0
23959,0
23960,1
23961,0
23962,1
23963,0
23964,0
23965,0
23966,0
23967,0
23968,0
23969,0
23970,0
23971,0
23972,1
23973,0
23974,0
23975,0
23976,0
23977,0
23978,3
23979,0
23980,0
23981,0
23982,1
23983,0
23984,0
23985,0
23986,0
23987,0
23988,0
23989,0
23990,1
23991,0
23992,0
23993,0
23994,2
23995,0
23996,1
23997,0
23998,0
23999,0
24000,1
24001,0
24002,2
24003,0
24004,0
24005,0
24006,1
24007,0
24008,1
24009,0
24010,0
24011,0
24012,1
24013,0
24014,1
24015,0
24016,0
24017,0
24018,3
24019,0
24020,0
24021,0
24022,0
24023,0
24024,0
24025,0
24026,0
24027,0
24028,2
24029,0
24030,2
24031,0
24032,0
24033,0
24034,0
24035,0
24036,0
24037,0
24038,0
24039,0
24040,0
24041,0
24042,1
24043,0
24044,1
24045,0
24046,0
24047,0
24048,1
24049,0
24050,0
24051,0
24052,0
24053,0
24054,1
24055,0
24056,1
24057,0
24058,1
24059,0
24060,2
24061,0
24062,4
24063,0
24064,0
24065,0
24066,1
24067,0
24068,0
24069,0
24070,0
24071,0
24072,1
24073,0
24074,0
24075,0
24076,0
24077,0
24078,0
24079,0
24080,0
24081,0
24082,0
24083,0
24084,0
24085,0
24086,1
24087,0
24088,0
24089,0
24090,1
24091,0
24092,2
24093,0
24094,1
24095,0
24096,1
24097,0
24098,1
24099,0
24100,0
24101,0
24102,1
24103,0
24104,0
24105,0
24106,0
24107,0
24108,0
24109,0
24110,1
24111,0
24112,0
24113,0
24114,0
24115,0
24116,0
24117,0
24118,0
24119,0
24120,0
24121,0
24122,1
24123,0
24124,2
24125,0
24126,3
24127,0
24128,0
24129,0
24130,0
24131,0
24132,0
24133,0
24134,2
24135,0
24136,3
24137,0
24138,2
24139,0
24140,1
24141,0
24142,1
24143,0
24144,1
24145,0
24146,1
24147,0
24148,0
24149,0
24150,0
24151,0
24152,0
24153,0
24154,1
24155,0
24156,0
24157,0
24158,0
24159,0
24160,0
24161,0
24162,0
24163,0
24164,0
24165,0
24166,1
24167,0
24168,0
24169,0
24170,1
24171,0
24172,1
24173,0
24174,1
24175,0
24176,0
24177,0
24178,0
24179,0
24180,1
24181,0
24182,1
24183,0
24184,3
24185,0
24186,0
24187,0
24188,1
24189,0
24190,2
24191,0
24192,1
24193,0
24194,0
24195,0
24196,0
24197,0
24198,0
24199,0
24200,0
24201,0
24202,0
24203,0
24204,0
24205,0
24206,0
24207,0
24208,0
24209,0
24210,0
24211,0
24212,0
24213,0
24214,0
24215,0
24216,0
24217,0
24218,0
24219,0
24220,0
24221,0
24222,0
24223,0
24224,0
24225,0
24226,1
24227,0
24228,0
24229,0
24230,0
24231,0
24232,0
24233,0
24234,0
24235,0
24236,1
24237,0
24238,1
24239,0
24240,0
24241,0
24242,3
24243,0
24244,1
24245,0
24246,0
24247,0
24248,0
24249,0
24250,0
24251,0
24252,2
24253,0
24254,1
24255,0
24256,0
24257,0
24258,0
24259,0
24260,0
24261,0
24262,0
24263,0
24264,0
24265,0
24266,0
24267,0
24268,0
24269,0
24270,0
24271,0
24272,0
24273,0
24274,0
24275,0
24276,0
24277,0
24278,0
24279,0
24280,0
24281,0
24282,0
24283,0
24284,0
24285,0
24286,1
24287,0
24288,0
24289,0
24290,0
24291,0
24292,0
24293,0
24294,1
24295,0
24296,0
24297,0
24298,0
24299,0
24300,1
24301,0
24302,2
24303,0
24304,0
24305,0
24306,1
24307,0
24308,2
24309,0
24310,0
24311,0
24312,0
24313,0
24314,0
24315,0
24316,0
24317,0
24318,1
24319,0
24320,1
24321,0
24322,0
24323,0
24324,2
24325,0
24326,0
24327,0
24328,0
24329,0
24330,0
24331,0
24332,0
24333,0
24334,0
24335,0
24336,0
24337,0
24338,1
24339,0
24340,0
24341,0
24342,0
24343,0
24344,1
24345,0
24346,0
24347,0
24348,1
24349,0
24350,0
24351,0
24352,2
24353,0
24354,1
24355,0
24356,0
24357,0
24358,0
24359,0
24360,0
24361,0
24362,1
24363,0
24364,0
24365,0
24366,0
24367,0
24368,0
24369,0
24370,0
24371,0
24372,0
24373,0
24374,1
24375,0
24376,0
24377,0
24378,0
24379,0
24380,1
24381,0
24382,2
24383,0
24384,0
24385,0
24386,2
24387,0
24388,0
24389,0
24390,2
24391,0
24392,0
24393,0
24394,1
24395,0
24396,0
24397,0
24398,0
24399,0
24400,0
24401,0
24402,0
24403,0
24404,3
24405,0
24406,2
24407,0
24408,0
24409,0
24410,1
24411,0
24412,3
24413,0
24414,1
24415,0
24416,0
24417,0
24418,0
24419,0
24420,0
24421,0
24422,1
24423,0
24424,1
24425,0
24426,0
24427,0
24428,2
24429,0
24430,0
24431,0
24432,0
24433,0
24434,0
24435,0
24436,0
24437,0
24438,0
24439,0
24440,0
24441,0
24442,1
24443,0
24444,1
24445,0
24446,2
24447,0
24448,0
24449,0
24450,2
24451,0
24452,0
24453,0
24454,0
24455,0
24456,1
24457,0
24458,0
24459,0
24460,1
24461,0
24462,0
24463,0
24464,0
24465,0
24466,2
24467,0
24468,1
24469,0
24470,1
24471,0
24472,0
24473,0
24474,1
24475,0
24476,0
24477,0
24478,4
24479,0
24480,0
24481,0
24482,1
24483,0
24484,0
24485,0
24486,0
24487,0
24488,1
24489,0
24490,4
24491,0
24492,1
24493,0
24494,3
24495,0
24496,0
24497,0
24498,0
24499,0
24500,2
24501,0
24502,1
24503,0
24504,1
24505,0
24506,4
24507,0
24508,3
24509,0
24510,2
24511,0
24512,2
24513,0
24514,1
24515,0
24516,0
24517,0
24518,1
24519,0
24520,1
24521,0
24522,1
24523,0
24524,3
24525,0
24526,1
24527,0
24528,0
24529,0
24530,0
24531,0
24532,0
24533,0
24534,1
24535,0
24536,0
24537,0
24538,1
24539,0
24540,0
24541,0
24542,0
24543,0
24544,0
24545,0
24546,1
24547,0
24548,1
24549,0
24550,0
24551,0
24552,1
24553,0
24554,0
24555,0
24556,1
24557,0
24558,1
24559,0
24560,0
24561,0
24562,1
24563,0
24564,0
24565,0
24566,1
24567,0
24568,0
24569,0
24570,0
24571,0
24572,1
24573,0
24574,1
24575,0
24576,0
24577,0
24578,0
24579,0
24580,0
24581,0
24582,0
24583,0
24584,0
24585,0
24586,1
24587,0
24588,0
24589,0
24590,0
24591,0
24592,0
24593,0
24594,0
24595,0
24596,0
24597,0
24598,0
24599,0
24600,0
24601,0
24602,0
24603,0
24604,0
24605,0
24606,0
24607,0
24608,0
24609,0
24610,1
24611,0
24612,0
24613,0
24614,0
24615,0
24616,0
24617,0
24618,0
24619,0
24620,0
24621,0
24622,0
24623,0
24624,0
24625,0
24626,0
24627,0
24628,0
24629,0
24630,0
24631,0
24632,0
24633,0
24634,1
24635,0
24636,1
24637,0
24638,0
24639,0
24640,0
24641,0
24642,0
24643,0
24644,0
24645,0
24646,0
24647,0
24648,0
24649,0
24650,0
24651,0
24652,0
24653,0
24654,0
24655,0
24656,0
24657,0
24658,0
24659,0
24660,0
24661,0
24662,0
24663,0
24664,0
24665,0
24666,0
24667,0
24668,0
24669,0
24670,0
24671,0
24672,0
24673,0
24674,0
24675,0
24676,0
24677,0
24678,0
24679,0
24680,0
24681,0
24682,0
24683,0
24684,0
24685,0
24686,0
24687,0
24688,0
24689,0
24690,0
24691,0
24692,0
24693,0
24694,1
24695,0
24696,0
24697,0
24698,0
24699,0
24700,0
24701,0
24702,0
24703,0
24704,0
24705,0
24706,0
24707,0
24708,0
24709,0
24710,1
24711,0
24712,1
24713,0
24714,0
24715,0
24716,0
24717,0
24718,0
24719,0
24720,0
24721,0
24722,1
24723,0
24724,1
24725,0
24726,1
24727,0
24728,0
24729,0
24730,0
24731,0
24732,0
24733,0
24734,1
24735,0
24736,0
24737,0
24738,1
24739,0
24740,0
24741,0
24742,0
24743,0
24744,0
24745,0
24746,0
24747,0
24748,0
24749,0
24750,0
24751,0
24752,0
24753,0
24754,0
24755,0
24756,0
24757,0
24758,1
24759,0
24760,0
24761,0
24762,1
24763,0
24764,0
24765,0
24766,1
24767,0
24768,0
24769,0
24770,1
24771,0
24772,0
24773,0
24774,0
24775,0
24776,0
24777,0
24778,0
24779,0
24780,0
24781,0
24782,1
24783,0
24784,0
24785,0
24786,0
24787,0
24788,1
24789,0
24790,0
24791,0
24792,0
24793,0
24794,1
24795,0
24796,1
24797,0
24798,0
24799,0
24800,0
24801,0
24802,0
24803,0
24804,0
24805,0
24806,1
24807,0
24808,0
24809,0
24810,0
24811,0
24812,0
24813,0
24814,0
24815,0
24816,1
24817,0
24818,0
24819,0
24820,1
24821,0
24822,0
24823,0
24824,0
24825,0
24826,0
24827,0
24828,0
24829,0
24830,0
24831,0
24832,0
24833,0
24834,0
24835,0
24836,0
24837,0
24838,0
24839,0
24840,0
24841,0
24842,0
24843,0
24844,0
24845,0
24846,0
24847,0
24848,0
24849,0
24850,0
24851,0
24852,1
24853,0
24854,0
24855,0
24856,0
24857,0
24858,1
24859,0
24860,0
24861,0
24862,1
24863,0
24864,0
24865,0
24866,1
24867,0
24868,0
24869,0
24870,0
24871,0
24872,0
24873,0
24874,0
24875,0
24876,0
24877,0
24878,0
24879,0
24880,0
24881,0
24882,0
24883,0
24884,0
24885,0
24886,1
24887,0
24888,0
24889,0
24890,0
24891,0
24892,0
24893,0
24894,1
24895,0
24896,0
24897,0
24898,0
24899,0
24900,0
24901,0
24902,0
24903,0
24904,1
24905,0
24906,0
24907,0
24908,0
24909,0
24910,0
24911,0
24912,0
24913,0
24914,0
24915,0
24916,0
24917,0
24918,0
24919,0
24920,0
24921,0
24922,0
24923,0
24924,0
24925,0
24926,0
24927,0
24928,0
24929,0
24930,0
24931,0
24932,0
24933,0
24934,0
24935,0
24936,1
24937,0
24938,2
24939,0
24940,0
24941,0
24942,0
24943,0
24944,0
24945,0
24946,0
24947,0
24948,0
24949,0
24950,0
24951,0
24952,0
24953,0
24954,1
24955,0
24956,1
24957,0
24958,1
24959,0
24960,1
24961,0
24962,0
24963,0
24964,0
24965,0
24966,0
24967,0
24968,2
24969,0
24970,0
24971,0
24972,2
24973,0
24974,1
24975,0
24976,0
24977,0
24978,0
24979,0
24980,1
24981,0
24982,1
24983,0
24984,0
24985,0
24986,0
24987,0
24988,0
24989,0
24990,1
24991,0
24992,0
24993,0
24994,1
24995,0
24996,0
24997,0
24998,0
24999,0
25000,0
25001,0
25002,1
25003,0
25004,1
25005,0
25006,1
25007,0
25008,0
25009,0
25010,0
25011,0
25012,0
25013,0
25014,3
25015,0
25016,0
25017,0
25018,1
25019,0
25020,0
25021,0
25022,0
25023,0
25024,0
25025,0
25026,1
25027,0
25028,0
25029,0
25030,0
25031,0
25032,2
25033,0
25034,0
25035,0
25036,0
25037,0
25038,0
25039,0
25040,0
25041,0
25042,0
25043,0
25044,0
25045,0
25046,0
25047,0
25048,0
25049,0
25050,0
25051,0
25052,0
25053,0
25054,1
25055,0
25056,0
25057,0
25058,0
25059,0
25060,0
25061,0
25062,0
25063,0
25064,0
25065,0
25066,0
25067,0
25068,0
25069,0
25070,0
25071,0
25072,0
25073,0
25074,0
25075,0
25076,0
25077,0
25078,0
25079,0
25080,0
25081,0
25082,2
25083,0
25084,0
25085,0
25086,0
25087,0
25088,0
25089,0
25090,0
25091,0
25092,0
25093,0
25094,1
25095,0
25096,0
25097,0
25098,0
25099,0
25100,0
25101,0
25102,0
25103,0
25104,0
25105,0
25106,0
25107,0
25108,0
25109,0
25110,0
25111,0
25112,0
25113,0
25114,0
25115,0
25116,0
25117,0
25118,0
25119,0
25120,0
25121,0
25122,0
25123,0
25124,0
25125,0
25126,0
25127,0
25128,0
25129,0
25130,0
25131,0
25132,0
25133,0
25134,0
25135,0
25136,0
25137,0
25138,0
25139,0
25140,0
25141,0
25142,0
25143,0
25144,0
25145,0
25146,0
25147,0
25148,0
25149,0
25150,0
25151,0
25152,0
25153,0
25154,0
25155,0
25156,0
25157,0
25158,1
25159,0
25160,0
25161,0
25162,0
25163,0
25164,1
25165,0
25166,0
25167,0
25168,0
25169,0
25170,2
25171,0
25172,0
25173,0
25174,0
25175,0
25176,0
25177,0
25178,0
25179,0
25180,0
25181,0
25182,0
25183,0
25184,0
25185,0
25186,0
25187,0
25188,0
25189,0
25190,1
25191,0
25192,0
25193,0
25194,1
25195,0
25196,0
25197,0
25198,0
25199,0
25200,0
25201,0
25202,0
25203,0
25204,0
25205,0
25206,1
25207,0
25208,0
25209,0
25210,0
25211,0
25212,0
25213,0
25214,0
25215,0
25216,0
25217,0
25218,0
25219,0
25220,0
25221,0
25222,0
25223,0
25224,0
25225,0
25226,0
25227,0
25228,1
25229,0
25230,0
25231,0
25232,0
25233,0
25234,0
25235,0
25236,0
25237,0
25238,0
25239,0
25240,0
25241,0
25242,0
25243,0
25244,0
25245,0
25246,1
25247,0
25248,0
25249,0
25250,0
25251,0
25252,0
25253,0
25254,1
25255,0
25256,0
25257,0
25258,1
25259,0
25260,0
25261,0
25262,0
25263,0
25264,0
25265,0
25266,0
25267,0
25268,0
25269,0
25270,0
25271,0
25272,0
25273,0
25274,0
25275,0
25276,0
25277,0
25278,0
25279,0
25280,0
25281,0
25282,0
25283,0
25284,0
25285,0
25286,0
25287,0
25288,0
25289,0
25290,1
25291,0
25292,0
25293,0
25294,0
25295,0
25296,0
25297,0
25298,0
25299,0
25300,0
25301,0
25302,1
25303,0
25304,0
25305,0
25306,0
25307,0
25308,0
25309,0
25310,0
25311,0
25312,0
25313,0
25314,0
25315,0
25316,0
25317,0
25318,0
25319,0
25320,0
25321,0
25322,0
25323,0
25324,1
25325,0
25326,1
25327,0
25328,0
25329,0
25330,0
25331,0
25332,0
25333,0
25334,0
25335,0
25336,0
25337,0
25338,0
25339,0
25340,0
25341,0
25342,0
25343,0
25344,1
25345,0
25346,0
25347,0
25348,0
25349,0
25350,0
25351,0
25352,0
25353,0
25354,0
25355,0
25356,0
25357,0
25358,0
25359,0
25360,0
25361,0
25362,2
25363,0
25364,1
25365,0
25366,0
25367,0
25368,1
25369,0
25370,0
25371,0
25372,0
25373,0
25374,0
25375,0
25376,0
25377,0
25378,0
25379,0
25380,0
25381,0
25382,0
25383,0
25384,1
25385,0
25386,0
25387,0
25388,0
25389,0
25390,0
25391,0
25392,0
25393,0
25394,0
25395,0
25396,0
25397,0
25398,1
25399,0
25400,0
25401,0
25402,1
25403,0
25404,0
25405,0
25406,0
25407,0
25408,0
25409,0
25410,0
25411,0
25412,0
25413,0
25414,0
25415,0
25416,4
25417,0
25418,0
25419,0
25420,1
25421,0
25422,0
25423,0
25424,0
25425,0
25426,0
25427,0
25428,0
25429,0
25430,0
25431,0
25432,0
25433,0
25434,0
25435,0
25436,1
25437,0
25438,1
25439,0
25440,0
25441,0
25442,0
25443,0
25444,0
25445,0
25446,0
25447,0
25448,0
25449,0
25450,1
25451,0
25452,0
25453,0
25454,0
25455,0
25456,1
25457,0
25458,1
25459,0
25460,0
25461,0
25462,1
25463,0
25464,0
25465,0
25466,0
25467,0
25468,1
25469,0
25470,0
25471,0
25472,0
25473,0
25474,0
25475,0
25476,0
25477,0
25478,0
25479,0
25480,1
25481,0
25482,0
25483,0
25484,2
25485,0
25486,0
25487,0
25488,0
25489,0
25490,1
25491,0
25492,0
25493,0
25494,1
25495,0
25496,0
25497,0
25498,0
25499,0
25500,0
25501,0
25502,0
25503,0
25504,0
25505,0
25506,0
25507,0
25508,0
25509,0
25510,1
25511,0
25512,0
25513,0
25514,0
25515,0
25516,0
25517,0
25518,0
25519,0
25520,0
25521,0
25522,0
25523,0
25524,0
25525,0
25526,0
25527,0
25528,0
25529,0
25530,0
25531,0
25532,0
25533,0
25534,0
25535,0
25536,0
25537,0
25538,0
25539,0
25540,0
25541,0
25542,0
25543,0
25544,0
25545,0
25546,0
25547,0
25548,0
25549,0
25550,0
25551,0
25552,0
25553,0
25554,2
25555,0
25556,0
25557,0
25558,0
25559,0
25560,0
25561,0
25562,0
25563,0
25564,0
25565,0
25566,0
25567,0
25568,0
25569,0
25570,0
25571,0
25572,0
25573,0
25574,1
25575,0
25576,0
25577,0
25578,2
25579,0
25580,0
25581,0
25582,1
25583,0
25584,0
25585,0
25586,0
25587,0
25588,0
25589,0
25590,0
25591,0
25592,0
25593,0
25594,0
25595,0
25596,1
25597,0
25598,0
25599,0
25600,0
25601,0
25602,0
25603,0
25604,0
25605,0
25606,1
25607,0
25608,1
25609,0
25610,0
25611,0
25612,0
25613,0
25614,0
25615,0
25616,0
25617,0
25618,0
25619,0
25620,0
25621,0
25622,0
25623,0
25624,0
25625,0
25626,0
25627,0
25628,0
25629,0
25630,0
25631,0
25632,0
25633,0
25634,1
25635,0
25636,0
25637,0
25638,2
25639,0
25640,1
25641,0
25642,0
25643,0
25644,1
25645,0
25646,1
25647,0
25648,0
25649,0
25650,0
25651,0
25652,0
25653,0
25654,0
25655,0
25656,0
25657,0
25658,0
25659,0
25660,0
25661,0
25662,0
25663,0
25664,1
25665,0
25666,0
25667,0
25668,0
25669,0
25670,2
25671,0
25672,2
25673,0
25674,0
25675,0
25676,0
25677,0
25678,1
25679,0
25680,0
25681,0
25682,0
25683,0
25684,1
25685,0
25686,1
25687,0
25688,0
25689,0
25690,0
25691,0
25692,0
25693,0
25694,0
25695,0
25696,0
25697,0
25698,0
25699,0
25700,0
25701,0
25702,0
25703,0
25704,0
25705,0
25706,1
25707,0
25708,0
25709,0
25710,0
25711,0
25712,0
25713,0
25714,1
25715,0
25716,0
25717,0
25718,1
25719,0
25720,0
25721,0
25722,3
25723,0
25724,0
25725,0
25726,0
25727,0
25728,0
25729,0
25730,1
25731,0
25732,0
25733,0
25734,0
25735,0
25736,0
25737,0
25738,2
25739,0
25740,1
25741,0
25742,0
25743,0
25744,0
25745,0
25746,0
25747,0
25748,0
25749,0
25750,0
25751,0
25752,0
25753,0
25754,1
25755,0
25756,1
25757,0
25758,1
25759,0
25760,0
25761,0
25762,0
25763,0
25764,0
25765,0
25766,0
25767,0
25768,0
25769,0
25770,1
25771,0
25772,1
25773,0
25774,0
25775,0
25776,0
25777,0
25778,0
25779,0
25780,0
25781,0
25782,1
25783,0
25784,0
25785,0
25786,2
25787,0
25788,0
25789,0
25790,0
25791,0
25792,0
25793,0
25794,0
25795,0
25796,0
25797,0
25798,0
25799,0
25800,0
25801,0
25802,1
25803,0
25804,1
25805,0
25806,1
25807,0
25808,0
25809,0
25810,2
25811,0
25812,0
25813,0
25814,1
25815,0
25816,0
25817,0
25818,1
25819,0
25820,0
25821,0
25822,0
25823,0
25824,0
25825,0
25826,1
25827,0
25828,0
25829,0
25830,1
25831,0
25832,0
25833,0
25834,0
25835,0
25836,0
25837,0
25838,1
25839,0
25840,0
25841,0
25842,3
25843,0
25844,0
25845,0
25846,0
25847,0
25848,1
25849,0
25850,2
25851,0
25852,0
25853,0
25854,0
25855,0
25856,0
25857,0
25858,1
25859,0
25860,0
25861,0
25862,0
25863,0
25864,3
25865,0
25866,0
25867,0
25868,1
25869,0
25870,2
25871,0
25872,0
25873,0
25874,0
25875,0
25876,0
25877,0
25878,0
25879,0
25880,1
25881,0
25882,0
25883,0
25884,0
25885,0
25886,0
25887,0
25888,1
25889,0
25890,1
25891,0
25892,0
25893,0
25894,0
25895,0
25896,0
25897,0
25898,1
25899,0
25900,0
25901,0
25902,0
25903,0
25904,0
25905,0
25906,1
25907,0
25908,0
25909,0
25910,1
25911,0
25912,0
25913,0
25914,2
25915,0
25916,0
25917,0
25918,2
25919,0
25920,0
25921,0
25922,0
25923,0
25924,0
25925,0
25926,0
25927,0
25928,2
25929,0
25930,1
25931,0
25932,1
25933,0
25934,0
25935,0
25936,0
25937,0
25938,4
25939,0
25940,1
25941,0
25942,0
25943,0
25944,0
25945,0
25946,4
25947,0
25948,0
25949,0
25950,2
25951,0
25952,0
25953,0
25954,0
25955,0
25956,2
25957,0
25958,0
25959,0
25960,0
25961,0
25962,2
25963,0
25964,2
25965,0
25966,0
25967,0
25968,0
25969,0
25970,0
25971,0
25972,0
25973,0
25974,1
25975,0
25976,0
25977,0
25978,0
25979,0
25980,0
25981,0
25982,1
25983,0
25984,0
25985,0
25986,0
25987,0
25988,0
25989,0
25990,0
25991,0
25992,3
25993,0
25994,0
25995,0
25996,0
25997,0
25998,0
25999,0
26000,0
26001,0
26002,2
26003,0
26004,0
26005,0
26006,0
26007,0
26008,0
26009,0
26010,1
26011,0
26012,0
26013,0
26014,1
26015,0
26016,0
26017,0
26018,0
26019,0
26020,0
26021,0
26022,0
26023,0
26024,0
26025,0
26026,1
26027,0
26028,1
26029,0
26030,0
26031,0
26032,0
26033,0
26034,0
26035,0
26036,0
26037,0
26038,0
26039,0
26040,0
26041,0
26042,2
26043,0
26044,0
26045,0
26046,1
26047,0
26048,0
26049,0
26050,1
26051,0
26052,0
26053,0
26054,0
26055,0
26056,2
26057,0
26058,0
26059,0
26060,0
26061,0
26062,0
26063,0
26064,0
26065,0
26066,1
26067,0
26068,0
26069,0
26070,2
26071,0
26072,0
26073,0
26074,1
26075,0
26076,1
26077,0
26078,0
26079,0
26080,0
26081,0
26082,0
26083,0
26084,0
26085,0
26086,0
26087,0
26088,0
26089,0
26090,0
26091,0
26092,0
26093,0
26094,1
26095,0
26096,0
26097,0
26098,1
26099,0
26100,0
26101,0
26102,2
26103,0
26104,1
26105,0
26106,0
26107,0
26108,1
26109,0
26110,1
26111,0
26112,0
26113,0
26114,1
26115,0
26116,0
26117,0
26118,0
26119,0
26120,0
26121,0
26122,0
26123,0
26124,0
26125,0
26126,0
26127,0
26128,0
26129,0
26130,0
26131,0
26132,0
26133,0
26134,0
26135,0
26136,0
26137,0
26138,2
26139,0
26140,0
26141,0
26142,2
26143,0
26144,1
26145,0
26146,1
26147,0
26148,0
26149,0
26150,0
26151,0
26152,0
26153,0
26154,0
26155,0
26156,0
26157,0
26158,0
26159,0
26160,0
26161,0
26162,0
26163,0
26164,0
26165,0
26166,2
26167,0
26168,0
26169,0
26170,0
26171,0
26172,0
26173,0
26174,0
26175,0
26176,0
26177,0
26178,1
26179,0
26180,0
26181,0
26182,0
26183,0
26184,4
26185,0
26186,0
26187,0
26188,0
26189,0
26190,1
26191,0
26192,0
26193,0
26194,0
26195,0
26196,0
26197,0
26198,0
26199,0
26200,0
26201,0
26202,0
26203,0
26204,1
26205,0
26206,0
26207,0
26208,1
26209,0
26210,1
26211,0
26212,0
26213,0
26214,2
26215,0
26216,0
26217,0
26218,0
26219,0
26220,2
26221,0
26222,0
26223,0
26224,0
26225,0
26226,0
26227,0
26228,0
26229,0
26230,1
26231,0
26232,0
26233,0
26234,1
26235,0
26236,0
26237,0
26238,1
26239,0
26240,0
26241,0
26242,0
26243,0
26244,1
26245,0
26246,0
26247,0
26248,1
26249,0
26250,1
26251,0
26252,0
26253,0
26254,0
26255,0
26256,0
26257,0
26258,0
26259,0
26260,1
26261,0
26262,0
26263,0
26264,0
26265,0
26266,0
26267,0
26268,1
26269,0
26270,1
26271,0
26272,0
26273,0
26274,0
26275,0
26276,0
26277,0
26278,0
26279,0
26280,0
26281,0
26282,0
26283,0
26284,0
26285,0
26286,0
26287,0
26288,0
26289,0
26290,0
26291,0
26292,0
26293,0
26294,1
26295,0
26296,0
26297,0
26298,1
26299,0
26300,0
26301,0
26302,1
26303,0
26304,0
26305,0
26306,0
26307,0
26308,0
26309,0
26310,0
26311,0
26312,0
26313,0
26314,0
26315,0
26316,0
26317,0
26318,0
26319,0
26320,0
26321,0
26322,0
26323,0
26324,0
26325,0
26326,0
26327,0
26328,1
26329,0
26330,1
26331,0
26332,0
26333,0
26334,0
26335,0
26336,1
26337,0
26338,0
26339,0
26340,0
26341,0
26342,0
26343,0
26344,0
26345,0
26346,1
26347,0
26348,0
26349,0
26350,1
26351,0
26352,0
26353,0
26354,0
26355,0
26356,0
26357,0
26358,1
26359,0
26360,2
26361,0
26362,1
26363,0
26364,0
26365,0
26366,0
26367,0
26368,0
26369,0
26370,1
26371,0
26372,1
26373,0
26374,0
26375,0
26376,1
26377,0
26378,0
26379,0
26380,0
26381,0
26382,0
26383,0
26384,0
26385,0
26386,0
26387,0
26388,0
26389,0
26390,1
26391,0
26392,0
26393,0
26394,3
26395,0
26396,1
26397,0
26398,0
26399,0
26400,0
26401,0
26402,0
26403,0
26404,0
26405,0
26406,0
26407,0
26408,0
26409,0
26410,0
26411,0
26412,3
26413,0
26414,0
26415,0
26416,0
26417,0
26418,0
26419,0
26420,0
26421,0
26422,1
26423,0
26424,0
26425,0
26426,0
26427,0
26428,1
26429,0
26430,2
26431,0
26432,0
26433,0
26434,0
26435,0
26436,0
26437,0
26438,2
26439,0
26440,0
26441,0
26442,2
26443,0
26444,0
26445,0
26446,0
26447,0
26448,0
26449,0
26450,1
26451,0
26452,1
26453,0
26454,0
26455,0
26456,0
26457,0
26458,1
26459,0
26460,0
26461,0
26462,0
26463,0
26464,0
26465,0
26466,0
26467,0
26468,0
26469,0
26470,0
26471,0
26472,0
26473,0
26474,0
26475,0
26476,0
26477,0
26478,1
26479,0
26480,0
26481,0
26482,0
26483,0
26484,0
26485,0
26486,0
26487,0
26488,0
26489,0
26490,1
26491,0
26492,0
26493,0
26494,2
26495,0
26496,0
26497,0
26498,1
26499,0
26500,0
26501,0
26502,0
26503,0
26504,0
26505,0
26506,1
26507,0
26508,0
26509,0
26510,0
26511,0
26512,1
26513,0
26514,0
26515,0
26516,1
26517,0
26518,0
26519,0
26520,0
26521,0
26522,0
26523,0
26524,0
26525,0
26526,2
26527,0
26528,0
26529,0
26530,1
26531,0
26532,0
26533,0
26534,1
26535,0
26536,1
26537,0
26538,0
26539,0
26540,0
26541,0
26542,0
26543,0
26544,0
26545,0
26546,1
26547,0
26548,0
26549,0
26550,1
26551,0
26552,0
26553,0
26554,3
26555,0
26556,2
26557,0
26558,0
26559,0
26560,1
26561,0
26562,0
26563,0
26564,0
26565,0
26566,0
26567,0
26568,0
26569,0
26570,0
26571,0
26572,0
26573,0
26574,0
26575,0
26576,0
26577,0
26578,2
26579,0
26580,0
26581,0
26582,0
26583,0
26584,0
26585,0
26586,1
26587,0
26588,1
26589,0
26590,0
26591,0
26592,0
26593,0
26594,3
26595,0
26596,0
26597,0
26598,0
26599,0
26600,0
26601,0
26602,0
26603,0
26604,1
26605,0
26606,1
26607,0
26608,0
26609,0
26610,3
26611,0
26612,1
26613,0
26614,2
26615,0
26616,0
26617,0
26618,1
26619,0
26620,1
26621,0
26622,1
26623,0
26624,0
26625,0
26626,0
26627,0
26628,0
26629,0
26630,0
26631,0
26632,2
26633,0
26634,0
26635,0
26636,0
26637,0
26638,0
26639,0
26640,0
26641,0
26642,0
26643,0
26644,0
26645,0
26646,0
26647,0
26648,0
26649,0
26650,1
26651,0
26652,0
26653,0
26654,0
26655,0
26656,0
26657,0
26658,1
26659,0
26660,0
26661,0
26662,1
26663,0
26664,1
26665,0
26666,1
26667,0
26668,0
26669,0
26670,0
26671,0
26672,1
26673,0
26674,1
26675,0
26676,0
26677,0
26678,2
26679,0
26680,0
26681,0
26682,3
26683,0
26684,0
26685,0
26686,1
26687,0
26688,1
26689,0
26690,0
26691,0
26692,0
26693,0
26694,0
26695,0
26696,1
26697,0
26698,1
26699,0
26700,1
26701,0
26702,0
26703,0
26704,0
26705,0
26706,0
26707,0
26708,1
26709,0
26710,1
26711,0
26712,0
26713,0
26714,0
26715,0
26716,0
26717,0
26718,0
26719,0
26720,0
26721,0
26722,1
26723,0
26724,0
26725,0
26726,0
26727,0
26728,0
26729,0
26730,0
26731,0
26732,4
26733,0
26734,1
26735,0
26736,0
26737,0
26738,0
26739,0
26740,1
26741,0
26742,1
26743,0
26744,1
26745,0
26746,0
26747,0
26748,0
26749,0
26750,0
26751,0
26752,0
26753,0
26754,1
26755,0
26756,0
26757,0
26758,0
26759,0
26760,1
26761,0
26762,0
26763,0
26764,0
26765,0
26766,1
26767,0
26768,0
26769,0
26770,0
26771,0
26772,0
26773,0
26774,1
26775,0
26776,0
26777,0
26778,0
26779,0
26780,0
26781,0
26782,0
26783,0
26784,0
26785,0
26786,0
26787,0
26788,0
26789,0
26790,1
26791,0
26792,0
26793,0
26794,0
26795,0
26796,2
26797,0
26798,0
26799,0
26800,0
26801,0
26802,0
26803,0
26804,0
26805,0
26806,2
26807,0
26808,0
26809,0
26810,1
26811,0
26812,0
26813,0
26814,2
26815,0
26816,0
26817,0
26818,0
26819,0
26820,1
26821,0
26822,1
26823,0
26824,2
26825,0
26826,0
26827,0
26828,0
26829,0
26830,1
26831,0
26832,1
26833,0
26834,0
26835,0
26836,0
26837,0
26838,0
26839,0
26840,0
26841,0
26842,0
26843,0
26844,0
26845,0
26846,1
26847,0
26848,0
26849,0
26850,1
26851,0
26852,0
26853,0
26854,1
26855,0
26856,0
26857,0
26858,2
26859,0
26860,1
26861,0
26862,0
26863,0
26864,0
26865,0
26866,0
26867,0
26868,0
26869,0
26870,0
26871,0
26872,0
26873,0
26874,0
26875,0
26876,0
26877,0
26878,0
26879,0
26880,0
26881,0
26882,3
26883,0
26884,0
26885,0
26886,0
26887,0
26888,6
26889,0
26890,0
26891,0
26892,1
26893,0
26894,1
26895,0
26896,0
26897,0
26898,0
26899,0
26900,0
26901,0
26902,0
26903,0
26904,0
26905,0
26906,0
26907,0
26908,1
26909,0
26910,1
26911,0
26912,1
26913,0
26914,2
26915,0
26916,0
26917,0
26918,1
26919,0
26920,0
26921,0
26922,1
26923,0
26924,1
26925,0
26926,0
26927,0
26928,1
26929,0
26930,0
26931,0
26932,0
26933,0
26934,0
26935,0
26936,1
26937,0
26938,5
26939,0
26940,0
26941,0
26942,0
26943,0
26944,0
26945,0
26946,0
26947,0
26948,0
26949,0
26950,0
26951,0
26952,1
26953,0
26954,0
26955,0
26956,0
26957,0
26958,1
26959,0
26960,0
26961,0
26962,2
26963,0
26964,1
26965,0
26966,1
26967,0
26968,0
26969,0
26970,0
26971,0
26972,0
26973,0
26974,0
26975,0
26976,0
26977,0
26978,0
26979,0
26980,0
26981,0
26982,1
26983,0
26984,0
26985,0
26986,0
26987,0
26988,0
26989,0
26990,0
26991,0
26992,1
26993,0
26994,0
26995,0
26996,0
26997,0
26998,1
26999,0
27000,0
27001,0
27002,1
27003,0
27004,1
27005,0
27006,0
27007,0
27008,0
27009,0
27010,0
27011,0
27012,0
27013,0
27014,0
27015,0
27016,2
27017,0
27018,1
27019,0
27020,0
27021,0
27022,0
27023,0
27024,0
27025,0
27026,0
27027,0
27028,0
27029,0
27030,0
27031,0
27032,0
27033,0
27034,1
27035,0
27036,0
27037,0
27038,1
27039,0
27040,0
27041,0
27042,0
27043,0
27044,0
27045,0
27046,0
27047,0
27048,0
27049,0
27050,0
27051,0
27052,0
27053,0
27054,0
27055,0
27056,0
27057,0
27058,0
27059,0
27060,0
27061,0
27062,3
27063,0
27064,2
27065,0
27066,1
27067,0
27068,1
27069,0
27070,0
27071,0
27072,0
27073,0
27074,1
27075,0
27076,0
27077,0
27078,0
27079,0
27080,0
27081,0
27082,0
27083,0
27084,0
27085,0
27086,0
27087,0
27088,0
27089,0
27090,0
27091,0
27092,0
27093,0
27094,0
27095,0
27096,0
27097,0
27098,0
27099,0
27100,1
27101,0
27102,2
27103,0
27104,0
27105,0
27106,1
27107,0
27108,0
27109,0
27110,1
27111,0
27112,1
27113,0
27114,0
27115,0
27116,0
27117,0
27118,0
27119,0
27120,0
27121,0
27122,0
27123,0
27124,0
27125,0
27126,2
27127,0
27128,3
27129,0
27130,1
27131,0
27132,0
27133,0
27134,2
27135,0
27136,0
27137,0
27138,1
27139,0
27140,0
27141,0
27142,0
27143,0
27144,0
27145,0
27146,2
27147,0
27148,0
27149,0
27150,1
27151,0
27152,0
27153,0
27154,3
27155,0
27156,0
27157,0
27158,0
27159,0
27160,1
27161,0
27162,0
27163,0
27164,2
27165,0
27166,0
27167,0
27168,0
27169,0
27170,0
27171,0
27172,0
27173,0
27174,0
27175,0
27176,1
27177,0
27178,1
27179,0
27180,0
27181,0
27182,0
27183,0
27184,0
27185,0
27186,0
27187,0
27188,0
27189,0
27190,2
27191,0
27192,1
27193,0
27194,0
27195,0
27196,0
27197,0
27198,1
27199,0
27200,0
27201,0
27202,1
27203,0
27204,0
27205,0
27206,3
27207,0
27208,0
27209,0
27210,0
27211,0
27212,0
27213,0
27214,0
27215,0
27216,0
27217,0
27218,3
27219,0
27220,0
27221,0
27222,0
27223,0
27224,1
27225,0
27226,1
27227,0
27228,0
27229,0
27230,0
27231,0
27232,0
27233,0
27234,1
27235,0
27236,0
27237,0
27238,0
27239,0
27240,0
27241,0
27242,1
27243,0
27244,0
27245,0
27246,0
27247,0
27248,0
27249,0
27250,0
27251,0
27252,0
27253,0
27254,1
27255,0
27256,0
27257,0
27258,0
27259,0
27260,0
27261,0
27262,0
27263,0
27264,1
27265,0
27266,0
27267,0
27268,0
27269,0
27270,0
27271,0
27272,2
27273,0
27274,0
27275,0
27276,1
27277,0
27278,1
27279,0
27280,0
27281,0
27282,0
27283,0
27284,0
27285,0
27286,0
27287,0
27288,0
27289,0
27290,1
27291,0
27292,0
27293,0
27294,2
27295,0
27296,1
27297,0
27298,0
27299,0
27300,0
27301,0
27302,0
27303,0
27304,1
27305,0
27306,0
27307,0
27308,0
27309,0
27310,1
27311,0
27312,1
27313,0
27314,0
27315,0
27316,0
27317,0
27318,0
27319,0
27320,0
27321,0
27322,0
27323,0
27324,1
27325,0
27326,1
27327,0
27328,0
27329,0
27330,0
27331,0
27332,0
27333,0
27334,0
27335,0
27336,0
27337,0
27338,0
27339,0
27340,0
27341,0
27342,1
27343,0
27344,0
27345,0
27346,0
27347,0
27348,2
27349,0
27350,1
27351,0
27352,0
27353,0
27354,2
27355,0
27356,0
27357,0
27358,0
27359,0
27360,0
27361,0
27362,0
27363,0
27364,0
27365,0
27366,0
27367,0
27368,1
27369,0
27370,0
27371,0
27372,0
27373,0
27374,0
27375,0
27376,0
27377,0
27378,0
27379,0
27380,0
27381,0
27382,1
27383,0
27384,2
27385,0
27386,1
27387,0
27388,0
27389,0
27390,2
27391,0
27392,0
27393,0
27394,2
27395,0
27396,0
27397,0
27398,1
27399,0
27400,1
27401,0
27402,2
27403,0
27404,0
27405,0
27406,0
27407,0
27408,0
27409,0
27410,0
27411,0
27412,4
27413,0
27414,0
27415,0
27416,1
27417,0
27418,0
27419,0
27420,0
27421,0
27422,1
27423,0
27424,1
27425,0
27426,0
27427,0
27428,0
27429,0
27430,0
27431,0
27432,0
27433,0
27434,1
27435,0
27436,0
27437,0
27438,0
27439,0
27440,0
27441,0
27442,0
27443,0
27444,0
27445,0
27446,0
27447,0
27448,0
27449,0
27450,1
27451,0
27452,0
27453,0
27454,1
27455,0
27456,0
27457,0
27458,2
27459,0
27460,0
27461,0
27462,1
27463,0
27464,0
27465,0
27466,1
27467,0
27468,0
27469,0
27470,0
27471,0
27472,0
27473,0
27474,0
27475,0
27476,0
27477,0
27478,0
27479,0
27480,0
27481,0
27482,0
27483,0
27484,0
27485,0
27486,1
27487,0
27488,0
27489,0
27490,1
27491,0
27492,0
27493,0
27494,0
27495,0
27496,0
27497,0
27498,0
27499,0
27500,1
27501,0
27502,0
27503,0
27504,0
27505,0
27506,1
27507,0
27508,0
27509,0
27510,2
27511,0
27512,0
27513,0
27514,2
27515,0
27516,0
27517,0
27518,0
27519,0
27520,1
27521,0
27522,0
27523,0
27524,0
27525,0
27526,0
27527,0
27528,2
27529,0
27530,0
27531,0
27532,0
27533,0
27534,1
27535,0
27536,0
27537,0
27538,0
27539,0
27540,0
27541,0
27542,1
27543,0
27544,0
27545,0
27546,0
27547,0
27548,1
27549,0
27550,2
27551,0
27552,0
27553,0
27554,1
27555,0
27556,0
27557,0
27558,1
27559,0
27560,0
27561,0
27562,0
27563,0
27564,0
27565,0
27566,0
27567,0
27568,1
27569,0
27570,1
27571,0
27572,0
27573,0
27574,0
27575,0
27576,0
27577,0
27578,0
27579,0
27580,0
27581,0
27582,0
27583,0
27584,0
27585,0
27586,2
27587,0
27588,0
27589,0
27590,0
27591,0
27592,1
27593,0
27594,0
27595,0
27596,2
27597,0
27598,1
27599,0
27600,0
27601,0
27602,1
27603,0
27604,0
27605,0
27606,0
27607,0
27608,1
27609,0
27610,0
27611,0
27612,0
27613,0
27614,1
27615,0
27616,0
27617,0
27618,1
27619,0
27620,0
27621,0
27622,0
27623,0
27624,0
27625,0
27626,1
27627,0
27628,0
27629,0
27630,0
27631,0
27632,0
27633,0
27634,0
27635,0
27636,0
27637,0
27638,0
27639,0
27640,1
27641,0
27642,2
27643,0
27644,0
27645,0
27646,2
27647,0
27648,0
27649,0
27650,0
27651,0
27652,0
27653,0
27654,0
27655,0
27656,1
27657,0
27658,0
27659,0
27660,0
27661,0
27662,0
27663,0
27664,0
27665,0
27666,0
27667,0
27668,0
27669,0
27670,0
27671,0
27672,0
27673,0
27674,0
27675,0
27676,0
27677,0
27678,0
27679,0
27680,0
27681,0
27682,0
27683,0
27684,0
27685,0
27686,0
27687,0
27688,1
27689,0
27690,2
27691,0
27692,0
27693,0
27694,1
27695,0
27696,0
27697,0
27698,2
27699,0
27700,0
27701,0
27702,0
27703,0
27704,0
27705,0
27706,0
27707,0
27708,2
27709,0
27710,2
27711,0
27712,0
27713,0
27714,0
27715,0
27716,0
27717,0
27718,0
27719,0
27720,0
27721,0
27722,1
27723,0
27724,0
27725,0
27726,0
27727,0
27728,0
27729,0
27730,1
27731,0
27732,1
27733,0
27734,0
27735,0
27736,0
27737,0
27738,0
27739,0
27740,0
27741,0
27742,0
27743,0
27744,0
27745,0
27746,2
27747,0
27748,0
27749,0
27750,0
27751,0
27752,0
27753,0
27754,1
27755,0
27756,2
27757,0
27758,0
27759,0
27760,0
27761,0
27762,0
27763,0
27764,0
27765,0
27766,0
27767,0
27768,0
27769,0
27770,0
27771,0
27772,0
27773,0
27774,0
27775,0
27776,0
27777,0
27778,1
27779,0
27780,0
27781,0
27782,0
27783,0
27784,1
27785,0
27786,0
27787,0
27788,0
27789,0
27790,0
27791,0
27792,0
27793,0
27794,0
27795,0
27796,1
27797,0
27798,1
27799,0
27800,0
27801,0
27802,1
27803,0
27804,0
27805,0
27806,0
27807,0
27808,0
27809,0
27810,0
27811,0
27812,0
27813,0
27814,1
27815,0
27816,0
27817,0
27818,2
27819,0
27820,0
27821,0
27822,0
27823,0
27824,0
27825,0
27826,0
27827,0
27828,0
27829,0
27830,0
27831,0
27832,0
27833,0
27834,0
27835,0
27836,0
27837,0
27838,0
27839,0
27840,0
27841,0
27842,0
27843,0
27844,0
27845,0
27846,0
27847,0
27848,1
27849,0
27850,0
27851,0
27852,0
27853,0
27854,0
27855,0
27856,0
27857,0
27858,0
27859,0
27860,1
27861,0
27862,0
27863,0
27864,0
27865,0
27866,0
27867,0
27868,1
27869,0
27870,0
27871,0
27872,0
27873,0
27874,0
27875,0
27876,0
27877,0
27878,1
27879,0
27880,0
27881,0
27882,0
27883,0
27884,1
27885,0
27886,0
27887,0
27888,0
27889,0
27890,1
27891,0
27892,0
27893,0
27894,1
27895,0
27896,0
27897,0
27898,0
27899,0
27900,1
27901,0
27902,0
27903,0
27904,0
27905,0
27906,0
27907,0
27908,0
27909,0
27910,3
27911,0
27912,1
27913,0
27914,0
27915,0
27916,1
27917,0
27918,1
27919,0
27920,1
27921,0
27922,1
27923,0
27924,0
27925,0
27926,0
27927,0
27928,0
27929,0
27930,2
27931,0
27932,1
27933,0
27934,1
27935,0
27936,0
27937,0
27938,1
27939,0
27940,0
27941,0
27942,0
27943,0
27944,0
27945,0
27946,0
27947,0
27948,0
27949,0
27950,0
27951,0
27952,0
27953,0
27954,0
27955,0
27956,0
27957,0
27958,1
27959,0
27960,0
27961,0
27962,1
27963,0
27964,1
27965,0
27966,3
27967,0
27968,0
27969,0
27970,3
27971,0
27972,0
27973,0
27974,0
27975,0
27976,1
27977,0
27978,1
27979,0
27980,2
27981,0
27982,1
27983,0
27984,1
27985,0
27986,0
27987,0
27988,1
27989,0
27990,0
27991,0
27992,0
27993,0
27994,1
27995,0
27996,0
27997,0
27998,2
27999,0
28000,0
28001,0
28002,1
28003,0
28004,0
28005,0
28006,0
28007,0
28008,0
28009,0
28010,0
28011,0
28012,1
28013,0
28014,0
28015,0
28016,0
28017,0
28018,0
28019,0
28020,0
28021,0
28022,0
28023,0
28024,1
28025,0
28026,3
28027,0
28028,0
28029,0
28030,0
28031,0
28032,0
28033,0
28034,1
28035,0
28036,0
28037,0
28038,0
28039,0
28040,2
28041,0
28042,0
28043,0
28044,0
28045,0
28046,0
28047,0
28048,0
28049,0
28050,0
28051,0
28052,0
28053,0
28054,0
28055,0
28056,0
28057,0
28058,0
28059,0
28060,1
28061,0
28062,0
28063,0
28064,0
28065,0
28066,1
28067,0
28068,0
28069,0
28070,0
28071,0
28072,0
28073,0
28074,0
28075,0
28076,0
28077,0
28078,1
28079,0
28080,0
28081,0
28082,1
28083,0
28084,0
28085,0
28086,1
28087,0
28088,0
28089,0
28090,2
28091,0
28092,0
28093,0
28094,0
28095,0
28096,0
28097,0
28098,0
28099,0
28100,0
28101,0
28102,0
28103,0
28104,0
28105,0
28106,1
28107,0
28108,0
28109,0
28110,0
28111,0
28112,0
28113,0
28114,1
28115,0
28116,0
28117,0
28118,1
28119,0
28120,0
28121,0
28122,0
28123,0
28124,0
28125,0
28126,0
28127,0
28128,0
28129,0
28130,0
28131,0
28132,0
28133,0
28134,0
28135,0
28136,0
28137,0
28138,0
28139,0
28140,1
28141,0
28142,1
28143,0
28144,0
28145,0
28146,1
28147,0
28148,0
28149,0
28150,0
28151,0
28152,0
28153,0
28154,0
28155,0
28156,1
28157,0
28158,0
28159,0
28160,0
28161,0
28162,3
28163,0
28164,0
28165,0
28166,0
28167,0
28168,1
28169,0
28170,0
28171,0
28172,0
28173,0
28174,0
28175,0
28176,0
28177,0
28178,0
28179,0
28180,0
28181,0
28182,0
28183,0
28184,1
28185,0
28186,1
28187,0
28188,0
28189,0
28190,2
28191,0
28192,0
28193,0
28194,0
28195,0
28196,0
28197,0
28198,0
28199,0
28200,2
28201,0
28202,1
28203,0
28204,0
28205,0
28206,0
28207,0
28208,1
28209,0
28210,0
28211,0
28212,0
28213,0
28214,0
28215,0
28216,0
28217,0
28218,2
28219,0
28220,0
28221,0
28222,2
28223,0
28224,0
28225,0
28226,0
28227,0
28228,0
28229,0
28230,0
28231,0
28232,0
28233,0
28234,0
28235,0
28236,0
28237,0
28238,0
28239,0
28240,0
28241,0
28242,0
28243,0
28244,0
28245,0
28246,0
28247,0
28248,0
28249,0
28250,1
28251,0
28252,0
28253,0
28254,0
28255,0
28256,0
28257,0
28258,1
28259,0
28260,0
28261,0
28262,0
28263,0
28264,0
28265,0
28266,0
28267,0
28268,1
28269,0
28270,0
28271,0
28272,0
28273,0
28274,1
28275,0
28276,0
28277,0
28278,1
28279,0
28280,0
28281,0
28282,2
28283,0
28284,0
28285,0
28286,0
28287,0
28288,0
28289,0
28290,1
28291,0
28292,0
28293,0
28294,0
28295,0
28296,0
28297,0
28298,1
28299,0
28300,0
28301,0
28302,0
28303,0
28304,0
28305,0
28306,0
28307,0
28308,0
28309,0
28310,0
28311,0
28312,0
28313,0
28314,0
28315,0
28316,0
28317,0
28318,0
28319,0
28320,0
28321,0
28322,0
28323,0
28324,0
28325,0
28326,0
28327,0
28328,0
28329,0
28330,0
28331,0
28332,1
28333,0
28334,0
28335,0
28336,0
28337,0
28338,0
28339,0
28340,0
28341,0
28342,2
28343,0
28344,0
28345,0
28346,0
28347,0
28348,0
28349,0
28350,0
28351,0
28352,0
28353,0
28354,2
28355,0
28356,0
28357,0
28358,0
28359,0
28360,2
28361,0
28362,0
28363,0
28364,0
28365,0
28366,0
28367,0
28368,0
28369,0
28370,0
28371,0
28372,0
28373,0
28374,1
28375,0
28376,0
28377,0
28378,0
28379,0
28380,0
28381,0
28382,1
28383,0
28384,0
28385,0
28386,0
28387,0
28388,0
28389,0
28390,0
28391,0
28392,2
28393,0
28394,1
28395,0
28396,0
28397,0
28398,0
28399,0
28400,1
28401,0
28402,0
28403,0
28404,0
28405,0
28406,2
28407,0
28408,0
28409,0
28410,0
28411,0
28412,0
28413,0
28414,1
28415,0
28416,0
28417,0
28418,0
28419,0
28420,0
28421,0
28422,0
28423,0
28424,2
28425,0
28426,0
28427,0
28428,0
28429,0
28430,0
28431,0
28432,0
28433,0
28434,0
28435,0
28436,1
28437,0
28438,0
28439,0
28440,0
28441,0
28442,1
28443,0
28444,0
28445,0
28446,0
28447,0
28448,0
28449,0
28450,0
28451,0
28452,0
28453,0
28454,0
28455,0
28456,0
28457,0
28458,1
28459,0
28460,0
28461,0
28462,0
28463,0
28464,0
28465,0
28466,0
28467,0
28468,0
28469,0
28470,2
28471,0
28472,0
28473,0
28474,0
28475,0
28476,0
28477,0
28478,0
28479,0
28480,0
28481,0
28482,1
28483,0
28484,0
28485,0
28486,0
28487,0
28488,0
28489,0
28490,2
28491,0
28492,0
28493,0
28494,0
28495,0
28496,0
28497,0
28498,2
28499,0
28500,0
28501,0
28502,0
28503,0
28504,0
28505,0
28506,0
28507,0
28508,0
28509,0
28510,1
28511,0
28512,0
28513,0
28514,0
28515,0
28516,0
28517,0
28518,0
28519,0
28520,0
28521,0
28522,0
28523,0
28524,0
28525,0
28526,0
28527,0
28528,0
28529,0
28530,1
28531,0
28532,0
28533,0
28534,0
28535,0
28536,0
28537,0
28538,3
28539,0
28540,0
28541,0
28542,0
28543,0
28544,0
28545,0
28546,0
28547,0
28548,1
28549,0
28550,0
28551,0
28552,1
28553,0
28554,0
28555,0
28556,0
28557,0
28558,0
28559,0
28560,0
28561,0
28562,0
28563,0
28564,0
28565,0
28566,1
28567,0
28568,0
28569,0
28570,0
28571,0
28572,0
28573,0
28574,1
28575,0
28576,1
28577,0
28578,1
28579,0
28580,0
28581,0
28582,2
28583,0
28584,0
28585,0
28586,1
28587,0
28588,1
28589,0
28590,0
28591,0
28592,0
28593,0
28594,1
28595,0
28596,1
28597,0
28598,1
28599,0
28600,0
28601,0
28602,3
28603,0
28604,1
28605,0
28606,1
28607,0
28608,1
28609,0
28610,0
28611,0
28612,0
28613,0
28614,1
28615,0
28616,1
28617,0
28618,0
28619,0
28620,0
28621,0
28622,0
28623,0
28624,0
28625,0
28626,0
28627,0
28628,1
28629,0
28630,1
28631,0
28632,0
28633,0
28634,1
28635,0
28636,0
28637,0
28638,1
28639,0
28640,0
28641,0
28642,0
28643,0
28644,0
28645,0
28646,0
28647,0
28648,2
28649,0
28650,1
28651,0
28652,1
28653,0
28654,0
28655,0
28656,0
28657,0
28658,0
28659,0
28660,0
28661,0
28662,0
28663,0
28664,0
28665,0
28666,1
28667,0
28668,0
28669,0
28670,1
28671,0
28672,0
28673,0
28674,1
28675,0
28676,0
28677,0
28678,0
28679,0
28680,0
28681,0
28682,0
28683,0
28684,1
28685,0
28686,0
28687,0
28688,0
28689,0
28690,0
28691,0
28692,0
28693,0
28694,0
28695,0
28696,0
28697,0
28698,1
28699,0
28700,0
28701,0
28702,2
28703,0
28704,0
28705,0
28706,0
28707,0
28708,0
28709,0
28710,0
28711,0
28712,1
28713,0
28714,1
28715,0
28716,0
28717,0
28718,0
28719,0
28720,1
28721,0
28722,0
28723,0
28724,0
28725,0
28726,0
28727,0
28728,0
28729,0
28730,2
28731,0
28732,0
28733,0
28734,1
28735,0
28736,0
28737,0
28738,0
28739,0
28740,0
28741,0
28742,0
28743,0
28744,0
28745,0
28746,3
28747,0
28748,1
28749,0
28750,0
28751,0
28752,0
28753,0
28754,1
28755,0
28756,0
28757,0
28758,0
28759,0
28760,1
28761,0
28762,0
28763,0
28764,0
28765,0
28766,0
28767,0
28768,0
28769,0
28770,0
28771,0
28772,0
28773,0
28774,1
28775,0
28776,0
28777,0
28778,2
28779,0
28780,0
28781,0
28782,1
28783,0
28784,0
28785,0
28786,0
28787,0
28788,0
28789,0
28790,1
28791,0
28792,0
28793,0
28794,1
28795,0
28796,1
28797,0
28798,0
28799,0
28800,1
28801,0
28802,1
28803,0
28804,0
28805,0
28806,0
28807,0
28808,2
28809,0
28810,0
28811,0
28812,0
28813,0
28814,0
28815,0
