bucket,length
0,0
1,0
2,4
3,0
4,0
5,0
6,2
7,1
8,2
9,1
10,0
11,0
12,1
13,1
14,1
15,1
16,0
17,0
18,0
19,1
20,0
21,0
22,1
23,1
24,2
25,0
26,0
27,0
28,0
29,0
30,2
31,2
32,0
33,1
34,2
35,0
36,3
37,0
38,0
39,0
40,1
41,0
42,0
43,0
44,1
45,0
46,0
47,3
48,1
49,1
50,1
51,0
52,1
53,0
54,0
55,1
56,1
57,0
58,1
59,0
60,0
61,1
62,0
63,0
64,1
65,1
66,0
67,0
68,4
69,0
70,0
71,0
72,0
73,0
74,0
75,0
76,0
77,1
78,0
79,1
80,1
81,0
82,1
83,0
84,1
85,0
86,0
87,0
88,1
89,1
90,1
91,0
92,0
93,0
94,0
95,0
96,0
97,0
98,1
99,0
100,0
101,4
102,2
103,1
104,1
105,0
106,1
107,0
108,0
109,2
110,3
111,0
112,1
113,1
114,0
115,0
116,1
117,0
118,4
119,0
120,0
121,0
122,2
123,0
124,3
125,0
126,0
127,0
128,1
129,0
130,1
131,1
132,2
133,2
134,1
135,1
136,2
137,1
138,0
139,2
140,0
141,0
142,0
143,0
144,0
145,0
146,2
147,1
148,2
149,1
150,4
151,1
152,0
153,3
154,3
155,1
156,0
157,0
158,0
159,1
160,1
161,0
162,2
163,0
164,0
165,1
166,1
167,0
168,2
169,0
170,0
171,1
172,0
173,0
174,1
175,2
176,2
177,1
178,0
179,5
180,3
181,0
182,1
183,0
184,0
185,0
186,1
187,2
188,2
189,0
190,1
191,0
192,0
193,1
194,0
195,0
196,1
197,0
198,0
199,1
200,1
201,0
202,1
203,1
204,0
205,2
206,1
207,2
208,1
209,0
210,1
211,0
212,0
213,0
214,3
215,0
216,2
217,0
218,0
219,1
220,0
221,0
222,0
223,0
224,0
225,1
226,0
227,2
228,0
229,1
230,2
231,0
232,2
233,0
234,0
235,1
236,1
237,1
238,1
239,0
240,0
241,1
242,1
243,1
244,1
245,1
246,0
247,0
248,0
249,0
250,0
251,1
252,0
253,0
254,0
255,1
256,0
257,0
258,1
259,0
260,0
261,0
262,1
263,1
264,2
265,0
266,0
267,0
268,2
269,2
270,0
271,3
272,0
273,1
274,3
275,0
276,0
277,1
278,0
279,0
280,1
281,0
282,0
283,1
284,1
285,3
286,0
287,0
288,0
289,2
290,0
291,2
292,0
293,0
294,0
295,1
296,0
297,2
298,0
299,0
300,0
301,2
302,1
303,1
304,0
305,1
306,0
307,1
308,0
309,0
310,0
311,3
312,1
313,3
314,1
315,0
316,0
317,2
318,2
319,0
320,0
321,0
322,1
323,0
324,0
325,0
326,2
327,1
328,0
329,0
330,1
331,0
332,0
333,1
334,2
335,1
336,2
337,0
338,0
339,3
340,0
341,4
342,0
343,0
344,5
345,1
346,2
347,1
348,0
349,1
350,0
351,0
352,1
353,0
354,0
355,1
356,1
357,0
358,0
359,0
360,1
361,0
362,2
363,0
364,0
365,0
366,0
367,0
368,2
369,0
370,2
371,1
372,1
373,0
374,1
375,1
376,1
377,0
378,4
379,0
380,2
381,1
382,1
383,0
384,2
385,5
386,0
387,1
388,2
389,1
390,0
391,1
392,1
393,0
394,1
395,0
396,0
397,0
398,0
399,0
400,0
401,2
402,4
403,0
404,2
405,1
406,0
407,0
408,1
409,0
410,3
411,0
412,0
413,1
414,0
415,1
416,0
417,1
418,0
419,0
420,2
421,1
422,1
423,0
424,0
425,0
426,1
427,0
428,0
429,0
430,0
431,1
432,0
433,0
434,1
435,1
436,2
437,0
438,1
439,2
440,1
441,3
442,1
443,0
444,0
445,3
446,0
447,1
448,2
449,0
450,1
451,1
452,2
453,0
454,0
455,0
456,2
457,1
458,0
459,1
460,0
461,1
462,4
463,1
464,2
465,3
466,1
467,0
468,0
469,0
470,1
471,2
472,0
473,2
474,1
475,1
476,0
477,1
478,0
479,0
480,0
481,0
482,1
483,0
484,3
485,0
486,0
487,0
488,0
489,0
490,0
491,1
492,0
493,0
494,1
495,1
496,0
497,0
498,0
499,0
500,0
501,1
502,0
503,0
504,1
505,0
506,0
507,0
508,0
509,0
510,2
511,0
512,0
513,1
514,0
515,1
516,0
517,3
518,1
519,0
520,1
521,1
522,1
523,0
524,2
525,0
526,0
527,1
528,2
529,0
530,0
531,0
532,0
533,0
534,0
535,1
536,2
537,1
538,2
539,0
540,0
541,1
542,1
543,1
544,1
545,1
546,3
547,0
548,1
549,0
550,0
551,0
552,0
553,1
554,1
555,0
556,0
557,0
558,1
559,0
560,1
561,0
562,0
563,1
564,1
565,1
566,0
567,0
568,0
569,2
570,0
571,0
572,1
573,0
574,2
575,0
576,0
577,0
578,1
579,0
580,2
581,1
582,1
583,0
584,0
585,1
586,0
587,0
588,1
589,1
590,1
591,0
592,0
593,0
594,0
595,0
596,0
597,0
598,1
599,2
600,0
601,1
602,0
603,0
604,3
605,0
606,0
607,1
608,0
609,1
610,0
611,0
612,0
613,1
614,0
615,0
616,0
617,0
618,0
619,0
620,0
621,0
622,3
623,0
624,0
625,1
626,0
627,1
628,0
629,0
630,2
631,0
632,0
633,1
634,0
635,1
636,0
637,1
638,2
639,3
640,0
641,1
642,0
643,0
644,1
645,6
646,0
647,0
648,1
649,0
650,0
651,0
652,0
653,1
654,0
655,0
656,0
657,1
658,0
659,1
660,0
661,2
662,0
663,0
664,0
665,0
666,1
667,0
668,0
669,0
670,1
671,0
672,0
673,0
674,0
675,1
676,0
677,0
678,0
679,0
680,1
681,0
682,1
683,0
684,0
685,1
686,4
687,2
688,1
689,1
690,0
691,0
692,0
693,1
694,3
695,1
696,1
697,0
698,0
699,1
700,0
701,0
702,1
703,0
704,2
705,7
706,0
707,0
708,1
709,0
710,0
711,0
712,0
713,0
714,0
715,0
716,0
717,0
718,1
719,2
720,0
721,0
722,1
723,0
724,1
725,0
726,2
727,1
728,0
729,0
730,3
731,1
732,0
733,1
734,0
735,1
736,1
737,2
738,1
739,3
740,0
741,2
742,3
743,1
744,0
745,1
746,0
747,0
748,1
749,0
750,0
751,0
752,1
753,0
754,2
755,0
756,2
757,0
758,0
759,1
760,1
761,1
762,0
763,0
764,2
765,0
766,2
767,1
768,1
769,0
770,2
771,0
772,2
773,0
774,1
775,0
776,2
777,2
778,0
779,3
780,0
781,0
782,1
783,1
784,1
785,2
786,1
787,3
788,3
789,1
790,0
791,0
792,0
793,3
794,1
795,0
796,1
797,1
798,1
799,0
800,0
801,0
802,0
803,3
804,1
805,0
806,0
807,0
808,3
809,0
810,1
811,1
812,1
813,1
814,0
815,0
816,0
817,2
818,0
819,0
820,0
821,0
822,1
823,1
824,0
825,2
826,4
827,0
828,0
829,0
830,1
831,0
832,1
833,1
834,0
835,6
836,0
837,1
838,1
839,2
840,0
841,0
842,0
843,0
844,2
845,1
846,1
847,0
848,2
849,1
850,2
851,0
852,0
853,2
854,2
855,0
856,0
857,1
858,0
859,0
860,0
861,3
862,0
863,0
864,0
865,0
866,0
867,0
868,1
869,0
870,0
871,0
872,0
873,0
874,0
875,0
876,1
877,0
878,5
879,1
880,0
881,0
882,2
883,1
884,1
885,0
886,1
887,0
888,1
889,0
890,0
891,0
892,1
893,0
894,2
895,0
896,0
897,0
898,0
899,1
900,0
901,0
902,0
903,0
904,0
905,0
906,0
907,1
908,0
909,1
910,0
911,1
912,0
913,0
914,0
915,0
916,5
917,1
918,0
919,0
920,0
921,0
922,1
923,1
924,0
925,0
926,0
927,0
928,2
929,0
930,1
931,0
932,0
933,1
934,0
935,0
936,0
937,0
938,0
939,3
940,1
941,0
942,0
943,2
944,1
945,0
946,0
947,1
948,0
949,1
950,2
951,1
952,0
953,2
954,0
955,2
956,0
957,0
958,4
959,0
960,2
961,3
962,0
963,0
964,3
965,0
966,0
967,0
968,1
969,1
970,1
971,1
972,0
973,0
974,4
975,1
976,4
977,1
978,2
979,0
980,1
981,3
982,0
983,1
984,0
985,0
986,0
987,1
988,1
989,3
990,0
991,1
992,0
993,0
994,1
995,1
996,1
997,2
998,2
999,0
1000,2
1001,1
1002,2
1003,0
1004,2
1005,1
1006,1
1007,1
1008,0
1009,1
1010,0
1011,1
1012,0
1013,2
1014,0
1015,1
1016,1
1017,3
1018,2
1019,1
1020,2
1021,1
1022,1
1023,1
1024,0
1025,1
1026,2
1027,0
1028,0
1029,1
1030,0
1031,2
1032,1
1033,1
1034,1
1035,0
1036,1
1037,0
1038,2
1039,0
1040,0
1041,1
1042,1
1043,2
1044,1
1045,0
1046,0
1047,0
1048,1
1049,1
1050,1
1051,1
1052,0
1053,0
1054,0
1055,2
1056,1
1057,1
1058,1
1059,2
1060,0
1061,0
1062,0
1063,1
1064,0
1065,0
1066,0
1067,0
1068,0
1069,1
1070,0
1071,1
1072,0
1073,2
1074,0
1075,0
1076,0
1077,1
1078,1
1079,1
1080,0
1081,0
1082,3
1083,0
1084,0
1085,0
1086,0
1087,2
1088,0
1089,1
1090,0
1091,0
1092,1
1093,0
1094,0
1095,2
1096,1
1097,1
1098,0
1099,0
1100,0
1101,3
1102,1
1103,1
1104,0
1105,0
1106,0
1107,2
1108,1
1109,0
1110,0
1111,1
1112,0
1113,0
1114,0
1115,0
1116,0
1117,0
1118,0
1119,0
1120,0
1121,1
1122,1
1123,0
1124,1
1125,0
1126,0
1127,0
1128,1
1129,0
1130,0
1131,1
1132,0
1133,0
1134,2
1135,0
1136,1
1137,1
1138,1
1139,0
1140,0
1141,0
1142,0
1143,0
1144,0
1145,0
1146,1
1147,0
1148,0
1149,0
1150,0
1151,2
1152,1
1153,3
1154,0
1155,0
1156,0
1157,1
1158,0
1159,0
1160,2
1161,0
1162,0
1163,1
1164,0
1165,2
1166,1
1167,0
1168,3
1169,1
1170,0
1171,1
1172,0
1173,0
1174,1
1175,0
1176,2
1177,1
1178,0
1179,0
1180,3
1181,0
1182,0
1183,0
1184,1
1185,4
1186,0
1187,0
1188,1
1189,0
1190,0
1191,3
1192,0
1193,0
1194,2
1195,4
1196,0
1197,5
1198,0
1199,1
1200,0
1201,0
1202,1
1203,0
1204,0
1205,0
1206,0
1207,1
1208,0
1209,1
1210,1
1211,0
1212,0
1213,0
1214,1
1215,1
1216,1
1217,0
1218,3
1219,0
1220,1
1221,3
1222,0
1223,3
1224,3
1225,2
1226,1
1227,2
1228,0
1229,0
1230,0
1231,1
1232,1
1233,1
1234,0
1235,0
1236,1
1237,1
1238,0
1239,0
1240,0
1241,0
1242,0
1243,0
1244,1
1245,1
1246,1
1247,1
1248,0
1249,0
1250,1
1251,0
1252,1
1253,2
1254,0
1255,1
1256,0
1257,2
1258,0
1259,1
1260,2
1261,0
1262,2
1263,1
1264,0
1265,1
1266,0
1267,3
1268,1
1269,3
1270,2
1271,0
1272,1
1273,1
1274,2
1275,0
1276,1
1277,2
1278,1
1279,0
1280,1
1281,1
1282,2
1283,0
1284,0
1285,1
1286,0
1287,1
1288,1
1289,0
1290,0
1291,1
1292,0
1293,2
1294,2
1295,0
1296,0
1297,0
1298,0
1299,3
1300,0
1301,1
1302,0
1303,1
1304,0
1305,2
1306,0
1307,0
1308,0
1309,0
1310,0
1311,0
1312,0
1313,0
1314,0
1315,0
1316,1
1317,0
1318,0
1319,0
1320,1
1321,1
1322,0
1323,0
1324,1
1325,2
1326,0
1327,0
1328,0
1329,1
1330,0
1331,1
1332,1
1333,0
1334,2
1335,1
1336,3
1337,3
1338,1
1339,0
1340,0
1341,0
1342,1
1343,0
1344,3
1345,1
1346,1
1347,0
1348,1
1349,1
1350,2
1351,1
1352,0
1353,5
1354,0
1355,2
1356,0
1357,0
1358,1
1359,1
1360,1
1361,1
1362,1
1363,0
1364,0
1365,0
1366,2
1367,0
1368,2
1369,0
1370,2
1371,0
1372,0
1373,0
1374,0
1375,0
1376,0
1377,0
1378,1
1379,0
1380,0
1381,1
1382,2
1383,1
1384,1
1385,0
1386,0
1387,1
1388,1
1389,0
1390,0
1391,8
1392,1
1393,0
1394,3
1395,2
1396,2
1397,2
1398,0
1399,0
1400,1
1401,1
1402,1
1403,0
1404,0
1405,1
1406,1
1407,0
1408,0
1409,1
1410,1
1411,0
1412,0
1413,0
1414,2
1415,0
1416,2
1417,1
1418,0
1419,0
1420,0
1421,0
1422,0
1423,0
1424,0
1425,1
1426,0
1427,0
1428,1
1429,0
1430,0
1431,2
1432,3
1433,1
1434,1
1435,1
1436,0
1437,0
1438,0
1439,1
1440,1
1441,0
1442,1
1443,0
1444,2
1445,1
1446,2
1447,0
1448,0
1449,2
1450,0
1451,0
1452,0
1453,1
1454,0
1455,1
1456,0
1457,0
1458,0
1459,1
1460,0
1461,1
1462,1
1463,1
1464,0
1465,0
1466,0
1467,3
1468,0
1469,1
1470,2
1471,0
1472,1
1473,1
1474,0
1475,1
1476,0
1477,0
1478,0
1479,0
1480,0
1481,0
1482,4
1483,0
1484,0
1485,0
1486,1
1487,0
1488,1
1489,0
1490,0
1491,0
1492,1
1493,0
1494,2
1495,0
1496,0
1497,0
1498,0
1499,1
1500,1
1501,0
1502,0
1503,1
1504,2
1505,1
1506,1
1507,1
1508,0
1509,0
1510,0
1511,0
1512,1
1513,0
1514,2
1515,4
1516,0
1517,1
1518,0
1519,1
1520,1
1521,0
1522,0
1523,1
1524,0
1525,1
1526,1
1527,0
1528,0
1529,2
1530,1
1531,0
1532,0
1533,1
1534,0
1535,1
1536,2
1537,4
1538,1
1539,0
1540,0
1541,0
1542,1
1543,1
1544,0
1545,1
1546,1
1547,0
1548,1
1549,1
1550,1
1551,0
1552,0
1553,0
1554,0
1555,0
1556,2
1557,2
1558,0
1559,1
1560,0
1561,2
1562,0
1563,2
1564,2
1565,1
1566,1
1567,0
1568,1
1569,0
1570,2
1571,0
1572,3
1573,0
1574,1
1575,1
1576,1
1577,0
1578,0
1579,1
1580,1
1581,1
1582,1
1583,0
1584,0
1585,0
1586,2
1587,2
1588,0
1589,1
1590,6
1591,0
1592,0
1593,0
1594,0
1595,1
1596,0
1597,0
1598,1
1599,5
1600,0
1601,2
1602,2
1603,0
1604,1
1605,0
1606,2
1607,1
1608,1
1609,3
1610,0
1611,0
1612,0
1613,1
1614,1
1615,0
1616,0
1617,1
1618,1
1619,1
1620,1
1621,0
1622,1
1623,0
1624,0
1625,0
1626,0
1627,0
1628,0
1629,0
1630,1
1631,2
1632,1
1633,0
1634,2
1635,1
1636,0
1637,3
1638,0
1639,0
1640,0
1641,0
1642,1
1643,0
1644,0
1645,2
1646,0
1647,2
1648,1
1649,1
1650,0
1651,3
1652,1
1653,0
1654,0
1655,0
1656,0
1657,1
1658,1
1659,0
1660,0
1661,1
1662,0
1663,0
1664,0
1665,0
1666,0
1667,1
1668,1
1669,1
1670,1
1671,2
1672,1
1673,0
1674,0
1675,1
1676,0
1677,0
1678,1
1679,0
1680,0
1681,0
1682,1
1683,2
1684,1
1685,4
1686,0
1687,1
1688,4
1689,0
1690,1
1691,0
1692,0
1693,1
1694,0
1695,1
1696,0
1697,2
1698,0
1699,0
1700,1
1701,3
1702,0
1703,0
1704,0
1705,2
1706,0
1707,1
1708,0
1709,0
1710,1
1711,2
1712,0
1713,0
1714,0
1715,2
1716,1
1717,0
1718,1
1719,0
1720,0
1721,1
1722,0
1723,1
1724,1
1725,2
1726,0
1727,1
1728,0
1729,0
1730,1
1731,0
1732,2
1733,1
1734,1
1735,0
1736,0
1737,1
1738,2
1739,0
1740,1
1741,0
1742,1
1743,0
1744,3
1745,0
1746,1
1747,0
1748,1
1749,0
1750,2
1751,0
1752,1
1753,1
1754,0
1755,2
1756,1
1757,1
1758,1
1759,0
1760,0
1761,0
1762,0
1763,0
1764,0
1765,2
1766,1
1767,1
1768,0
1769,2
1770,0
1771,0
1772,1
1773,0
1774,0
1775,1
1776,0
1777,0
1778,0
1779,3
1780,0
1781,1
1782,0
1783,1
1784,0
1785,3
1786,2
1787,2
1788,1
1789,2
1790,1
1791,0
1792,1
1793,3
1794,3
1795,0
1796,0
1797,1
1798,3
1799,1
1800,0
1801,0
1802,0
1803,0
1804,1
1805,1
1806,0
1807,1
1808,0
1809,0
1810,1
1811,1
1812,1
1813,1
1814,1
1815,2
1816,3
1817,0
1818,0
1819,0
1820,1
1821,1
1822,0
1823,2
1824,2
1825,0
1826,1
1827,1
1828,1
1829,1
1830,0
1831,1
1832,1
1833,1
1834,2
1835,0
1836,1
1837,0
1838,1
1839,1
1840,0
1841,0
1842,2
1843,1
1844,1
1845,0
1846,0
1847,3
1848,1
1849,1
1850,1
1851,0
1852,0
1853,0
1854,1
1855,0
1856,0
1857,6
1858,0
1859,1
1860,2
1861,1
1862,2
1863,3
1864,6
1865,0
1866,0
1867,0
1868,0
1869,1
1870,1
1871,3
1872,0
1873,0
1874,0
1875,0
1876,2
1877,1
1878,2
1879,0
1880,5
1881,0
1882,0
1883,3
1884,0
1885,3
1886,1
1887,0
1888,0
1889,0
1890,0
1891,2
1892,0
1893,2
1894,2
1895,1
1896,0
1897,1
1898,1
1899,0
1900,1
1901,0
1902,0
1903,2
1904,0
1905,0
1906,0
1907,0
1908,1
1909,1
1910,2
1911,0
1912,0
1913,2
1914,1
1915,0
1916,1
1917,0
1918,2
1919,1
1920,0
1921,1
1922,0
1923,1
1924,2
1925,1
1926,1
1927,0
1928,2
1929,0
1930,8
1931,0
1932,1
1933,0
1934,1
1935,0
1936,0
1937,0
1938,0
1939,0
1940,2
1941,1
1942,2
1943,1
1944,0
1945,0
1946,0
1947,0
1948,1
1949,1
1950,3
1951,1
1952,2
1953,0
1954,3
1955,2
1956,2
1957,0
1958,0
1959,3
1960,0
1961,2
1962,2
1963,0
1964,1
1965,2
1966,2
1967,2
1968,0
1969,0
1970,1
1971,0
1972,0
1973,1
1974,2
1975,0
1976,1
1977,0
1978,1
1979,0
1980,1
1981,0
1982,1
1983,0
1984,0
1985,0
1986,1
1987,1
1988,0
1989,0
1990,1
1991,1
1992,0
1993,0
1994,0
1995,1
1996,0
1997,0
1998,0
1999,0
2000,2
2001,0
2002,0
2003,1
2004,0
2005,0
2006,0
2007,1
2008,1
2009,3
2010,1
2011,1
2012,0
2013,0
2014,0
2015,2
2016,1
2017,0
2018,0
2019,2
2020,1
2021,5
2022,0
2023,0
2024,4
2025,2
2026,2
2027,9
2028,0
2029,0
2030,2
2031,1
2032,0
2033,2
2034,0
2035,5
2036,0
2037,2
2038,0
2039,1
2040,1
2041,0
2042,1
2043,0
2044,0
2045,0
2046,0
2047,1
2048,1
2049,0
2050,0
2051,0
2052,2
2053,3
2054,0
2055,0
2056,0
2057,1
2058,4
2059,0
2060,0
2061,0
2062,0
2063,0
2064,0
2065,1
2066,0
2067,1
2068,0
2069,1
2070,1
2071,0
2072,1
2073,0
2074,0
2075,0
2076,0
2077,0
2078,0
2079,0
2080,1
2081,2
2082,1
2083,0
2084,0
2085,1
2086,0
2087,1
2088,0
2089,0
2090,1
2091,0
2092,0
2093,1
2094,0
2095,4
2096,1
2097,0
2098,1
2099,0
2100,3
2101,2
2102,1
2103,1
2104,5
2105,0
2106,4
2107,0
2108,0
2109,0
2110,1
2111,2
2112,0
2113,0
2114,2
2115,3
2116,0
2117,1
2118,1
2119,1
2120,1
2121,4
2122,1
2123,3
2124,1
2125,1
2126,1
2127,0
2128,1
2129,0
2130,0
2131,0
2132,0
2133,0
2134,1
2135,1
2136,2
2137,1
2138,1
2139,0
2140,1
2141,1
2142,0
2143,0
2144,0
2145,1
2146,2
2147,1
2148,0
2149,0
2150,1
2151,2
2152,0
2153,0
2154,2
2155,0
2156,2
2157,1
2158,1
2159,1
2160,0
2161,0
2162,3
2163,0
2164,3
2165,1
2166,0
2167,0
2168,1
2169,1
2170,0
2171,0
2172,0
2173,2
2174,1
2175,0
2176,0
2177,4
2178,0
2179,0
2180,1
2181,0
2182,0
2183,1
2184,0
2185,0
2186,0
2187,0
2188,1
2189,0
2190,0
2191,2
2192,1
2193,1
2194,1
2195,0
2196,1
2197,2
2198,2
2199,0
2200,1
2201,0
2202,2
2203,0
2204,0
2205,1
2206,0
2207,0
2208,1
2209,0
2210,0
2211,1
2212,2
2213,1
2214,0
2215,2
2216,0
2217,1
2218,3
2219,2
2220,0
2221,1
2222,1
2223,1
2224,0
2225,1
2226,0
2227,0
2228,0
2229,0
2230,3
2231,2
2232,0
2233,0
2234,0
2235,1
2236,0
2237,1
2238,0
2239,0
2240,0
2241,0
2242,0
2243,2
2244,0
2245,1
2246,1
2247,0
2248,0
2249,2
2250,0
2251,0
2252,1
2253,0
2254,1
2255,1
2256,1
2257,1
2258,0
2259,0
2260,0
2261,1
2262,0
2263,1
2264,2
2265,0
2266,0
2267,0
2268,0
2269,1
2270,0
2271,0
2272,0
2273,0
2274,0
2275,1
2276,0
2277,0
2278,1
2279,0
2280,1
2281,0
2282,0
2283,5
2284,0
2285,1
2286,2
2287,2
2288,0
2289,0
2290,1
2291,0
2292,0
2293,3
2294,1
2295,1
2296,0
2297,2
2298,1
2299,2
2300,2
2301,0
2302,0
2303,0
2304,2
2305,2
2306,0
2307,0
2308,4
2309,0
2310,2
2311,0
2312,1
2313,1
2314,1
2315,2
2316,0
2317,2
2318,0
2319,2
2320,0
2321,0
2322,1
2323,1
2324,0
2325,0
2326,0
2327,2
2328,2
2329,3
2330,1
2331,0
2332,0
2333,0
2334,2
2335,0
2336,1
2337,0
2338,1
2339,0
2340,1
2341,1
2342,0
2343,0
2344,2
2345,1
2346,2
2347,1
2348,0
2349,4
2350,1
2351,0
2352,0
2353,1
2354,0
2355,0
2356,0
2357,1
2358,0
2359,4
2360,3
2361,0
2362,0
2363,0
2364,1
2365,0
2366,1
2367,0
2368,1
2369,2
2370,1
2371,2
2372,0
2373,3
2374,1
2375,0
2376,0
2377,1
2378,0
2379,2
2380,1
2381,1
2382,1
2383,1
2384,1
2385,0
2386,1
2387,1
2388,0
2389,2
2390,0
2391,0
2392,0
2393,2
2394,0
2395,2
2396,2
2397,0
2398,2
2399,0
2400,2
2401,1
2402,2
2403,0
2404,0
2405,1
2406,1
2407,1
2408,0
2409,2
2410,4
2411,2
2412,1
2413,1
2414,0
2415,0
2416,2
2417,0
2418,1
2419,1
2420,0
2421,0
2422,0
2423,1
2424,0
2425,1
2426,2
2427,1
2428,0
2429,0
2430,0
2431,1
2432,0
2433,1
2434,0
2435,0
2436,0
2437,0
2438,0
2439,0
2440,1
2441,0
2442,0
2443,1
2444,0
2445,0
2446,2
2447,0
2448,0
2449,0
2450,0
2451,0
2452,0
2453,0
2454,0
2455,1
2456,0
2457,4
2458,0
2459,1
2460,1
2461,1
2462,3
2463,1
2464,2
2465,0
2466,1
2467,1
2468,1
2469,0
2470,0
2471,1
2472,0
2473,2
2474,0
2475,0
2476,0
2477,0
2478,2
2479,1
2480,0
2481,1
2482,1
2483,0
2484,1
2485,0
2486,0
2487,0
2488,2
2489,1
2490,1
2491,0
2492,4
2493,4
2494,2
2495,2
2496,0
2497,0
2498,1
2499,2
2500,0
2501,0
2502,2
2503,3
2504,0
2505,1
2506,0
2507,3
2508,1
2509,0
2510,1
2511,0
2512,0
2513,0
2514,1
2515,0
2516,2
2517,1
2518,0
2519,3
2520,0
2521,1
2522,0
2523,0
2524,2
2525,3
2526,0
2527,1
2528,0
2529,1
2530,1
2531,1
2532,1
2533,0
2534,1
2535,1
2536,0
2537,0
2538,0
2539,1
2540,0
2541,0
2542,1
2543,0
2544,0
2545,0
2546,1
2547,0
2548,0
2549,1
2550,3
2551,1
2552,0
2553,1
2554,2
2555,0
2556,0
2557,0
2558,0
2559,1
2560,1
2561,0
2562,0
2563,1
2564,1
2565,0
2566,1
2567,1
2568,1
2569,1
2570,1
2571,2
2572,1
2573,2
2574,1
2575,1
2576,0
2577,0
2578,0
2579,1
2580,1
2581,0
2582,1
2583,0
2584,0
2585,0
2586,0
2587,0
2588,2
2589,0
2590,0
2591,2
2592,0
2593,2
2594,0
2595,1
2596,0
2597,0
2598,0
2599,0
2600,2
2601,0
2602,0
2603,1
2604,0
2605,0
2606,0
2607,0
2608,0
2609,1
2610,0
2611,0
2612,0
2613,1
2614,0
2615,0
2616,0
2617,0
2618,1
2619,0
2620,3
2621,1
2622,1
2623,2
2624,2
2625,0
2626,0
2627,0
2628,0
2629,5
2630,0
2631,1
2632,0
2633,2
2634,1
2635,1
2636,1
2637,0
2638,0
2639,0
2640,0
2641,1
2642,3
2643,0
2644,2
2645,0
2646,1
2647,1
2648,0
2649,1
2650,0
2651,2
2652,1
2653,3
2654,1
2655,0
2656,0
2657,0
2658,0
2659,0
2660,1
2661,2
2662,1
2663,0
2664,0
2665,0
2666,1
2667,1
2668,1
2669,1
2670,0
2671,1
2672,0
2673,0
2674,2
2675,2
2676,1
2677,1
2678,0
2679,2
2680,0
2681,0
2682,0
2683,0
2684,0
2685,0
2686,0
2687,0
2688,0
2689,1
2690,1
2691,0
2692,1
2693,0
2694,0
2695,0
2696,2
2697,1
2698,2
2699,2
2700,2
2701,1
2702,2
2703,0
2704,1
2705,0
2706,0
2707,0
2708,0
2709,3
2710,2
2711,0
2712,2
2713,0
2714,0
2715,0
2716,0
2717,1
2718,0
2719,0
2720,0
2721,2
2722,0
2723,0
2724,1
2725,0
2726,3
2727,1
2728,1
2729,1
2730,1
2731,0
2732,0
2733,0
2734,1
2735,2
2736,0
2737,1
2738,2
2739,1
2740,0
2741,0
2742,0
2743,1
2744,2
2745,1
2746,1
2747,0
2748,1
2749,1
2750,1
2751,3
2752,1
2753,0
2754,0
2755,0
2756,1
2757,1
2758,0
2759,5
2760,4
2761,1
2762,1
2763,0
2764,2
2765,0
2766,1
2767,0
2768,0
2769,0
2770,4
2771,1
2772,2
2773,0
2774,0
2775,1
2776,0
2777,2
2778,0
2779,1
2780,4
2781,0
2782,1
2783,0
2784,4
2785,0
2786,1
2787,2
2788,0
2789,3
2790,0
2791,2
2792,0
2793,0
2794,1
2795,0
2796,0
2797,0
2798,0
2799,0
2800,0
2801,0
2802,0
2803,2
2804,0
2805,0
2806,0
2807,1
2808,3
2809,0
2810,0
2811,0
2812,0
2813,1
2814,0
2815,3
2816,0
2817,1
2818,5
2819,0
2820,1
2821,0
2822,0
2823,0
2824,0
2825,0
2826,0
2827,0
2828,2
2829,1
2830,1
2831,1
2832,0
2833,2
2834,0
2835,0
2836,0
2837,0
2838,1
2839,1
2840,6
2841,0
2842,0
2843,0
2844,2
2845,0
2846,4
2847,1
2848,0
2849,1
2850,0
2851,1
2852,3
2853,1
2854,0
2855,4
2856,1
2857,1
2858,1
2859,1
2860,0
2861,0
2862,2
2863,1
2864,0
2865,0
2866,7
2867,0
2868,3
2869,1
2870,1
2871,1
2872,5
2873,0
2874,0
2875,0
2876,1
2877,0
2878,1
2879,0
2880,0
2881,0
2882,1
2883,0
2884,2
2885,1
2886,0
2887,0
2888,0
2889,1
2890,1
2891,0
2892,1
2893,0
2894,0
2895,0
2896,0
2897,0
2898,0
2899,1
2900,1
2901,1
2902,2
2903,0
2904,0
2905,2
2906,1
2907,2
2908,0
2909,1
2910,0
2911,1
2912,0
2913,2
2914,0
2915,2
2916,0
2917,0
2918,1
2919,1
2920,1
2921,3
2922,2
2923,3
2924,0
2925,0
2926,2
2927,1
2928,1
2929,1
2930,1
2931,1
2932,0
2933,1
2934,0
2935,0
2936,0
2937,0
2938,1
2939,1
2940,0
2941,0
2942,0
2943,0
2944,1
2945,1
2946,0
2947,0
2948,0
2949,1
2950,2
2951,1
2952,0
2953,1
2954,3
2955,0
2956,0
2957,0
2958,0
2959,1
2960,3
2961,0
2962,3
2963,0
2964,0
2965,1
2966,0
2967,0
2968,1
2969,4
2970,0
2971,2
2972,1
2973,1
2974,0
2975,0
2976,4
2977,1
2978,1
2979,3
2980,0
2981,2
2982,1
2983,2
2984,0
2985,2
2986,0
2987,1
2988,0
2989,1
2990,0
2991,0
2992,1
2993,1
2994,2
2995,0
2996,0
2997,0
2998,0
2999,0
3000,1
3001,1
3002,0
3003,0
3004,1
3005,1
3006,1
3007,0
3008,2
3009,2
3010,1
3011,0
3012,2
3013,1
3014,1
3015,0
3016,0
3017,2
3018,0
3019,1
3020,1
3021,0
3022,0
3023,0
3024,0
3025,0
3026,3
3027,0
3028,1
3029,1
3030,3
3031,1
3032,0
3033,0
3034,1
3035,0
3036,1
3037,0
3038,0
3039,2
3040,0
3041,0
3042,1
3043,0
3044,1
3045,2
3046,1
3047,1
3048,0
3049,1
3050,1
3051,4
3052,0
3053,1
3054,1
3055,0
3056,0
3057,1
3058,0
3059,1
3060,2
3061,0
3062,0
3063,2
3064,1
3065,1
3066,1
3067,1
3068,0
3069,0
3070,0
3071,1
3072,1
3073,1
3074,0
3075,0
3076,1
3077,1
3078,3
3079,0
3080,1
3081,0
3082,0
3083,0
3084,0
3085,2
3086,1
3087,0
3088,2
3089,0
3090,0
3091,0
3092,2
3093,1
3094,0
3095,1
3096,0
3097,0
3098,1
3099,0
3100,0
3101,0
3102,0
3103,0
3104,0
3105,0
3106,1
3107,1
3108,0
3109,1
3110,1
3111,0
3112,0
3113,1
3114,0
3115,0
3116,1
3117,0
3118,1
3119,0
3120,0
3121,0
3122,0
3123,0
3124,1
3125,0
3126,1
3127,0
3128,2
3129,1
3130,0
3131,0
3132,0
3133,1
3134,0
3135,0
3136,1
3137,0
3138,1
3139,0
3140,1
3141,1
3142,0
3143,1
3144,0
3145,0
3146,0
3147,1
3148,1
3149,2
3150,0
3151,0
3152,0
3153,1
3154,0
3155,0
3156,1
3157,0
3158,0
3159,0
3160,0
3161,1
3162,0
3163,0
3164,1
3165,1
3166,0
3167,0
3168,2
3169,0
3170,0
3171,0
3172,0
3173,1
3174,0
3175,0
3176,2
3177,0
3178,2
3179,0
3180,0
3181,0
3182,1
3183,0
3184,0
3185,0
3186,1
3187,0
3188,2
3189,2
3190,1
3191,0
3192,0
3193,0
3194,0
3195,1
3196,0
3197,1
3198,0
3199,0
3200,2
3201,0
3202,1
3203,0
3204,0
3205,0
3206,2
3207,0
3208,0
3209,2
3210,0
3211,0
3212,2
3213,1
3214,1
3215,1
3216,1
3217,0
3218,2
3219,0
3220,0
3221,0
3222,0
3223,1
3224,0
3225,1
3226,1
3227,0
3228,0
3229,0
3230,1
3231,0
3232,0
3233,0
3234,0
3235,1
3236,0
3237,1
3238,0
3239,0
3240,1
3241,0
3242,0
3243,0
3244,1
3245,0
3246,0
3247,0
3248,0
3249,3
3250,2
3251,4
3252,1
3253,1
3254,1
3255,2
3256,0
3257,0
3258,1
3259,0
3260,0
3261,1
3262,0
3263,0
3264,0
3265,0
3266,0
3267,2
3268,0
3269,1
3270,2
3271,1
3272,1
3273,0
3274,2
3275,1
3276,1
3277,1
3278,0
3279,0
3280,0
3281,1
3282,2
3283,0
3284,2
3285,1
3286,2
3287,0
3288,0
3289,0
3290,1
3291,1
3292,0
3293,1
3294,2
3295,1
3296,0
3297,4
3298,2
3299,0
3300,0
3301,0
3302,0
3303,0
3304,0
3305,0
3306,1
3307,0
3308,0
3309,0
3310,0
3311,2
3312,0
3313,1
3314,3
3315,0
3316,0
3317,0
3318,2
3319,2
3320,0
3321,1
3322,0
3323,0
3324,0
3325,1
3326,0
3327,2
3328,1
3329,2
3330,2
3331,3
3332,0
3333,0
3334,1
3335,0
3336,1
3337,2
3338,0
3339,1
3340,3
3341,0
3342,0
3343,2
3344,2
3345,1
3346,0
3347,1
3348,0
3349,1
3350,2
3351,0
3352,0
3353,0
3354,0
3355,0
3356,0
3357,1
3358,0
3359,1
3360,1
3361,1
3362,0
3363,2
3364,0
3365,1
3366,1
3367,0
3368,1
3369,0
3370,0
3371,1
3372,0
3373,3
3374,0
3375,0
3376,0
3377,0
3378,1
3379,0
3380,1
3381,1
3382,1
3383,2
3384,2
3385,0
3386,1
3387,0
3388,0
3389,0
3390,2
3391,1
3392,0
3393,1
3394,1
3395,1
3396,1
3397,0
3398,1
3399,3
3400,0
3401,1
3402,0
3403,1
3404,1
3405,0
3406,0
3407,0
3408,0
3409,0
3410,0
3411,0
3412,0
3413,1
3414,0
3415,1
3416,1
3417,1
3418,0
3419,0
3420,0
3421,0
3422,0
3423,1
3424,0
3425,1
3426,0
3427,1
3428,0
3429,2
3430,1
3431,0
3432,0
3433,1
3434,0
3435,1
3436,0
3437,1
3438,1
3439,1
3440,0
3441,0
3442,1
3443,0
3444,0
3445,2
3446,2
3447,1
3448,2
3449,1
3450,1
3451,1
3452,0
3453,1
3454,0
3455,0
3456,0
3457,1
3458,1
3459,0
3460,6
3461,0
3462,0
3463,1
3464,0
3465,1
3466,2
3467,1
3468,1
3469,0
3470,1
3471,0
3472,0
3473,1
3474,2
3475,0
3476,0
3477,1
3478,1
3479,0
3480,0
3481,0
3482,0
3483,0
3484,1
3485,1
3486,3
3487,0
3488,0
3489,2
3490,0
3491,1
3492,0
3493,0
3494,2
3495,0
3496,1
3497,0
3498,1
3499,1
3500,0
3501,0
3502,0
3503,0
3504,0
3505,2
3506,1
3507,1
3508,1
3509,1
3510,1
3511,2
3512,0
3513,0
3514,0
3515,1
3516,0
3517,0
3518,1
3519,0
3520,2
3521,0
3522,0
3523,1
3524,2
3525,2
3526,1
3527,0
3528,3
3529,0
3530,1
3531,0
3532,0
3533,0
3534,0
3535,2
3536,0
3537,2
3538,0
3539,3
3540,0
3541,1
3542,2
3543,0
3544,0
3545,0
3546,1
3547,0
3548,2
3549,0
3550,0
3551,1
3552,5
3553,1
3554,0
3555,0
3556,1
3557,0
3558,1
3559,1
3560,1
3561,1
3562,0
3563,0
3564,1
3565,0
3566,0
3567,0
3568,1
3569,0
3570,0
3571,1
3572,0
3573,1
3574,1
3575,0
3576,0
3577,1
3578,0
3579,0
3580,2
3581,1
3582,0
3583,1
3584,0
3585,0
3586,1
3587,0
3588,0
3589,3
3590,0
3591,1
3592,0
3593,2
3594,1
3595,0
3596,1
3597,1
3598,0
3599,0
3600,0
3601,1
3602,2
3603,0
3604,2
3605,4
3606,1
3607,1
3608,1
3609,0
3610,1
3611,0
3612,2
3613,0
3614,0
3615,0
3616,1
3617,0
3618,0
3619,1
3620,0
3621,0
3622,0
3623,2
3624,0
3625,1
3626,0
3627,0
3628,0
3629,0
3630,2
3631,0
3632,0
3633,1
3634,0
3635,2
3636,0
3637,1
3638,1
3639,0
3640,1
3641,4
3642,0
3643,0
3644,1
3645,0
3646,0
3647,1
3648,0
3649,0
3650,0
3651,1
3652,0
3653,0
3654,1
3655,1
3656,0
3657,1
3658,1
3659,1
3660,0
3661,0
3662,0
3663,0
3664,0
3665,5
3666,1
3667,1
3668,2
3669,1
3670,2
3671,0
3672,2
3673,1
3674,0
3675,0
3676,0
3677,0
3678,1
3679,1
3680,0
3681,1
3682,2
3683,1
3684,0
3685,1
3686,0
3687,0
3688,0
3689,0
3690,0
3691,0
3692,0
3693,0
3694,0
3695,1
3696,0
3697,2
3698,0
3699,0
3700,0
3701,1
3702,2
3703,2
3704,1
3705,0
3706,0
3707,1
3708,0
3709,0
3710,1
3711,1
3712,0
3713,2
3714,0
3715,0
3716,7
3717,2
3718,0
3719,1
3720,2
3721,2
3722,0
3723,0
3724,0
3725,1
3726,0
3727,0
3728,0
3729,1
3730,2
3731,1
3732,0
3733,1
3734,0
3735,1
3736,0
3737,1
3738,1
3739,2
3740,0
3741,2
3742,1
3743,0
3744,6
3745,2
3746,2
3747,1
3748,1
3749,2
3750,0
3751,0
3752,0
3753,3
3754,0
3755,1
3756,1
3757,1
3758,2
3759,1
3760,0
3761,2
3762,0
3763,1
3764,1
3765,1
3766,2
3767,0
3768,1
3769,0
3770,0
3771,0
3772,1
3773,0
3774,1
3775,1
3776,1
3777,0
3778,0
3779,2
3780,0
3781,1
3782,0
3783,0
3784,1
3785,0
3786,0
3787,1
3788,2
3789,1
3790,2
3791,4
3792,1
3793,1
3794,0
3795,1
3796,0
3797,0
3798,2
3799,1
3800,0
3801,0
3802,0
3803,1
3804,0
3805,0
3806,0
3807,2
3808,1
3809,0
3810,1
3811,1
3812,0
3813,0
3814,1
3815,2
3816,1
3817,1
3818,0
3819,1
3820,1
3821,0
3822,0
3823,0
3824,1
3825,1
3826,0
3827,1
3828,0
3829,0
3830,0
3831,0
3832,0
3833,1
3834,1
3835,4
3836,0
3837,2
3838,0
3839,0
3840,1
3841,1
3842,0
3843,1
3844,0
3845,0
3846,0
3847,0
3848,0
3849,0
3850,1
3851,0
3852,1
3853,0
3854,0
3855,6
3856,3
3857,3
3858,0
3859,0
3860,1
3861,0
3862,3
3863,0
3864,0
3865,0
3866,0
3867,1
3868,1
3869,1
3870,1
3871,1
3872,2
3873,1
3874,0
3875,2
3876,2
3877,1
3878,0
3879,1
3880,0
3881,0
3882,1
3883,3
3884,0
3885,2
3886,0
3887,0
3888,2
3889,0
3890,0
3891,4
3892,1
3893,1
3894,0
3895,0
3896,0
3897,0
3898,0
3899,0
3900,2
3901,0
3902,2
3903,0
3904,0
3905,1
3906,0
3907,4
3908,2
3909,1
3910,0
3911,1
3912,1
3913,2
3914,2
3915,1
3916,0
3917,0
3918,1
3919,2
3920,1
3921,2
3922,0
3923,0
3924,0
3925,1
3926,1
3927,1
3928,0
3929,1
3930,2
3931,1
3932,0
3933,0
3934,1
3935,1
3936,1
3937,0
3938,2
3939,1
3940,0
3941,1
3942,1
3943,0
3944,1
3945,2
3946,2
3947,0
3948,1
3949,1
3950,0
3951,0
3952,0
3953,0
3954,3
3955,0
3956,1
3957,3
3958,1
3959,0
3960,3
3961,0
3962,0
3963,1
3964,1
3965,4
3966,0
3967,1
3968,0
3969,0
3970,0
3971,0
3972,2
3973,0
3974,1
3975,2
3976,0
3977,0
3978,1
3979,1
3980,1
3981,2
3982,6
3983,0
3984,1
3985,0
3986,0
3987,0
3988,0
3989,2
3990,1
3991,0
3992,7
3993,2
3994,0
3995,1
3996,1
3997,1
3998,1
3999,0
4000,0
4001,2
4002,0
4003,1
4004,0
4005,0
4006,1
4007,0
4008,0
4009,0
4010,0
4011,0
4012,0
4013,0
4014,0
4015,1
4016,1
4017,0
4018,0
4019,0
4020,1
4021,1
4022,0
4023,1
4024,2
4025,0
4026,1
4027,0
4028,0
4029,0
4030,4
4031,0
4032,2
4033,2
4034,0
4035,1
4036,0
4037,0
4038,0
4039,1
4040,0
4041,0
4042,0
4043,0
4044,0
4045,0
4046,1
4047,1
4048,1
4049,0
4050,0
4051,3
4052,0
4053,1
4054,1
4055,0
4056,0
4057,1
4058,2
4059,0
4060,0
4061,0
4062,2
4063,1
4064,0
4065,0
4066,3
4067,2
4068,1
4069,1
4070,2
4071,1
4072,1
4073,0
4074,0
4075,0
4076,0
4077,0
4078,1
4079,0
4080,1
4081,0
4082,0
4083,0
4084,1
4085,0
4086,0
4087,0
4088,0
4089,1
4090,1
4091,2
4092,1
4093,0
4094,0
4095,0
4096,5
4097,0
4098,1
4099,0
4100,0
4101,0
4102,0
4103,0
4104,0
4105,2
4106,0
4107,0
4108,0
4109,3
4110,0
4111,1
4112,0
4113,1
4114,0
4115,0
4116,0
4117,2
4118,1
4119,0
4120,0
4121,3
4122,1
4123,0
4124,0
4125,1
4126,1
4127,1
4128,0
4129,1
4130,0
4131,0
4132,2
4133,1
4134,0
4135,0
4136,0
4137,0
4138,4
4139,0
4140,0
4141,1
4142,0
4143,0
4144,0
4145,1
4146,0
4147,0
4148,2
4149,0
4150,0
4151,1
4152,0
4153,0
4154,0
4155,1
4156,1
4157,1
4158,0
4159,0
4160,2
4161,1
4162,0
4163,1
4164,1
4165,0
4166,1
4167,0
4168,0
4169,0
4170,2
4171,1
4172,2
4173,0
4174,2
4175,1
4176,0
4177,0
4178,1
4179,3
4180,1
4181,0
4182,1
4183,1
4184,3
4185,2
4186,2
4187,1
4188,0
4189,0
4190,0
4191,0
4192,2
4193,2
4194,3
4195,2
4196,1
4197,0
4198,2
4199,0
4200,0
4201,1
4202,1
4203,0
4204,0
4205,1
4206,2
4207,1
4208,0
4209,1
4210,0
4211,1
4212,0
4213,0
4214,1
4215,0
4216,0
4217,1
4218,0
4219,0
4220,0
4221,1
4222,0
4223,1
4224,1
4225,3
4226,1
4227,1
4228,1
4229,2
4230,1
4231,0
4232,2
4233,0
4234,0
4235,0
4236,0
4237,0
4238,0
4239,2
4240,0
4241,0
4242,1
4243,2
4244,0
4245,0
4246,2
4247,2
4248,3
4249,0
4250,2
4251,1
4252,0
4253,2
4254,0
4255,0
4256,2
4257,0
4258,1
4259,1
4260,1
4261,0
4262,1
4263,2
4264,0
4265,0
4266,2
4267,1
4268,2
4269,1
4270,0
4271,2
4272,1
4273,0
4274,1
4275,1
4276,0
4277,0
4278,0
4279,5
4280,1
4281,0
4282,0
4283,0
4284,1
4285,1
4286,0
4287,1
4288,2
4289,1
4290,1
4291,0
4292,1
4293,3
4294,2
4295,1
4296,0
4297,0
4298,0
4299,1
4300,1
4301,0
4302,0
4303,0
4304,1
4305,2
4306,0
4307,5
4308,1
4309,0
4310,0
4311,0
4312,0
4313,4
4314,0
4315,0
4316,0
4317,0
4318,3
4319,0
4320,1
4321,0
4322,0
4323,0
4324,2
4325,3
4326,0
4327,2
4328,0
4329,0
4330,0
4331,0
4332,0
4333,0
4334,0
4335,2
4336,1
4337,0
4338,1
4339,0
4340,0
4341,1
4342,0
4343,0
4344,0
4345,0
4346,3
4347,0
4348,0
4349,0
4350,0
4351,0
4352,0
4353,0
4354,0
4355,1
4356,1
4357,1
4358,1
4359,0
4360,3
4361,1
4362,1
4363,1
4364,1
4365,0
4366,0
4367,0
4368,0
4369,1
4370,0
4371,1
4372,4
4373,0
4374,1
4375,0
4376,0
4377,0
4378,1
4379,0
4380,1
4381,1
4382,2
4383,2
4384,0
4385,0
4386,1
4387,0
4388,1
4389,1
4390,0
4391,0
4392,1
4393,1
4394,0
4395,1
4396,1
4397,1
4398,2
4399,1
4400,2
4401,0
4402,2
4403,0
4404,1
4405,0
4406,1
4407,0
4408,0
4409,1
4410,1
4411,0
4412,0
4413,0
4414,1
4415,1
4416,0
4417,5
4418,0
4419,1
4420,1
4421,1
4422,0
4423,0
4424,1
4425,1
4426,0
4427,0
4428,0
4429,2
4430,2
4431,1
4432,4
4433,0
4434,0
4435,0
4436,0
4437,1
4438,0
4439,0
4440,0
4441,0
4442,0
4443,1
4444,0
4445,0
4446,0
4447,0
4448,0
4449,0
4450,4
4451,0
4452,1
4453,0
4454,0
4455,0
4456,0
4457,0
4458,0
4459,2
4460,0
4461,0
4462,0
4463,1
4464,0
4465,1
4466,1
4467,0
4468,0
4469,0
4470,0
4471,0
4472,2
4473,1
4474,0
4475,1
4476,0
4477,0
4478,0
4479,0
4480,0
4481,0
4482,1
4483,0
4484,1
4485,1
4486,2
4487,1
4488,1
4489,0
4490,0
4491,1
4492,2
4493,1
4494,0
4495,3
4496,2
4497,0
4498,1
4499,1
4500,1
4501,2
4502,2
4503,1
4504,1
4505,0
4506,1
4507,0
4508,2
4509,0
4510,1
4511,1
4512,0
4513,0
4514,1
4515,0
4516,1
4517,0
4518,2
4519,0
4520,0
4521,0
4522,0
4523,0
4524,0
4525,2
4526,0
4527,2
4528,0
4529,1
4530,0
4531,1
4532,1
4533,0
4534,0
4535,0
4536,0
4537,1
4538,0
4539,0
4540,0
4541,2
4542,0
4543,2
4544,2
4545,0
4546,0
4547,0
4548,0
4549,1
4550,1
4551,1
4552,1
4553,0
4554,0
4555,2
4556,3
4557,0
4558,2
4559,1
4560,0
4561,0
4562,1
4563,0
4564,0
4565,0
4566,0
4567,0
4568,0
4569,0
4570,0
4571,0
4572,0
4573,0
4574,2
4575,1
4576,1
4577,0
4578,0
4579,4
4580,0
4581,0
4582,1
4583,1
4584,0
4585,0
4586,1
4587,1
4588,0
4589,0
4590,0
4591,0
4592,3
4593,0
4594,1
4595,1
4596,1
4597,0
4598,0
4599,1
4600,0
4601,0
4602,0
4603,1
4604,0
4605,0
4606,0
4607,1
4608,0
4609,2
4610,0
4611,2
4612,1
4613,0
4614,5
4615,2
4616,1
4617,1
4618,0
4619,0
4620,0
4621,0
4622,0
4623,0
4624,1
4625,0
4626,3
4627,0
4628,1
4629,1
4630,0
4631,0
4632,0
4633,0
4634,0
4635,0
4636,2
4637,1
4638,1
4639,1
4640,1
4641,1
4642,1
4643,0
4644,0
4645,0
4646,1
4647,0
4648,1
4649,1
4650,0
4651,1
4652,0
4653,0
4654,0
4655,0
4656,0
4657,1
4658,1
4659,3
4660,0
4661,0
4662,1
4663,0
4664,1
4665,2
4666,0
4667,0
4668,0
4669,0
4670,1
4671,0
4672,1
4673,0
4674,0
4675,0
4676,2
4677,2
4678,3
4679,0
4680,0
4681,0
4682,0
4683,0
4684,0
4685,1
4686,1
4687,1
4688,0
4689,2
4690,0
4691,0
4692,0
4693,1
4694,0
4695,0
4696,1
4697,0
4698,0
4699,0
4700,0
4701,2
4702,1
4703,1
4704,0
4705,1
4706,0
4707,0
4708,1
4709,0
4710,1
4711,0
4712,1
4713,1
4714,0
4715,1
4716,1
4717,0
4718,2
4719,1
4720,2
4721,0
4722,0
4723,2
4724,0
4725,1
4726,0
4727,0
4728,0
4729,1
4730,0
4731,0
4732,0
4733,1
4734,1
4735,0
4736,2
4737,0
4738,1
4739,0
4740,0
4741,0
4742,0
4743,0
4744,1
4745,0
4746,0
4747,1
4748,1
4749,2
4750,0
4751,0
4752,0
4753,0
4754,1
4755,1
4756,1
4757,0
4758,0
4759,1
4760,1
4761,1
4762,1
4763,2
4764,0
4765,3
4766,0
4767,0
4768,2
4769,1
4770,0
4771,0
4772,2
4773,0
4774,1
4775,1
4776,0
4777,0
4778,0
4779,0
4780,2
4781,0
4782,1
4783,2
4784,0
4785,0
4786,0
4787,0
4788,1
4789,0
4790,1
4791,0
4792,0
4793,1
4794,0
4795,1
4796,0
4797,2
4798,2
4799,0
4800,3
4801,0
4802,1
4803,0
4804,1
4805,2
4806,0
4807,0
4808,0
4809,1
4810,1
4811,1
4812,1
4813,0
4814,3
4815,0
4816,1
4817,1
4818,1
4819,3
4820,0
4821,0
4822,1
4823,0
4824,1
4825,0
4826,0
4827,0
4828,0
4829,0
4830,2
4831,0
4832,0
4833,0
4834,0
4835,1
4836,0
4837,4
4838,0
4839,0
4840,1
4841,1
4842,0
4843,0
4844,1
4845,0
4846,0
4847,1
4848,2
4849,0
4850,0
4851,0
4852,0
4853,1
4854,2
4855,2
4856,1
4857,1
4858,0
4859,2
4860,0
4861,0
4862,0
4863,0
4864,0
4865,2
4866,3
4867,1
4868,0
4869,0
4870,0
4871,5
4872,0
4873,1
4874,1
4875,1
4876,1
4877,0
4878,0
4879,1
4880,2
4881,2
4882,0
4883,3
4884,2
4885,0
4886,2
4887,1
4888,0
4889,0
4890,0
4891,0
4892,0
4893,0
4894,1
4895,0
4896,4
4897,0
4898,0
4899,1
4900,0
4901,1
4902,0
4903,1
4904,0
4905,0
4906,2
4907,0
4908,1
4909,0
4910,0
4911,0
4912,1
4913,0
4914,0
4915,1
4916,0
4917,0
4918,1
4919,0
4920,3
4921,0
4922,0
4923,1
4924,1
4925,4
4926,0
4927,0
4928,0
4929,1
4930,2
4931,0
4932,1
4933,1
4934,0
4935,2
4936,3
4937,1
4938,0
4939,0
4940,1
4941,1
4942,0
4943,1
4944,0
4945,0
4946,0
4947,0
4948,0
4949,1
4950,1
4951,0
4952,0
4953,1
4954,1
4955,1
4956,3
4957,0
4958,1
4959,0
4960,1
4961,2
4962,1
4963,1
4964,1
4965,0
4966,1
4967,0
4968,1
4969,2
4970,2
4971,3
4972,1
4973,0
4974,0
4975,0
4976,1
4977,1
4978,1
4979,1
4980,0
4981,0
4982,2
4983,0
4984,0
4985,1
4986,1
4987,0
4988,0
4989,0
4990,1
4991,1
4992,1
4993,0
4994,1
4995,0
4996,0
4997,0
4998,0
4999,0
5000,0
5001,0
5002,0
5003,0
5004,0
5005,1
5006,0
5007,0
5008,0
5009,2
5010,0
5011,1
5012,1
5013,2
5014,0
5015,3
5016,0
5017,0
5018,0
5019,1
5020,0
5021,0
5022,2
5023,1
5024,1
5025,0
5026,0
5027,2
5028,5
5029,0
5030,0
5031,0
5032,1
5033,1
5034,0
5035,0
5036,0
5037,0
5038,0
5039,1
5040,3
5041,2
5042,0
5043,0
5044,2
5045,0
5046,0
5047,0
5048,2
5049,2
5050,1
5051,1
5052,2
5053,0
5054,3
5055,0
5056,0
5057,1
5058,1
5059,0
5060,1
5061,0
5062,1
5063,1
5064,0
5065,1
5066,0
5067,1
5068,1
5069,0
5070,1
5071,0
5072,2
5073,1
5074,1
5075,1
5076,1
5077,2
5078,0
5079,0
5080,0
5081,0
5082,2
5083,0
5084,1
5085,0
5086,1
5087,1
5088,1
5089,0
5090,0
5091,0
5092,0
5093,1
5094,0
5095,1
5096,2
5097,4
5098,1
5099,0
5100,0
5101,2
5102,0
5103,1
5104,3
5105,2
5106,0
5107,0
5108,0
5109,1
5110,0
5111,0
5112,0
5113,1
5114,1
5115,0
5116,1
5117,1
5118,3
5119,0
5120,0
5121,0
5122,2
5123,0
5124,1
5125,1
5126,2
5127,0
5128,3
5129,0
5130,2
5131,2
5132,0
5133,1
5134,0
5135,0
5136,2
5137,0
5138,1
5139,0
5140,0
5141,1
5142,1
5143,0
5144,3
5145,0
5146,1
5147,2
5148,0
5149,1
5150,0
5151,1
5152,1
5153,1
5154,3
5155,0
5156,1
5157,0
5158,0
5159,1
5160,0
5161,2
5162,0
5163,0
5164,0
5165,1
5166,1
5167,0
5168,1
5169,0
5170,0
5171,0
5172,2
5173,1
5174,1
5175,2
5176,0
5177,1
5178,1
5179,1
5180,0
5181,1
5182,0
5183,0
5184,0
5185,0
5186,0
5187,6
5188,0
5189,0
5190,2
5191,0
5192,0
5193,0
5194,2
5195,1
5196,1
5197,4
5198,1
5199,0
5200,0
5201,1
5202,1
5203,0
5204,4
5205,0
5206,0
5207,0
5208,0
5209,0
5210,3
5211,1
5212,1
5213,0
5214,0
5215,2
5216,1
5217,0
5218,0
5219,2
5220,0
5221,2
5222,0
5223,0
5224,0
5225,1
5226,0
5227,1
5228,0
5229,1
5230,0
5231,1
5232,0
5233,1
5234,0
5235,1
5236,1
5237,0
5238,0
5239,0
5240,2
5241,3
5242,0
5243,0
5244,0
5245,0
5246,1
5247,0
5248,0
5249,0
5250,0
5251,0
5252,0
5253,1
5254,1
5255,1
5256,2
5257,0
5258,1
5259,0
5260,0
5261,1
5262,1
5263,1
5264,0
5265,1
5266,1
5267,1
5268,1
5269,0
5270,0
5271,0
5272,1
5273,0
5274,0
5275,2
5276,0
5277,0
5278,2
5279,0
5280,1
5281,0
5282,0
5283,1
5284,0
5285,0
5286,0
5287,2
5288,1
5289,0
5290,6
5291,2
5292,1
5293,0
5294,0
5295,1
5296,1
5297,0
5298,1
5299,0
5300,2
5301,1
5302,1
5303,2
5304,0
5305,3
5306,2
5307,1
5308,0
5309,2
5310,0
5311,0
5312,1
5313,0
5314,0
5315,1
5316,1
5317,1
5318,0
5319,0
5320,2
5321,0
5322,1
5323,2
5324,0
5325,0
5326,0
5327,1
5328,1
5329,0
5330,2
5331,1
5332,0
5333,0
5334,0
5335,1
5336,0
5337,1
5338,0
5339,1
5340,1
5341,1
5342,1
5343,3
5344,2
5345,1
5346,0
5347,1
5348,2
5349,0
5350,4
5351,1
5352,1
5353,0
5354,1
5355,0
5356,0
5357,0
5358,3
5359,1
5360,0
5361,1
5362,2
5363,0
5364,0
5365,1
5366,1
5367,1
5368,1
5369,0
5370,0
5371,0
5372,0
5373,0
5374,1
5375,0
5376,2
5377,0
5378,0
5379,0
5380,1
5381,3
5382,0
5383,3
5384,0
5385,1
5386,2
5387,0
5388,0
5389,1
5390,2
5391,0
5392,2
5393,1
5394,2
5395,0
5396,1
5397,0
5398,0
5399,0
5400,1
5401,1
5402,0
5403,0
5404,1
5405,0
5406,0
5407,2
5408,0
5409,0
5410,1
5411,0
5412,0
5413,0
5414,1
5415,1
5416,1
5417,0
5418,2
5419,0
5420,1
5421,1
5422,1
5423,1
5424,2
5425,2
5426,2
5427,0
5428,0
5429,1
5430,1
5431,0
5432,1
5433,3
5434,5
5435,0
5436,0
5437,1
5438,0
5439,0
5440,1
5441,0
5442,0
5443,0
5444,0
5445,0
5446,1
5447,0
5448,1
5449,0
5450,0
5451,0
5452,0
5453,0
5454,0
5455,0
5456,2
5457,3
5458,0
5459,5
5460,0
5461,0
5462,0
5463,0
5464,0
5465,0
5466,0
5467,0
5468,1
5469,2
5470,2
5471,1
5472,0
5473,1
5474,0
5475,2
5476,0
5477,0
5478,1
5479,0
5480,3
5481,0
5482,1
5483,0
5484,0
5485,3
5486,1
5487,2
5488,1
5489,0
5490,1
5491,2
5492,0
5493,1
5494,0
5495,0
5496,2
5497,1
5498,1
5499,0
5500,1
5501,1
5502,1
5503,4
5504,1
5505,0
5506,2
5507,0
5508,0
5509,0
5510,1
5511,0
5512,1
5513,0
5514,1
5515,4
5516,1
5517,0
5518,1
5519,0
5520,0
5521,0
5522,0
5523,2
5524,1
5525,1
5526,1
5527,2
5528,0
5529,1
5530,0
5531,0
5532,0
5533,0
5534,2
5535,1
5536,3
5537,3
5538,0
5539,1
5540,1
5541,0
5542,0
5543,1
5544,2
5545,0
5546,0
5547,0
5548,1
5549,0
5550,0
5551,1
5552,0
5553,0
5554,3
5555,0
5556,0
5557,1
5558,1
5559,0
5560,0
5561,1
5562,0
5563,1
5564,0
5565,1
5566,0
5567,1
5568,1
5569,0
5570,0
5571,0
5572,0
5573,1
5574,0
5575,1
5576,1
5577,1
5578,2
5579,1
5580,0
5581,1
5582,1
5583,1
5584,0
5585,1
5586,0
5587,5
5588,0
5589,0
5590,1
5591,0
5592,0
5593,1
5594,1
5595,0
5596,0
5597,0
5598,0
5599,1
5600,2
5601,1
5602,2
5603,3
5604,0
5605,3
5606,3
5607,1
5608,1
5609,2
5610,1
5611,1
5612,0
5613,0
5614,1
5615,1
5616,1
5617,1
5618,4
5619,1
5620,1
5621,2
5622,2
5623,0
5624,0
5625,1
5626,1
5627,1
5628,0
5629,1
5630,0
5631,2
5632,1
5633,0
5634,0
5635,3
5636,1
5637,0
5638,0
5639,0
5640,1
5641,0
5642,0
5643,0
5644,1
5645,0
5646,1
5647,0
5648,0
5649,0
5650,0
5651,0
5652,1
5653,0
5654,1
5655,1
5656,2
5657,1
5658,0
5659,0
5660,0
5661,0
5662,0
5663,1
5664,1
5665,0
5666,1
5667,0
5668,2
5669,0
5670,3
5671,0
5672,0
5673,0
5674,0
5675,1
5676,1
5677,0
5678,0
5679,1
5680,0
5681,1
5682,1
5683,0
5684,1
5685,0
5686,1
5687,1
5688,0
5689,0
5690,0
5691,1
5692,0
5693,3
5694,0
5695,0
5696,1
5697,1
5698,0
5699,1
5700,0
5701,1
5702,1
5703,1
5704,0
5705,1
5706,1
5707,0
5708,1
5709,1
5710,3
5711,0
5712,1
5713,0
5714,0
5715,0
5716,0
5717,0
5718,0
5719,1
5720,0
5721,0
5722,1
5723,0
5724,1
5725,1
5726,0
5727,1
5728,1
5729,2
5730,2
5731,2
5732,0
5733,3
5734,3
5735,0
5736,0
5737,0
5738,2
5739,0
5740,0
5741,1
5742,0
5743,0
5744,1
5745,1
5746,0
5747,0
5748,1
5749,1
5750,1
5751,0
5752,0
5753,1
5754,1
5755,1
5756,1
5757,3
5758,0
5759,0
5760,1
5761,0
5762,0
5763,0
5764,1
5765,0
5766,0
5767,3
5768,1
5769,0
5770,0
5771,1
5772,0
5773,1
5774,0
5775,0
5776,1
5777,0
5778,0
5779,1
5780,0
5781,1
5782,2
5783,0
5784,1
5785,6
5786,0
5787,1
5788,1
5789,2
5790,0
5791,0
5792,1
5793,1
5794,1
5795,1
5796,0
5797,0
5798,2
5799,0
5800,0
5801,1
5802,0
5803,0
5804,0
5805,2
5806,0
5807,0
5808,1
5809,0
5810,0
5811,3
5812,2
5813,0
5814,0
5815,0
5816,0
5817,0
5818,1
5819,4
5820,2
5821,2
5822,1
5823,3
5824,0
5825,1
5826,0
5827,0
5828,1
5829,0
5830,0
5831,0
5832,4
5833,0
5834,0
5835,2
5836,1
5837,1
5838,0
5839,1
5840,0
5841,0
5842,1
5843,1
5844,1
5845,1
5846,2
5847,1
5848,0
5849,0
5850,0
5851,3
5852,0
5853,0
5854,0
5855,2
5856,0
5857,1
5858,0
5859,0
5860,0
5861,1
5862,0
5863,0
5864,0
5865,1
5866,1
5867,1
5868,0
5869,1
5870,0
5871,3
5872,1
5873,1
5874,1
5875,2
5876,0
5877,1
5878,1
5879,1
5880,3
5881,0
5882,1
5883,0
5884,0
5885,1
5886,1
5887,0
5888,0
5889,1
5890,2
5891,1
5892,0
5893,1
5894,0
5895,1
5896,0
5897,0
5898,0
5899,1
5900,2
5901,0
5902,1
5903,1
5904,0
5905,0
5906,0
5907,1
5908,1
5909,1
5910,1
5911,1
5912,0
5913,0
5914,1
5915,0
5916,0
5917,2
5918,1
5919,2
5920,0
5921,0
5922,2
5923,0
5924,0
5925,1
5926,1
5927,1
5928,1
5929,2
5930,1
5931,0
5932,0
5933,0
5934,2
5935,0
5936,1
5937,0
5938,0
5939,1
5940,1
5941,1
5942,0
5943,0
5944,0
5945,0
5946,1
5947,0
5948,0
5949,0
5950,0
5951,2
5952,0
5953,3
5954,0
5955,1
5956,2
5957,0
5958,0
5959,1
5960,1
5961,0
5962,2
5963,0
5964,1
5965,1
5966,1
5967,1
5968,0
5969,0
5970,1
5971,0
5972,0
5973,1
5974,0
5975,0
5976,0
5977,0
5978,1
5979,1
5980,1
5981,0
5982,1
5983,1
5984,1
5985,2
5986,1
5987,1
5988,3
5989,0
5990,1
5991,1
5992,1
5993,0
5994,0
5995,1
5996,0
5997,0
5998,1
5999,0
6000,0
6001,3
6002,0
6003,1
6004,0
6005,0
6006,0
6007,0
6008,0
6009,1
6010,1
6011,1
6012,1
6013,0
6014,0
6015,0
6016,1
6017,0
6018,1
6019,2
6020,0
6021,1
6022,0
6023,0
6024,0
6025,0
6026,1
6027,0
6028,0
6029,0
6030,1
6031,0
6032,1
6033,1
6034,0
6035,0
6036,0
6037,0
6038,0
6039,0
6040,0
6041,0
6042,0
6043,0
6044,2
6045,2
6046,0
6047,0
6048,0
6049,0
6050,0
6051,0
6052,1
6053,0
6054,0
6055,1
6056,0
6057,0
6058,0
6059,0
6060,1
6061,0
6062,0
6063,1
6064,0
6065,1
6066,1
6067,1
6068,0
6069,1
6070,0
6071,0
6072,1
6073,0
6074,0
6075,2
6076,2
6077,1
6078,0
6079,1
6080,2
6081,0
6082,2
6083,0
6084,0
6085,3
6086,0
6087,0
6088,0
6089,1
6090,0
6091,0
6092,0
6093,0
6094,0
6095,1
6096,0
6097,0
6098,1
6099,2
6100,2
6101,0
6102,0
6103,1
6104,1
6105,0
6106,2
6107,0
6108,3
6109,0
6110,1
6111,0
6112,0
6113,1
6114,0
6115,1
6116,0
6117,0
6118,0
6119,0
6120,0
6121,0
6122,1
6123,0
6124,1
6125,2
6126,1
6127,1
6128,1
6129,1
6130,1
6131,1
6132,0
6133,1
6134,1
6135,1
6136,0
6137,1
6138,0
6139,0
6140,0
6141,2
6142,1
6143,1
6144,0
6145,1
6146,0
6147,1
6148,0
6149,0
6150,0
6151,1
6152,1
6153,1
6154,2
6155,2
6156,1
6157,2
6158,0
6159,0
6160,0
6161,0
6162,0
6163,2
6164,1
6165,0
6166,0
6167,0
6168,2
6169,0
6170,0
6171,0
6172,0
6173,1
6174,0
6175,4
6176,1
6177,1
6178,3
6179,1
6180,1
6181,1
6182,1
6183,0
6184,2
6185,1
6186,0
6187,0
6188,1
6189,0
6190,0
6191,1
6192,2
6193,0
6194,1
6195,0
6196,1
6197,1
6198,1
6199,1
6200,1
6201,0
6202,3
6203,1
6204,2
6205,0
6206,1
6207,0
6208,0
6209,1
6210,0
6211,1
6212,0
6213,2
6214,3
6215,0
6216,0
6217,1
6218,1
6219,0
6220,0
6221,1
6222,1
6223,0
6224,4
6225,1
6226,0
6227,0
6228,0
6229,0
6230,2
6231,0
6232,0
6233,0
6234,1
6235,2
6236,0
6237,1
6238,0
6239,0
6240,0
6241,0
6242,0
6243,1
6244,2
6245,2
6246,0
6247,0
6248,0
6249,0
6250,1
6251,0
6252,0
6253,0
6254,1
6255,4
6256,1
6257,0
6258,3
6259,0
6260,1
6261,3
6262,1
6263,1
6264,0
6265,3
6266,1
6267,0
6268,1
6269,0
6270,3
6271,4
6272,0
6273,1
6274,0
6275,0
6276,0
6277,2
6278,0
6279,2
6280,0
6281,0
6282,0
6283,0
6284,0
6285,1
6286,0
6287,0
6288,4
6289,0
6290,0
6291,2
6292,0
6293,0
6294,1
6295,0
6296,1
6297,3
6298,0
6299,1
6300,0
6301,2
6302,0
6303,1
6304,2
6305,2
6306,2
6307,0
6308,0
6309,0
6310,1
6311,2
6312,1
6313,0
6314,0
6315,1
6316,0
6317,1
6318,1
6319,1
6320,1
6321,0
6322,0
6323,1
6324,3
6325,0
6326,0
6327,1
6328,0
6329,1
6330,0
6331,3
6332,0
6333,1
6334,1
6335,2
6336,0
6337,0
6338,2
6339,1
6340,0
6341,0
6342,0
6343,1
6344,0
6345,1
6346,2
6347,0
6348,3
6349,0
6350,0
6351,0
6352,1
6353,0
6354,0
6355,0
6356,0
6357,1
6358,1
6359,1
6360,1
6361,1
6362,0
6363,1
6364,1
6365,0
6366,2
6367,0
6368,0
6369,1
6370,0
6371,0
6372,2
6373,1
6374,0
6375,0
6376,1
6377,0
6378,1
6379,0
6380,0
6381,0
6382,0
6383,0
6384,0
6385,0
6386,3
6387,1
6388,1
6389,1
6390,0
6391,2
6392,0
6393,0
6394,3
6395,0
6396,0
6397,0
6398,1
6399,1
6400,0
6401,0
6402,0
6403,0
6404,0
6405,0
6406,1
6407,0
6408,3
6409,0
6410,3
6411,0
6412,1
6413,0
6414,1
6415,0
6416,1
6417,0
6418,2
6419,0
6420,2
6421,0
6422,0
6423,0
6424,9
6425,0
6426,0
6427,0
6428,0
6429,1
6430,0
6431,0
6432,2
6433,0
6434,0
6435,0
6436,1
6437,0
6438,1
6439,0
6440,0
6441,0
6442,0
6443,0
6444,0
6445,1
6446,0
6447,1
6448,0
6449,1
6450,0
6451,1
6452,0
6453,0
6454,1
6455,0
6456,1
6457,1
6458,1
6459,0
6460,0
6461,0
6462,0
6463,0
6464,1
6465,1
6466,0
6467,0
6468,1
6469,1
6470,1
6471,0
6472,1
6473,3
6474,2
6475,0
6476,0
6477,0
6478,0
6479,0
6480,0
6481,2
6482,0
6483,2
6484,0
6485,2
6486,2
6487,2
6488,0
6489,2
6490,0
6491,0
6492,2
6493,1
6494,0
6495,0
6496,0
6497,1
6498,0
6499,0
6500,0
6501,0
6502,1
6503,0
6504,0
6505,0
6506,0
6507,1
6508,0
6509,2
6510,1
6511,2
6512,1
6513,1
6514,0
6515,1
6516,1
6517,2
6518,0
6519,1
6520,0
6521,1
6522,0
6523,0
6524,0
6525,0
6526,1
6527,1
6528,1
6529,0
6530,1
6531,2
6532,3
6533,0
6534,3
6535,1
6536,1
6537,0
6538,0
6539,1
6540,1
6541,2
6542,0
6543,0
6544,0
6545,0
6546,2
6547,0
6548,1
6549,0
6550,1
6551,2
6552,0
6553,0
6554,0
6555,0
6556,0
6557,0
6558,1
6559,0
6560,0
6561,0
6562,1
6563,0
6564,1
6565,1
6566,2
6567,0
6568,4
6569,1
6570,1
6571,2
6572,0
6573,0
6574,0
6575,0
6576,0
6577,0
6578,2
6579,0
6580,1
6581,1
6582,0
6583,0
6584,0
6585,1
6586,1
6587,0
6588,0
6589,2
6590,0
6591,1
6592,0
6593,0
6594,1
6595,1
6596,1
6597,0
6598,0
6599,1
6600,2
6601,0
6602,3
6603,2
6604,1
6605,0
6606,0
6607,0
6608,0
6609,0
6610,0
6611,0
6612,3
6613,0
6614,0
6615,1
6616,1
6617,0
6618,1
6619,1
6620,1
6621,1
6622,2
6623,0
6624,0
6625,0
6626,2
6627,1
6628,0
6629,0
6630,1
6631,0
6632,0
6633,0
6634,1
6635,1
6636,1
6637,0
6638,0
6639,1
6640,0
6641,2
6642,0
6643,1
6644,2
6645,0
6646,0
6647,3
6648,1
6649,0
6650,1
6651,1
6652,0
6653,2
6654,1
6655,0
6656,2
6657,1
6658,2
6659,0
6660,0
6661,3
6662,0
6663,3
6664,1
6665,0
6666,0
6667,0
6668,0
6669,1
6670,2
6671,1
6672,0
6673,0
6674,0
6675,0
6676,1
6677,0
6678,2
6679,0
6680,1
6681,0
6682,0
6683,0
6684,0
6685,1
6686,2
6687,1
6688,0
6689,1
6690,0
6691,0
6692,0
6693,1
6694,0
6695,0
6696,3
6697,1
6698,0
6699,0
6700,0
6701,1
6702,1
6703,1
6704,0
6705,2
6706,1
6707,1
6708,3
6709,2
6710,0
6711,1
6712,1
6713,1
6714,0
6715,0
6716,2
6717,0
6718,0
6719,0
6720,0
6721,0
6722,2
6723,0
6724,1
6725,0
6726,1
6727,2
6728,0
6729,2
6730,0
6731,0
6732,1
6733,0
6734,0
6735,0
6736,1
6737,2
6738,1
6739,1
6740,2
6741,0
6742,2
6743,2
6744,1
6745,1
6746,0
6747,0
6748,2
6749,0
6750,0
6751,0
6752,1
6753,5
6754,1
6755,1
6756,0
6757,1
6758,1
6759,0
6760,2
6761,0
6762,1
6763,0
6764,0
6765,1
6766,1
6767,0
6768,0
6769,0
6770,2
6771,0
6772,1
6773,1
6774,0
6775,0
6776,4
6777,2
6778,1
6779,0
6780,0
6781,0
6782,0
6783,0
6784,1
6785,2
6786,0
6787,0
6788,2
6789,0
6790,1
6791,3
6792,1
6793,2
6794,3
6795,0
6796,1
6797,0
6798,0
6799,0
6800,0
6801,2
6802,0
6803,2
6804,0
6805,1
6806,1
6807,0
6808,1
6809,0
6810,0
6811,0
6812,1
6813,0
6814,0
6815,0
6816,0
6817,0
6818,1
6819,2
6820,0
6821,0
6822,0
6823,1
6824,1
6825,2
6826,0
6827,1
6828,0
6829,0
6830,2
6831,1
6832,0
6833,0
6834,0
6835,0
6836,1
6837,0
6838,0
6839,1
6840,0
6841,0
6842,0
6843,0
6844,0
6845,0
6846,0
6847,1
6848,2
6849,1
6850,2
6851,0
6852,1
6853,0
6854,1
6855,3
6856,0
6857,0
6858,1
6859,1
6860,0
6861,0
6862,3
6863,1
6864,0
6865,2
6866,0
6867,1
6868,1
6869,0
6870,0
6871,0
6872,0
6873,0
6874,0
6875,0
6876,0
6877,4
6878,1
6879,1
6880,1
6881,0
6882,1
6883,0
6884,2
6885,0
6886,1
6887,0
6888,0
6889,0
6890,0
6891,0
6892,1
6893,1
6894,0
6895,1
6896,0
6897,0
6898,2
6899,0
6900,1
6901,0
6902,0
6903,1
6904,0
6905,0
6906,0
6907,0
6908,0
6909,0
6910,1
6911,0
6912,0
6913,0
6914,3
6915,2
6916,0
6917,1
6918,1
6919,1
6920,1
6921,3
6922,0
6923,1
6924,0
6925,0
6926,0
6927,0
6928,1
6929,2
6930,1
6931,1
6932,0
6933,0
6934,1
6935,1
6936,1
6937,0
6938,1
6939,0
6940,0
6941,1
6942,2
6943,0
6944,0
6945,0
6946,1
6947,1
6948,0
6949,1
6950,1
6951,0
6952,0
6953,0
6954,2
6955,0
6956,1
6957,1
6958,0
6959,1
6960,2
6961,1
6962,2
6963,0
6964,1
6965,0
6966,1
6967,0
6968,0
6969,0
6970,1
6971,0
6972,2
6973,0
6974,0
6975,0
6976,0
6977,1
6978,0
6979,0
6980,3
6981,0
6982,0
6983,1
6984,3
6985,0
6986,0
6987,2
6988,0
6989,1
6990,0
6991,1
6992,3
6993,1
6994,1
6995,0
6996,1
6997,1
6998,2
6999,2
7000,1
7001,1
7002,1
7003,0
7004,0
7005,2
7006,0
7007,0
7008,0
7009,4
7010,0
7011,5
7012,1
7013,2
7014,0
7015,0
7016,0
7017,1
7018,1
7019,3
7020,1
7021,1
7022,1
7023,2
7024,0
7025,0
7026,1
7027,0
7028,1
7029,0
7030,1
7031,0
7032,0
7033,0
7034,1
7035,1
7036,0
7037,0
7038,0
7039,0
7040,0
7041,1
7042,1
7043,0
7044,1
7045,0
7046,0
7047,0
7048,1
7049,1
7050,2
7051,0
7052,0
7053,0
7054,2
7055,0
7056,0
7057,0
7058,3
7059,1
7060,1
7061,2
7062,1
7063,0
7064,6
7065,1
7066,0
7067,1
7068,2
7069,1
7070,2
7071,1
7072,1
7073,2
7074,0
7075,0
7076,0
7077,0
7078,1
7079,0
7080,1
7081,0
7082,0
7083,1
7084,1
7085,2
7086,0
7087,0
7088,0
7089,0
7090,0
7091,2
7092,0
7093,0
7094,0
7095,1
7096,0
7097,0
7098,2
7099,3
7100,1
7101,2
7102,1
7103,1
7104,1
7105,0
7106,0
7107,2
7108,0
7109,0
7110,2
7111,0
7112,3
7113,2
7114,0
7115,2
7116,0
7117,0
7118,0
7119,4
7120,0
7121,0
7122,1
7123,0
7124,0
7125,0
7126,1
7127,1
7128,0
7129,0
7130,1
7131,2
7132,0
7133,0
7134,1
7135,1
7136,0
7137,4
7138,2
7139,0
7140,1
7141,2
7142,0
7143,0
7144,2
7145,0
7146,2
7147,0
7148,0
7149,0
7150,0
7151,0
7152,1
7153,2
7154,1
7155,1
7156,0
7157,2
7158,3
7159,0
7160,0
7161,3
7162,0
7163,0
7164,1
7165,0
7166,0
7167,0
7168,2
7169,1
7170,3
7171,1
7172,2
7173,1
7174,1
7175,2
7176,0
7177,0
7178,1
7179,0
7180,0
7181,0
7182,3
7183,0
7184,1
7185,0
7186,0
7187,2
7188,1
7189,1
7190,0
7191,0
7192,1
7193,1
7194,0
7195,0
7196,0
7197,3
7198,0
7199,2
7200,0
7201,0
7202,0
7203,0
7204,0
7205,0
7206,1
7207,0
7208,0
7209,1
7210,1
7211,0
7212,0
7213,0
7214,1
7215,2
7216,0
7217,0
7218,0
7219,1
7220,0
7221,1
7222,1
7223,3
7224,0
7225,0
7226,1
7227,0
7228,0
7229,3
7230,2
7231,0
7232,0
7233,1
7234,2
7235,0
7236,3
7237,0
7238,0
7239,0
7240,1
7241,0
7242,0
7243,3
7244,0
7245,2
7246,1
7247,1
7248,3
7249,1
7250,1
7251,0
7252,2
7253,0
7254,1
7255,2
7256,1
7257,5
7258,0
7259,0
7260,2
7261,0
7262,1
7263,0
7264,0
7265,0
7266,1
7267,1
7268,0
7269,0
7270,1
7271,1
7272,0
7273,1
7274,0
7275,1
7276,1
7277,2
7278,1
7279,1
7280,0
7281,2
7282,1
7283,0
7284,1
7285,1
7286,0
7287,1
7288,0
7289,5
7290,0
7291,2
7292,0
7293,1
7294,1
7295,1
7296,0
7297,2
7298,1
7299,0
7300,0
7301,1
7302,0
7303,0
7304,1
7305,0
7306,1
7307,1
7308,0
7309,2
7310,3
7311,1
7312,1
7313,0
7314,1
7315,0
7316,0
7317,0
7318,0
7319,1
7320,0
7321,1
7322,0
7323,0
7324,1
7325,0
7326,1
7327,2
7328,1
7329,1
7330,0
7331,1
7332,1
7333,0
7334,0
7335,0
7336,0
7337,0
7338,0
7339,2
7340,0
7341,0
7342,2
7343,1
7344,0
7345,0
7346,2
7347,0
7348,2
7349,1
7350,0
7351,0
7352,1
7353,0
7354,2
7355,1
7356,0
7357,2
7358,1
7359,0
7360,1
7361,0
7362,1
7363,0
7364,3
7365,1
7366,0
7367,0
7368,0
7369,0
7370,0
7371,2
7372,1
7373,4
7374,1
7375,0
7376,3
7377,1
7378,0
7379,1
7380,0
7381,0
7382,0
7383,1
7384,0
7385,0
7386,0
7387,1
7388,0
7389,0
7390,2
7391,0
7392,2
7393,0
7394,0
7395,2
7396,1
7397,1
7398,1
7399,0
7400,1
7401,2
7402,0
7403,1
7404,1
7405,1
7406,0
7407,0
7408,0
7409,2
7410,0
7411,1
7412,0
7413,2
7414,0
7415,0
7416,1
7417,2
7418,3
7419,0
7420,0
7421,1
7422,0
7423,0
7424,3
7425,0
7426,0
7427,0
7428,0
7429,0
7430,1
7431,1
7432,1
7433,2
7434,3
7435,2
7436,2
7437,1
7438,0
7439,0
7440,1
7441,3
7442,0
7443,1
7444,0
7445,1
7446,0
7447,0
7448,1
7449,2
7450,0
7451,0
7452,1
7453,1
7454,0
7455,2
7456,0
7457,0
7458,0
7459,2
7460,2
7461,0
7462,0
7463,2
7464,0
7465,2
7466,2
7467,3
7468,1
7469,0
7470,0
7471,0
7472,1
7473,0
7474,0
7475,1
7476,1
7477,0
7478,0
7479,2
7480,0
7481,0
7482,1
7483,1
7484,0
7485,1
7486,0
7487,0
7488,0
7489,4
7490,1
7491,2
7492,0
7493,1
7494,0
7495,0
7496,4
7497,1
7498,0
7499,0
7500,2
7501,0
7502,1
7503,0
7504,0
7505,0
7506,0
7507,0
7508,0
7509,0
7510,3
7511,0
7512,1
7513,0
7514,0
7515,0
7516,1
7517,0
7518,2
7519,0
7520,0
7521,0
7522,0
7523,0
7524,1
7525,2
7526,1
7527,1
7528,1
7529,4
7530,0
7531,0
7532,1
7533,2
7534,1
7535,0
7536,1
7537,2
7538,2
7539,0
7540,1
7541,0
7542,0
7543,0
7544,0
7545,0
7546,2
7547,0
7548,2
7549,0
7550,0
7551,1
7552,2
7553,0
7554,0
7555,0
7556,1
7557,0
7558,0
7559,0
7560,1
7561,0
7562,0
7563,1
7564,1
7565,0
7566,1
7567,0
7568,0
7569,0
7570,2
7571,1
7572,1
7573,2
7574,0
7575,0
7576,1
7577,1
7578,0
7579,1
7580,1
7581,2
7582,0
7583,1
7584,1
7585,1
7586,1
7587,2
7588,0
7589,1
7590,0
7591,2
7592,0
7593,0
7594,2
7595,0
7596,1
7597,0
7598,0
7599,0
7600,0
7601,1
7602,0
7603,1
7604,0
7605,0
7606,0
7607,1
7608,0
7609,0
7610,0
7611,0
7612,0
7613,1
7614,0
7615,3
7616,4
7617,0
7618,1
7619,2
7620,0
7621,0
7622,0
7623,2
7624,0
7625,0
7626,1
7627,0
7628,0
7629,0
7630,0
7631,1
7632,0
7633,1
7634,0
7635,1
7636,2
7637,1
7638,0
7639,2
7640,0
7641,1
7642,0
7643,1
7644,0
7645,4
7646,0
7647,0
7648,1
7649,2
7650,0
7651,0
7652,0
7653,0
7654,1
7655,0
7656,0
7657,1
7658,0
7659,1
7660,1
7661,2
7662,1
7663,2
7664,1
7665,0
7666,0
7667,1
7668,1
7669,0
7670,0
7671,0
7672,2
7673,0
7674,0
7675,0
7676,0
7677,0
7678,2
7679,0
7680,0
7681,1
7682,0
7683,1
7684,1
7685,1
7686,2
7687,0
7688,1
7689,1
7690,0
7691,0
7692,2
7693,1
7694,1
7695,0
7696,0
7697,0
7698,0
7699,0
7700,2
7701,0
7702,0
7703,0
7704,0
7705,1
7706,0
7707,0
7708,1
7709,0
7710,0
7711,0
7712,0
7713,0
7714,0
7715,1
7716,0
7717,1
7718,1
7719,0
7720,0
7721,0
7722,0
7723,1
7724,0
7725,0
7726,0
7727,0
7728,0
7729,1
7730,0
7731,0
7732,1
7733,2
7734,0
7735,0
7736,1
7737,0
7738,0
7739,0
7740,1
7741,0
7742,1
7743,1
7744,0
7745,0
7746,0
7747,0
7748,1
7749,2
7750,0
7751,1
7752,0
7753,0
7754,0
7755,0
7756,0
7757,0
7758,1
7759,2
7760,0
7761,2
7762,3
7763,3
7764,0
7765,0
7766,1
7767,0
7768,0
7769,0
7770,1
7771,1
7772,2
7773,1
7774,2
7775,1
7776,0
7777,2
7778,0
7779,0
7780,0
7781,0
7782,0
7783,1
7784,2
7785,1
7786,2
7787,1
7788,0
7789,0
7790,1
7791,0
7792,0
7793,2
7794,1
7795,1
7796,0
7797,0
7798,1
7799,0
7800,0
7801,0
7802,1
7803,1
7804,1
7805,3
7806,0
7807,3
7808,0
7809,0
7810,0
7811,0
7812,0
7813,0
7814,1
7815,0
7816,1
7817,0
7818,1
7819,0
7820,0
7821,0
7822,0
7823,1
7824,0
7825,0
7826,2
7827,1
7828,0
7829,0
7830,0
7831,0
7832,2
7833,1
7834,1
7835,1
7836,1
7837,3
7838,1
7839,1
7840,0
7841,0
7842,2
7843,1
7844,2
7845,0
7846,0
7847,0
7848,1
7849,0
7850,1
7851,1
7852,0
7853,0
7854,0
7855,0
7856,0
7857,1
7858,1
7859,0
7860,1
7861,1
7862,0
7863,1
7864,0
7865,0
7866,0
7867,0
7868,2
7869,2
7870,0
7871,1
7872,3
7873,1
7874,1
7875,1
7876,0
7877,1
7878,0
7879,1
7880,2
7881,1
7882,0
7883,1
7884,0
7885,0
7886,0
7887,0
7888,0
7889,2
7890,0
7891,0
7892,2
7893,0
7894,1
7895,0
7896,1
7897,2
7898,0
7899,0
7900,0
7901,0
7902,0
7903,1
7904,1
7905,0
7906,2
7907,0
7908,1
7909,0
7910,1
7911,1
7912,0
7913,0
7914,0
7915,0
7916,0
7917,1
7918,2
7919,0
7920,1
7921,1
7922,1
7923,1
7924,1
7925,1
7926,0
7927,2
7928,0
7929,0
7930,0
7931,1
7932,0
7933,2
7934,0
7935,0
7936,1
7937,0
7938,3
7939,1
7940,0
7941,0
7942,0
7943,0
7944,1
7945,0
7946,1
7947,0
7948,0
7949,1
7950,0
7951,2
7952,0
7953,1
7954,0
7955,1
7956,1
7957,1
7958,1
7959,0
7960,1
7961,1
7962,0
7963,0
7964,0
7965,0
7966,1
7967,0
7968,2
7969,0
7970,1
7971,3
7972,0
7973,2
7974,0
7975,0
7976,0
7977,1
7978,0
7979,0
7980,1
7981,0
7982,3
7983,1
7984,1
7985,1
7986,0
7987,0
7988,1
7989,2
7990,0
7991,0
7992,1
7993,0
7994,0
7995,0
7996,0
7997,0
7998,0
7999,0
8000,1
8001,0
8002,1
8003,1
8004,0
8005,0
8006,0
8007,0
8008,2
8009,0
8010,0
8011,0
8012,0
8013,0
8014,2
8015,0
8016,2
8017,1
8018,2
8019,0
8020,1
8021,2
8022,1
8023,1
8024,2
8025,2
8026,0
8027,3
8028,2
8029,1
8030,0
8031,2
8032,1
8033,0
8034,1
8035,1
8036,5
8037,0
8038,1
8039,0
8040,2
8041,0
8042,0
8043,0
8044,0
8045,0
8046,0
8047,2
8048,0
8049,1
8050,0
8051,1
8052,0
8053,2
8054,0
8055,2
8056,1
8057,2
8058,3
8059,0
8060,1
8061,1
8062,1
8063,2
8064,1
8065,0
8066,2
8067,1
8068,3
8069,0
8070,1
8071,1
8072,0
8073,0
8074,1
8075,0
8076,0
8077,0
8078,0
8079,2
8080,2
8081,1
8082,4
8083,0
8084,1
8085,1
8086,0
8087,1
8088,0
8089,0
8090,4
8091,0
8092,0
8093,0
8094,0
8095,0
8096,0
8097,0
8098,1
8099,1
8100,0
8101,0
8102,0
8103,1
8104,3
8105,1
8106,0
8107,1
8108,1
8109,1
8110,1
8111,1
8112,1
8113,0
8114,0
8115,5
8116,0
8117,3
8118,1
8119,0
8120,0
8121,0
8122,0
8123,0
8124,0
8125,1
8126,1
8127,0
8128,2
8129,2
8130,1
8131,0
8132,1
8133,0
8134,0
8135,0
8136,0
8137,1
8138,1
8139,0
8140,1
8141,2
8142,5
8143,0
8144,1
8145,0
8146,1
8147,0
8148,0
8149,0
8150,1
8151,0
8152,0
8153,0
8154,1
8155,0
8156,0
8157,0
8158,0
8159,0
8160,0
8161,1
8162,0
8163,0
8164,1
8165,8
8166,0
8167,4
8168,1
8169,0
8170,2
8171,0
8172,0
8173,2
8174,0
8175,0
8176,0
8177,1
8178,0
8179,0
8180,0
8181,0
8182,1
8183,0
8184,0
8185,1
8186,1
8187,2
8188,0
8189,1
8190,0
8191,0
8192,0
8193,1
8194,0
8195,0
8196,1
8197,0
8198,0
8199,0
8200,0
8201,0
8202,1
8203,0
8204,1
8205,1
8206,0
8207,1
8208,0
8209,0
8210,0
8211,0
8212,0
8213,0
8214,0
8215,1
8216,1
8217,3
8218,1
8219,0
8220,1
8221,2
8222,0
8223,1
8224,0
8225,1
8226,0
8227,1
8228,0
8229,1
8230,0
8231,1
8232,1
8233,2
8234,2
8235,0
8236,1
8237,0
8238,1
8239,1
8240,0
8241,0
8242,1
8243,0
8244,0
8245,1
8246,1
8247,0
8248,1
8249,2
8250,0
8251,3
8252,0
8253,0
8254,2
8255,2
8256,0
8257,1
8258,1
8259,1
8260,0
8261,0
8262,0
8263,1
8264,1
8265,0
8266,3
8267,0
8268,1
8269,1
8270,0
8271,0
8272,1
8273,1
8274,1
8275,2
8276,1
8277,0
8278,0
8279,0
8280,0
8281,0
8282,0
8283,1
8284,1
8285,1
8286,0
8287,0
8288,1
8289,0
8290,0
8291,2
8292,1
8293,0
8294,0
8295,1
8296,0
8297,0
8298,0
8299,0
8300,1
8301,1
8302,1
8303,0
8304,0
8305,1
8306,1
8307,1
8308,0
8309,1
8310,2
8311,0
8312,0
8313,0
8314,1
8315,0
8316,3
8317,1
8318,0
8319,0
8320,0
8321,2
8322,0
8323,0
8324,4
8325,0
8326,1
8327,1
8328,1
8329,1
8330,1
8331,1
8332,0
8333,0
8334,0
8335,2
8336,0
8337,0
8338,2
8339,1
8340,0
8341,2
8342,0
8343,0
8344,1
8345,0
8346,0
8347,0
8348,1
8349,1
8350,0
8351,0
8352,0
8353,0
8354,0
8355,0
8356,0
8357,0
8358,0
8359,1
8360,1
8361,1
8362,1
8363,0
8364,1
8365,1
8366,0
8367,2
8368,1
8369,1
8370,1
8371,1
8372,1
8373,0
8374,1
8375,0
8376,0
8377,0
8378,1
8379,1
8380,0
8381,0
8382,0
8383,0
8384,1
8385,1
8386,1
8387,1
8388,1
8389,2
8390,1
8391,0
8392,0
8393,1
8394,1
8395,0
8396,0
8397,2
8398,0
8399,1
8400,2
8401,0
8402,0
8403,0
8404,1
8405,0
8406,0
8407,0
8408,1
8409,1
8410,4
8411,1
8412,1
8413,1
8414,0
8415,0
8416,1
8417,2
8418,1
8419,0
8420,2
8421,0
8422,1
8423,2
8424,1
8425,1
8426,0
8427,2
8428,0
8429,0
8430,1
8431,0
8432,0
8433,0
8434,1
8435,0
8436,1
8437,0
8438,0
8439,2
8440,0
8441,2
8442,1
8443,0
8444,0
8445,0
8446,3
8447,0
8448,2
8449,0
8450,0
8451,0
8452,1
8453,3
8454,0
8455,1
8456,1
8457,1
8458,0
8459,0
8460,0
8461,0
8462,0
8463,1
8464,2
8465,0
8466,3
8467,0
8468,1
8469,0
8470,0
8471,1
8472,1
8473,0
8474,2
8475,1
8476,0
8477,3
8478,0
8479,0
8480,0
8481,0
8482,1
8483,1
8484,2
8485,0
8486,0
8487,1
8488,1
8489,1
8490,0
8491,3
8492,0
8493,2
8494,0
8495,0
8496,0
8497,0
8498,1
8499,0
8500,0
8501,0
8502,0
8503,0
8504,0
8505,0
8506,2
8507,0
8508,2
8509,0
8510,2
8511,0
8512,1
8513,0
8514,1
8515,0
8516,1
8517,1
8518,0
8519,0
8520,0
8521,1
8522,1
8523,0
8524,0
8525,1
8526,1
8527,1
8528,0
8529,1
8530,1
8531,0
8532,1
8533,1
8534,0
8535,0
8536,2
8537,0
8538,1
8539,1
8540,1
8541,0
8542,0
8543,1
8544,0
8545,1
8546,0
8547,0
8548,0
8549,0
8550,1
8551,0
8552,3
8553,0
8554,0
8555,0
8556,0
8557,0
8558,0
8559,3
8560,1
8561,1
8562,0
8563,1
8564,0
8565,0
8566,1
8567,0
8568,2
8569,1
8570,0
8571,2
8572,1
8573,1
8574,1
8575,0
8576,1
8577,0
8578,1
8579,0
8580,0
8581,0
8582,0
8583,0
8584,0
8585,1
8586,0
8587,0
8588,0
8589,0
8590,1
8591,1
8592,1
8593,0
8594,1
8595,0
8596,2
8597,1
8598,4
8599,3
8600,0
8601,0
8602,1
8603,1
8604,1
8605,0
8606,1
8607,0
8608,0
8609,1
8610,1
8611,3
8612,3
8613,1
8614,0
8615,0
8616,0
8617,1
8618,1
8619,2
8620,1
8621,0
8622,2
8623,0
8624,2
8625,0
8626,0
8627,0
8628,0
8629,0
8630,1
8631,1
8632,0
8633,0
8634,0
8635,0
8636,1
8637,0
8638,0
8639,0
8640,3
8641,1
8642,1
8643,0
8644,0
8645,0
8646,3
8647,0
8648,1
8649,1
8650,1
8651,0
8652,2
8653,1
8654,0
8655,3
8656,0
8657,2
8658,0
8659,0
8660,1
8661,2
8662,0
8663,0
8664,0
8665,1
8666,0
8667,0
8668,1
8669,2
8670,7
8671,1
8672,0
8673,0
8674,0
8675,2
8676,0
8677,1
8678,1
8679,1
8680,0
8681,1
8682,1
8683,0
8684,1
8685,0
8686,1
8687,0
8688,0
8689,0
8690,3
8691,0
8692,0
8693,0
8694,0
8695,1
8696,0
8697,0
8698,1
8699,0
8700,1
8701,1
8702,0
8703,0
8704,0
8705,2
8706,0
8707,2
8708,4
8709,1
8710,0
8711,0
8712,0
8713,2
8714,0
8715,2
8716,2
8717,0
8718,1
8719,0
8720,2
8721,0
8722,1
8723,0
8724,0
8725,0
8726,1
8727,2
8728,2
8729,1
8730,1
8731,0
8732,0
8733,0
8734,1
8735,1
8736,1
8737,0
8738,0
8739,0
8740,0
8741,1
8742,3
8743,0
8744,0
8745,1
8746,0
8747,0
8748,0
8749,0
8750,1
8751,0
8752,2
8753,0
8754,0
8755,0
8756,0
8757,0
8758,2
8759,0
8760,0
8761,0
8762,2
8763,1
8764,1
8765,2
8766,0
8767,2
8768,2
8769,0
8770,0
8771,0
8772,0
8773,1
8774,1
8775,0
8776,0
8777,1
8778,1
8779,1
8780,3
8781,0
8782,2
8783,0
8784,0
8785,0
8786,0
8787,0
8788,0
8789,0
8790,0
8791,0
8792,1
8793,0
8794,2
8795,0
8796,2
8797,2
8798,1
8799,0
8800,0
8801,0
8802,0
8803,0
8804,0
8805,1
8806,1
8807,0
8808,0
8809,2
8810,3
8811,0
8812,0
8813,1
8814,3
8815,0
8816,1
8817,0
8818,0
8819,2
8820,0
8821,1
8822,0
8823,0
8824,1
8825,1
8826,1
8827,0
8828,1
8829,0
8830,0
8831,0
8832,0
8833,1
8834,0
8835,0
8836,0
8837,0
8838,2
8839,0
8840,1
8841,3
8842,1
8843,1
8844,1
8845,0
8846,0
8847,0
8848,0
8849,0
8850,1
8851,2
8852,1
8853,1
8854,1
8855,0
8856,1
8857,0
8858,0
8859,0
8860,0
8861,0
8862,0
8863,1
8864,0
8865,0
8866,1
8867,0
8868,0
8869,2
8870,1
8871,3
8872,0
8873,1
8874,1
8875,0
8876,1
8877,0
8878,1
8879,0
8880,0
8881,0
8882,0
8883,1
8884,2
8885,1
8886,1
8887,0
8888,0
8889,1
8890,1
8891,0
8892,0
8893,3
8894,0
8895,1
8896,1
8897,0
8898,0
8899,0
8900,1
8901,0
8902,2
8903,0
8904,2
8905,2
8906,1
8907,0
8908,0
8909,0
8910,0
8911,1
8912,0
8913,0
8914,2
8915,1
8916,0
8917,0
8918,1
8919,1
8920,2
8921,0
8922,0
8923,0
8924,0
8925,1
8926,1
8927,3
8928,1
8929,0
8930,1
8931,1
8932,3
8933,2
8934,1
8935,0
8936,2
8937,4
8938,3
8939,0
8940,1
8941,0
8942,0
8943,2
8944,0
8945,2
8946,0
8947,0
8948,2
8949,1
8950,2
8951,1
8952,0
8953,0
8954,1
8955,0
8956,1
8957,0
8958,2
8959,2
8960,0
8961,0
8962,0
8963,0
8964,0
8965,1
8966,0
8967,1
8968,0
8969,3
8970,0
8971,1
8972,3
8973,0
8974,3
8975,0
8976,1
8977,5
8978,0
8979,0
8980,0
8981,2
8982,1
8983,0
8984,1
8985,2
8986,2
8987,3
8988,1
8989,0
8990,0
8991,2
8992,2
8993,0
8994,0
8995,0
8996,5
8997,0
8998,2
8999,1
9000,0
9001,1
9002,3
9003,0
9004,1
9005,0
9006,1
9007,0
9008,4
9009,0
9010,0
9011,0
9012,1
9013,0
9014,0
9015,1
9016,2
9017,2
9018,2
9019,0
9020,5
9021,0
9022,1
9023,0
9024,1
9025,0
9026,2
9027,1
9028,1
9029,1
9030,0
9031,1
9032,0
9033,1
9034,1
9035,2
9036,0
9037,0
9038,0
9039,1
9040,0
9041,1
9042,0
9043,0
9044,0
9045,0
9046,1
9047,1
9048,1
9049,0
9050,1
9051,1
9052,2
9053,0
9054,0
9055,4
9056,1
9057,5
9058,0
9059,0
9060,0
9061,2
9062,0
9063,0
9064,0
9065,2
9066,0
9067,2
9068,1
9069,1
9070,0
9071,3
9072,1
9073,0
9074,3
9075,2
9076,0
9077,2
9078,0
9079,1
9080,2
9081,0
9082,0
9083,0
9084,0
9085,1
9086,0
9087,0
9088,1
9089,1
9090,1
9091,2
9092,0
9093,1
9094,1
9095,2
9096,1
9097,1
9098,0
9099,0
9100,1
9101,2
9102,1
9103,1
9104,1
9105,1
9106,2
9107,1
9108,1
9109,0
9110,0
9111,0
9112,1
9113,1
9114,0
9115,0
9116,0
9117,0
9118,1
9119,1
9120,1
9121,1
9122,0
9123,0
9124,1
9125,1
9126,1
9127,0
9128,0
9129,1
9130,0
9131,0
9132,1
9133,2
9134,0
9135,1
9136,0
9137,0
9138,1
9139,1
9140,0
9141,4
9142,0
9143,3
9144,2
9145,0
9146,0
9147,3
9148,0
9149,1
9150,0
9151,0
9152,0
9153,1
9154,0
9155,1
9156,0
9157,1
9158,1
9159,0
9160,1
9161,1
9162,0
9163,0
9164,2
9165,4
9166,1
9167,0
9168,0
9169,1
9170,1
9171,0
9172,0
9173,1
9174,0
9175,2
9176,4
9177,1
9178,3
9179,1
9180,0
9181,2
9182,0
9183,2
9184,0
9185,1
9186,0
9187,2
9188,1
9189,0
9190,1
9191,2
9192,1
9193,1
9194,1
9195,1
9196,0
9197,3
9198,2
9199,0
9200,0
9201,4
9202,0
9203,0
9204,1
9205,0
9206,1
9207,0
9208,1
9209,0
9210,0
9211,2
9212,3
9213,0
9214,0
9215,2
9216,0
9217,0
9218,0
9219,0
9220,0
9221,2
9222,1
9223,1
9224,1
9225,1
9226,1
9227,2
9228,0
9229,0
9230,1
9231,1
9232,0
9233,0
9234,2
9235,0
9236,1
9237,1
9238,0
9239,0
9240,0
9241,0
9242,2
9243,1
9244,1
9245,0
9246,0
9247,5
9248,0
9249,1
9250,2
9251,0
9252,0
9253,0
9254,0
9255,0
9256,1
9257,0
9258,12
9259,0
9260,1
9261,0
9262,0
9263,0
9264,2
9265,2
9266,2
9267,0
9268,0
9269,2
9270,0
9271,0
9272,0
9273,1
9274,1
9275,1
9276,1
9277,1
9278,1
9279,3
9280,0
9281,0
9282,1
9283,0
9284,3
9285,0
9286,0
9287,1
9288,1
9289,1
9290,0
9291,0
9292,0
9293,0
9294,0
9295,0
9296,1
9297,1
9298,1
9299,1
9300,1
9301,0
9302,0
9303,0
9304,1
9305,0
9306,0
9307,1
9308,0
9309,1
9310,0
9311,0
9312,1
9313,0
9314,0
9315,1
9316,1
9317,1
9318,1
9319,0
9320,0
9321,0
9322,0
9323,0
9324,0
9325,1
9326,1
9327,0
9328,2
9329,1
9330,0
9331,0
9332,0
9333,1
9334,0
9335,0
9336,0
9337,0
9338,0
9339,1
9340,0
9341,0
9342,2
9343,1
9344,0
9345,0
9346,0
9347,3
9348,1
9349,1
9350,2
9351,2
9352,5
9353,0
9354,0
9355,1
9356,3
9357,1
9358,0
9359,1
9360,0
9361,1
9362,0
9363,2
9364,0
9365,1
9366,2
9367,1
9368,0
9369,0
9370,0
9371,0
9372,2
9373,0
9374,0
9375,1
9376,3
9377,1
9378,0
9379,1
9380,1
9381,0
9382,0
9383,0
9384,0
9385,3
9386,0
9387,0
9388,0
9389,0
9390,0
9391,1
9392,2
9393,0
9394,0
9395,2
9396,0
9397,0
9398,0
9399,0
9400,0
9401,1
9402,0
9403,0
9404,1
9405,1
9406,0
9407,1
9408,0
9409,0
9410,0
9411,1
9412,0
9413,0
9414,0
9415,1
9416,0
9417,0
9418,0
9419,1
9420,0
9421,0
9422,0
9423,4
9424,1
9425,0
9426,1
9427,0
9428,0
9429,1
9430,2
9431,0
9432,0
9433,0
9434,2
9435,1
9436,0
9437,0
9438,3
9439,2
9440,0
9441,0
9442,0
9443,0
9444,3
9445,1
9446,1
9447,4
9448,1
9449,1
9450,0
9451,1
9452,1
9453,0
9454,0
9455,1
9456,0
9457,1
9458,2
9459,0
9460,0
9461,1
9462,2
9463,1
9464,0
9465,0
9466,0
9467,1
9468,1
9469,2
9470,2
9471,1
9472,1
9473,0
9474,0
9475,2
9476,2
9477,0
9478,0
9479,1
9480,0
9481,2
9482,1
9483,0
9484,0
9485,2
9486,0
9487,1
9488,0
9489,0
9490,0
9491,0
9492,0
9493,1
9494,1
9495,3
9496,0
9497,0
9498,3
9499,1
9500,0
9501,0
9502,1
9503,0
9504,0
9505,1
9506,0
9507,0
9508,2
9509,0
9510,1
9511,0
9512,0
9513,0
9514,2
9515,0
9516,2
9517,1
9518,1
9519,2
9520,0
9521,0
9522,1
9523,0
9524,0
9525,1
9526,1
9527,0
9528,2
9529,0
9530,2
9531,0
9532,0
9533,0
9534,1
9535,1
9536,3
9537,0
9538,1
9539,0
9540,0
9541,2
9542,1
9543,1
9544,1
9545,0
9546,2
9547,0
9548,1
9549,1
9550,0
9551,1
9552,0
9553,0
9554,0
9555,1
9556,0
9557,0
9558,0
9559,0
9560,0
9561,2
9562,2
9563,1
9564,0
9565,0
9566,1
9567,0
9568,3
9569,1
9570,1
9571,1
9572,1
9573,3
9574,1
9575,1
9576,2
9577,1
9578,1
9579,0
9580,0
9581,1
9582,1
9583,0
9584,1
9585,0
9586,0
9587,0
9588,2
9589,0
9590,0
9591,0
9592,2
9593,0
9594,0
9595,1
9596,0
9597,0
9598,0
9599,0
9600,0
9601,0
9602,0
9603,0
9604,0
9605,2
9606,2
9607,0
9608,0
9609,1
9610,2
9611,0
9612,1
9613,1
9614,0
9615,1
9616,2
9617,0
9618,0
9619,0
9620,0
9621,0
9622,1
9623,0
9624,1
9625,1
9626,1
9627,0
9628,0
9629,1
9630,0
9631,1
9632,1
9633,0
9634,0
9635,0
9636,1
9637,0
9638,1
9639,1
9640,0
9641,0
9642,1
9643,0
9644,2
9645,0
9646,1
9647,1
9648,0
9649,1
9650,1
9651,0
9652,1
9653,0
9654,3
9655,0
9656,1
9657,0
9658,0
9659,1
9660,0
9661,2
9662,0
9663,0
9664,1
9665,0
9666,0
9667,0
9668,0
9669,3
9670,0
9671,0
9672,2
9673,1
9674,3
9675,0
9676,0
9677,0
9678,0
9679,0
9680,1
9681,1
9682,1
9683,0
9684,0
9685,0
9686,1
9687,0
9688,0
9689,0
9690,1
9691,1
9692,0
9693,0
9694,1
9695,0
9696,2
9697,2
9698,0
9699,0
9700,0
9701,3
9702,3
9703,1
9704,0
9705,0
9706,0
9707,1
9708,0
9709,2
9710,1
9711,2
9712,4
9713,3
9714,1
9715,2
9716,1
9717,2
9718,1
9719,1
9720,1
9721,0
9722,1
9723,0
9724,1
9725,0
9726,0
9727,0
9728,3
9729,1
9730,0
9731,0
9732,1
9733,0
9734,1
9735,2
9736,0
9737,0
9738,1
9739,0
9740,0
9741,4
9742,0
9743,0
9744,1
9745,1
9746,1
9747,3
9748,0
9749,0
9750,0
9751,0
9752,0
9753,1
9754,0
9755,0
9756,1
9757,2
9758,1
9759,1
9760,0
9761,0
9762,0
9763,0
9764,0
9765,2
9766,0
9767,0
9768,0
9769,1
9770,1
9771,0
9772,0
9773,0
9774,0
9775,2
9776,1
9777,0
9778,1
9779,1
9780,0
9781,2
9782,0
9783,1
9784,1
9785,0
9786,2
9787,0
9788,0
9789,0
9790,1
9791,3
9792,0
9793,1
9794,0
9795,2
9796,0
9797,0
9798,0
9799,0
9800,0
9801,0
9802,0
9803,0
9804,0
9805,3
9806,1
9807,2
9808,2
9809,0
9810,2
9811,0
9812,0
9813,0
9814,2
9815,0
9816,2
9817,0
9818,0
9819,1
9820,1
9821,0
9822,1
9823,1
9824,0
9825,0
9826,0
9827,1
9828,0
9829,1
9830,1
9831,2
9832,0
9833,1
9834,0
9835,1
9836,0
9837,0
9838,1
9839,0
9840,0
9841,2
9842,0
9843,1
9844,2
9845,0
9846,1
9847,0
9848,1
9849,0
9850,1
9851,1
9852,0
9853,1
9854,0
9855,0
9856,0
9857,0
9858,0
9859,0
9860,2
9861,2
9862,0
9863,0
9864,3
9865,0
9866,0
9867,0
9868,1
9869,1
9870,0
9871,0
9872,1
9873,4
9874,0
9875,1
9876,2
9877,0
9878,1
9879,1
9880,2
9881,1
9882,0
9883,0
9884,1
9885,0
9886,1
9887,0
9888,0
9889,0
9890,3
9891,2
9892,0
9893,1
9894,1
9895,1
9896,0
9897,0
9898,1
9899,2
9900,1
9901,0
9902,0
9903,2
9904,0
9905,1
9906,1
9907,0
9908,1
9909,0
9910,2
9911,1
9912,0
9913,1
9914,0
9915,0
9916,1
9917,1
9918,1
9919,1
9920,0
9921,0
9922,1
9923,1
9924,0
9925,0
9926,0
9927,1
9928,1
9929,2
9930,1
9931,1
9932,4
9933,0
9934,0
9935,0
9936,2
9937,0
9938,1
9939,0
9940,0
9941,3
9942,0
9943,0
9944,1
9945,0
9946,0
9947,2
9948,1
9949,1
9950,1
9951,1
9952,2
9953,1
9954,0
9955,2
9956,0
9957,1
9958,0
9959,2
9960,0
9961,1
9962,1
9963,1
9964,0
9965,1
9966,0
9967,1
9968,0
9969,1
9970,1
9971,0
9972,2
9973,0
9974,0
9975,0
9976,1
9977,0
9978,0
9979,0
9980,1
9981,0
9982,0
9983,0
9984,0
9985,0
9986,0
9987,0
9988,0
9989,0
9990,2
9991,1
9992,0
9993,0
9994,3
9995,0
9996,1
9997,0
9998,0
9999,1
10000,0
10001,0
10002,1
10003,1
10004,0
10005,1
10006,1
10007,0
10008,0
10009,0
10010,0
10011,0
10012,2
10013,0
10014,0
10015,1
10016,3
10017,1
10018,0
10019,0
10020,2
10021,1
10022,0
10023,1
10024,1
10025,0
10026,0
10027,0
10028,1
10029,0
10030,1
10031,0
10032,0
10033,0
10034,1
10035,0
10036,1
10037,1
10038,0
10039,1
10040,0
10041,1
10042,0
10043,1
10044,0
10045,0
10046,2
10047,3
10048,2
10049,1
10050,2
10051,1
10052,1
10053,1
10054,1
10055,0
10056,1
10057,2
10058,0
10059,0
10060,0
10061,4
10062,0
10063,0
10064,0
10065,0
10066,1
10067,1
10068,1
10069,2
10070,0
10071,1
10072,3
10073,0
10074,0
10075,1
10076,0
10077,1
10078,1
10079,6
10080,0
10081,2
10082,0
10083,1
10084,2
10085,0
10086,0
10087,1
10088,1
10089,0
10090,0
10091,0
10092,0
10093,1
10094,0
10095,1
10096,0
10097,1
10098,2
10099,0
10100,0
10101,1
10102,0
10103,1
10104,0
10105,1
10106,0
10107,0
10108,2
10109,0
10110,1
10111,0
10112,0
10113,0
10114,0
10115,2
10116,0
10117,0
10118,0
10119,1
10120,0
10121,2
10122,0
10123,0
10124,0
10125,1
10126,2
10127,0
10128,1
10129,1
10130,0
10131,0
10132,0
10133,2
10134,0
10135,0
10136,1
10137,0
10138,2
10139,0
10140,0
10141,0
10142,0
10143,1
10144,0
10145,0
10146,1
10147,0
10148,1
10149,0
10150,0
10151,1
10152,0
10153,0
10154,0
10155,0
10156,1
10157,1
10158,0
10159,1
10160,0
10161,0
10162,1
10163,0
10164,0
10165,0
10166,0
10167,3
10168,0
10169,0
10170,0
10171,1
10172,0
10173,1
10174,1
10175,1
10176,1
10177,1
10178,1
10179,1
10180,2
10181,1
10182,1
10183,1
10184,1
10185,2
10186,1
10187,1
10188,0
10189,0
10190,0
10191,1
10192,0
10193,0
10194,1
10195,0
10196,1
10197,0
10198,2
10199,0
10200,0
10201,0
10202,1
10203,1
10204,1
10205,3
10206,1
10207,0
10208,0
10209,0
10210,2
10211,0
10212,3
10213,0
10214,2
10215,2
10216,0
10217,1
10218,0
10219,1
10220,2
10221,1
10222,0
10223,2
10224,0
10225,0
10226,1
10227,1
10228,1
10229,0
10230,0
10231,0
10232,2
10233,1
10234,0
10235,1
10236,0
10237,1
10238,0
10239,1
10240,1
10241,3
10242,1
10243,1
10244,2
10245,0
10246,0
10247,0
10248,1
10249,1
10250,2
10251,0
10252,3
10253,1
10254,0
10255,1
10256,0
10257,0
10258,0
10259,1
10260,1
10261,3
10262,2
10263,0
10264,0
10265,0
10266,1
10267,1
10268,1
10269,3
10270,0
10271,0
10272,2
10273,2
10274,1
10275,0
10276,1
10277,0
10278,1
10279,1
10280,0
10281,1
10282,6
10283,0
10284,1
10285,0
10286,1
10287,1
10288,0
10289,1
10290,1
10291,0
10292,1
10293,0
10294,1
10295,2
10296,3
10297,2
10298,1
10299,0
10300,0
10301,1
10302,0
10303,2
10304,0
10305,0
10306,0
10307,0
10308,0
10309,1
10310,0
10311,0
10312,0
10313,1
10314,0
10315,1
10316,2
10317,1
10318,0
10319,1
10320,1
10321,1
10322,0
10323,1
10324,0
10325,0
10326,0
10327,0
10328,0
10329,1
10330,0
10331,1
10332,1
10333,0
10334,1
10335,0
10336,1
10337,0
10338,0
10339,2
10340,2
10341,0
10342,0
10343,0
10344,0
10345,0
10346,0
10347,0
10348,2
10349,2
10350,0
10351,1
10352,3
10353,1
10354,3
10355,0
10356,0
10357,0
10358,0
10359,2
10360,0
10361,1
10362,1
10363,0
10364,0
10365,1
10366,1
10367,0
10368,0
10369,1
10370,0
10371,1
10372,1
10373,0
10374,0
10375,4
10376,0
10377,0
10378,1
10379,1
10380,2
10381,0
10382,0
10383,0
10384,0
10385,0
10386,1
10387,1
10388,0
10389,4
10390,1
10391,2
10392,0
10393,0
10394,0
10395,1
10396,2
10397,0
10398,2
10399,1
10400,1
10401,0
10402,0
10403,2
10404,0
10405,1
10406,0
10407,0
10408,2
10409,1
10410,0
10411,0
10412,0
10413,1
10414,1
10415,1
10416,0
10417,1
10418,0
10419,2
10420,1
10421,0
10422,0
10423,0
10424,0
10425,0
10426,0
10427,0
10428,0
10429,0
10430,1
10431,0
10432,2
10433,0
10434,1
10435,2
10436,4
10437,1
10438,0
10439,0
10440,1
10441,0
10442,0
10443,0
10444,1
10445,1
10446,0
10447,1
10448,0
10449,0
10450,0
10451,0
10452,0
10453,0
10454,0
10455,0
10456,0
10457,0
10458,0
10459,1
10460,1
10461,0
10462,1
10463,1
10464,0
10465,0
10466,0
10467,0
10468,0
10469,0
10470,3
10471,1
10472,1
10473,0
10474,1
10475,1
10476,1
10477,0
10478,0
10479,1
10480,0
10481,1
10482,0
10483,0
10484,0
10485,1
10486,1
10487,0
10488,0
10489,0
10490,0
10491,0
10492,3
10493,3
10494,0
10495,1
10496,1
10497,1
10498,0
10499,1
10500,0
10501,1
10502,0
10503,0
10504,1
10505,0
10506,1
10507,0
10508,1
10509,0
10510,0
10511,1
10512,0
10513,0
10514,0
10515,0
10516,0
10517,0
10518,1
10519,0
10520,1
10521,0
10522,1
10523,5
10524,0
10525,2
10526,0
10527,0
10528,1
10529,2
10530,1
10531,1
10532,1
10533,1
10534,1
10535,0
10536,0
10537,0
10538,1
10539,1
10540,1
10541,2
10542,0
10543,0
10544,3
10545,4
10546,2
10547,4
10548,1
10549,1
10550,0
10551,2
10552,1
10553,0
10554,1
10555,0
10556,0
10557,0
10558,1
10559,0
10560,4
10561,0
10562,2
10563,0
10564,1
10565,0
10566,0
10567,1
10568,3
10569,1
10570,0
10571,1
10572,0
10573,1
10574,1
10575,0
10576,0
10577,1
10578,0
10579,3
10580,1
10581,1
10582,2
10583,2
10584,0
10585,0
10586,0
10587,2
10588,2
10589,2
10590,2
10591,1
10592,0
10593,0
10594,0
10595,0
10596,1
10597,1
10598,2
10599,1
10600,1
10601,2
10602,1
10603,0
10604,4
10605,0
10606,0
10607,1
10608,0
10609,0
10610,0
10611,0
10612,0
10613,0
10614,0
10615,0
10616,0
10617,0
10618,0
10619,0
10620,1
10621,0
10622,0
10623,0
10624,0
10625,2
10626,0
10627,0
10628,0
10629,0
10630,1
10631,2
10632,0
10633,2
10634,1
10635,0
10636,2
10637,2
10638,0
10639,3
10640,1
10641,0
10642,1
10643,1
10644,0
10645,2
10646,0
10647,1
10648,1
10649,1
10650,1
10651,3
10652,2
10653,0
10654,0
10655,0
10656,0
10657,1
10658,1
10659,0
10660,0
10661,0
10662,1
10663,0
10664,2
10665,2
10666,0
10667,2
10668,1
10669,0
10670,0
10671,5
10672,0
10673,0
10674,1
10675,0
10676,0
10677,0
10678,1
10679,0
10680,0
10681,1
10682,0
10683,0
10684,0
10685,2
10686,0
10687,0
10688,1
10689,1
10690,1
10691,0
10692,1
10693,1
10694,0
10695,0
10696,0
10697,1
10698,0
10699,0
10700,1
10701,0
10702,0
10703,3
10704,0
10705,2
10706,0
10707,1
10708,0
10709,0
10710,0
10711,2
10712,0
10713,1
10714,0
10715,0
10716,1
10717,0
10718,0
10719,0
10720,2
10721,0
10722,1
10723,1
10724,1
10725,2
10726,1
10727,1
10728,1
10729,0
10730,0
10731,1
10732,1
10733,3
10734,1
10735,0
10736,0
10737,1
10738,2
10739,2
10740,1
10741,0
10742,0
10743,0
10744,1
10745,2
10746,1
10747,1
10748,0
10749,0
10750,5
10751,0
10752,1
10753,1
10754,3
10755,0
10756,0
10757,1
10758,1
10759,1
10760,1
10761,2
10762,2
10763,0
10764,2
10765,0
10766,0
10767,4
10768,0
10769,0
10770,0
10771,0
10772,1
10773,0
10774,0
10775,0
10776,0
10777,1
10778,0
10779,0
10780,0
10781,0
10782,0
10783,0
10784,0
10785,0
10786,0
10787,0
10788,1
10789,4
10790,0
10791,1
10792,2
10793,2
10794,1
10795,1
10796,0
10797,0
10798,1
10799,0
10800,0
10801,2
10802,0
10803,1
10804,1
10805,0
10806,0
10807,0
10808,0
10809,1
10810,0
10811,0
10812,0
10813,1
10814,1
10815,0
10816,1
10817,1
10818,1
10819,0
10820,0
10821,0
10822,1
10823,0
10824,0
10825,1
10826,2
10827,0
10828,0
10829,4
10830,3
10831,0
10832,0
10833,1
10834,2
10835,0
10836,0
10837,3
10838,1
10839,5
10840,1
10841,0
10842,2
10843,0
10844,1
10845,0
10846,1
10847,2
10848,2
10849,0
10850,2
10851,1
10852,0
10853,0
10854,1
10855,0
10856,1
10857,0
10858,1
10859,0
10860,0
10861,0
10862,1
10863,0
10864,0
10865,0
10866,2
10867,1
10868,0
10869,1
10870,1
10871,1
10872,0
10873,0
10874,0
10875,1
10876,0
10877,0
10878,1
10879,0
10880,1
10881,0
10882,0
10883,0
10884,2
10885,0
10886,0
10887,0
10888,0
10889,1
10890,0
10891,0
10892,0
10893,0
10894,0
10895,1
10896,3
10897,1
10898,0
10899,0
10900,3
10901,2
10902,1
10903,0
10904,0
10905,5
10906,2
10907,1
10908,0
10909,0
10910,1
10911,0
10912,0
10913,1
10914,2
10915,0
10916,0
10917,0
10918,0
10919,0
10920,0
10921,1
10922,0
10923,0
10924,0
10925,0
10926,2
10927,2
10928,1
10929,0
10930,1
10931,0
10932,0
10933,2
10934,0
10935,0
10936,0
10937,2
10938,5
10939,2
10940,1
10941,0
10942,1
10943,0
10944,1
10945,0
10946,0
10947,0
10948,0
10949,1
10950,0
10951,0
10952,0
10953,1
10954,1
10955,1
10956,2
10957,1
10958,2
10959,0
10960,1
10961,0
10962,0
10963,4
10964,0
10965,2
10966,1
10967,0
10968,0
10969,1
10970,0
10971,0
10972,0
10973,2
10974,0
10975,0
10976,0
10977,2
10978,0
10979,1
10980,0
10981,0
10982,1
10983,0
10984,0
10985,0
10986,1
10987,0
10988,0
10989,0
10990,0
10991,0
10992,3
10993,0
10994,1
10995,0
10996,1
10997,2
10998,1
10999,1
11000,0
11001,1
11002,2
11003,1
11004,0
11005,2
11006,4
11007,2
11008,0
11009,0
11010,0
11011,0
11012,0
11013,0
11014,0
11015,1
11016,0
11017,0
11018,0
11019,1
11020,1
11021,1
11022,1
11023,1
11024,2
11025,2
11026,0
11027,0
11028,2
11029,1
11030,0
11031,2
11032,2
11033,2
11034,0
11035,0
11036,1
11037,0
11038,0
11039,2
11040,0
11041,0
11042,2
11043,1
11044,0
11045,0
11046,0
11047,1
11048,0
11049,2
11050,0
11051,2
11052,2
11053,1
11054,0
11055,0
11056,0
11057,0
11058,0
11059,0
11060,1
11061,0
11062,2
11063,1
11064,0
11065,1
11066,0
11067,1
11068,1
11069,0
11070,0
11071,1
11072,3
11073,1
11074,1
11075,4
11076,0
11077,1
11078,1
11079,0
11080,0
11081,2
11082,0
11083,2
11084,1
11085,0
11086,3
11087,0
11088,2
11089,0
11090,0
11091,1
11092,0
11093,2
11094,0
11095,0
11096,1
11097,1
11098,1
11099,1
11100,0
11101,2
11102,0
11103,0
11104,0
11105,1
11106,0
11107,0
11108,0
11109,2
11110,0
11111,1
11112,1
11113,2
11114,0
11115,0
11116,0
11117,2
11118,1
11119,0
11120,0
11121,2
11122,2
11123,0
11124,1
11125,1
11126,2
11127,6
11128,1
11129,0
11130,0
11131,0
11132,4
11133,0
11134,2
11135,0
11136,0
11137,0
11138,0
11139,0
11140,1
11141,0
11142,1
11143,2
11144,0
11145,0
11146,1
11147,0
11148,1
11149,1
11150,0
11151,0
11152,0
11153,2
11154,1
11155,0
11156,1
11157,1
11158,0
11159,1
11160,0
11161,2
11162,0
11163,1
11164,2
11165,1
11166,0
11167,1
11168,0
11169,1
11170,0
11171,1
11172,1
11173,0
11174,1
11175,2
11176,0
11177,0
11178,0
11179,2
11180,1
11181,0
11182,2
11183,1
11184,1
11185,1
11186,1
11187,0
11188,0
11189,0
11190,2
11191,0
11192,1
11193,0
11194,0
11195,2
11196,1
11197,2
11198,1
11199,0
11200,1
11201,0
11202,2
11203,0
11204,0
11205,2
11206,1
11207,0
11208,0
11209,2
11210,0
11211,0
11212,0
11213,2
11214,1
11215,0
11216,3
11217,1
11218,0
11219,0
11220,3
11221,0
11222,1
11223,1
11224,0
11225,1
11226,0
11227,1
11228,0
11229,0
11230,1
11231,0
11232,0
11233,0
11234,0
11235,0
11236,0
11237,0
11238,2
11239,0
11240,0
11241,1
11242,0
11243,0
11244,2
11245,0
11246,0
11247,0
11248,1
11249,0
11250,2
11251,2
11252,1
11253,0
11254,0
11255,2
11256,0
11257,3
11258,1
11259,1
11260,1
11261,2
11262,0
11263,3
11264,0
11265,0
11266,0
11267,2
11268,1
11269,0
11270,0
11271,2
11272,1
11273,0
11274,2
11275,0
11276,1
11277,0
11278,0
11279,3
11280,0
11281,1
11282,0
11283,0
11284,0
11285,0
11286,1
11287,2
11288,2
11289,1
11290,0
11291,0
11292,1
11293,0
11294,0
11295,0
11296,0
11297,0
11298,1
11299,0
11300,1
11301,0
11302,2
11303,0
11304,2
11305,0
11306,0
11307,2
11308,1
11309,2
11310,0
11311,0
11312,1
11313,0
11314,2
11315,1
11316,2
11317,1
11318,1
11319,0
11320,0
11321,0
11322,0
11323,0
11324,0
11325,3
11326,0
11327,0
11328,0
11329,0
11330,1
11331,0
11332,0
11333,3
11334,1
11335,0
11336,0
11337,1
11338,1
11339,5
11340,2
11341,0
11342,0
11343,0
11344,0
11345,0
11346,1
11347,0
11348,2
11349,1
11350,0
11351,1
11352,2
11353,0
11354,0
11355,1
11356,2
11357,3
11358,0
11359,1
11360,0
11361,0
11362,0
11363,1
11364,0
11365,1
11366,0
11367,0
11368,0
11369,3
11370,1
11371,0
11372,0
11373,0
11374,1
11375,0
11376,0
11377,2
11378,0
11379,1
11380,1
11381,0
11382,4
11383,0
11384,2
11385,0
11386,1
11387,0
11388,0
11389,2
11390,2
11391,2
11392,0
11393,2
11394,0
11395,1
11396,3
11397,0
11398,0
11399,1
11400,1
11401,0
11402,0
11403,0
11404,1
11405,0
11406,0
11407,0
11408,1
11409,1
11410,0
11411,1
11412,0
11413,3
11414,0
11415,1
11416,1
11417,1
11418,0
11419,0
11420,0
11421,1
11422,0
11423,1
11424,1
11425,0
11426,0
11427,0
11428,0
11429,0
11430,0
11431,1
11432,0
11433,0
11434,1
11435,0
11436,2
11437,1
11438,0
11439,0
11440,1
11441,2
11442,1
11443,0
11444,0
11445,0
11446,1
11447,3
11448,1
11449,1
11450,0
11451,0
11452,1
11453,0
11454,2
11455,1
11456,0
11457,0
11458,0
11459,2
11460,2
11461,1
11462,1
11463,0
11464,1
11465,1
11466,2
11467,0
11468,0
11469,0
11470,0
11471,1
11472,2
11473,0
11474,0
11475,2
11476,0
11477,1
11478,0
11479,3
11480,0
11481,0
11482,0
11483,1
11484,0
11485,1
11486,2
11487,0
11488,0
11489,0
11490,0
11491,1
11492,0
11493,1
11494,2
11495,0
11496,0
11497,0
11498,0
11499,1
11500,0
11501,1
11502,0
11503,0
11504,0
11505,1
11506,0
11507,1
11508,2
11509,2
11510,0
11511,2
11512,0
11513,0
11514,0
11515,0
11516,1
11517,0
11518,1
11519,0
11520,0
11521,1
11522,0
11523,1
11524,1
11525,0
11526,1
11527,0
11528,0
11529,0
11530,3
11531,2
11532,2
11533,1
11534,1
11535,1
11536,1
11537,0
11538,0
11539,2
11540,2
11541,0
11542,0
11543,1
11544,1
11545,0
11546,1
11547,0
11548,0
11549,0
11550,0
11551,0
11552,1
11553,0
11554,0
11555,0
11556,3
11557,0
11558,1
11559,0
11560,2
11561,0
11562,0
11563,0
11564,0
11565,3
11566,0
11567,1
11568,0
11569,1
11570,0
11571,0
11572,2
11573,0
11574,1
11575,1
11576,1
11577,1
11578,0
11579,0
11580,0
11581,0
11582,0
11583,0
11584,0
11585,0
11586,1
11587,0
11588,2
11589,1
11590,0
11591,1
11592,0
11593,2
11594,3
11595,0
11596,1
11597,2
11598,1
11599,1
11600,1
11601,2
11602,1
11603,0
11604,0
11605,0
11606,0
11607,1
11608,0
11609,2
11610,0
11611,1
11612,1
11613,1
11614,1
11615,0
11616,0
11617,1
11618,1
11619,1
11620,0
11621,1
11622,1
11623,1
11624,0
11625,0
11626,0
11627,1
11628,0
11629,1
11630,0
11631,0
11632,0
11633,1
11634,1
11635,1
11636,2
11637,0
11638,1
11639,1
11640,2
11641,0
11642,0
11643,1
11644,1
11645,0
11646,1
11647,0
11648,3
11649,1
11650,2
11651,1
11652,2
11653,0
11654,0
11655,7
11656,1
11657,1
11658,1
11659,1
11660,0
11661,0
11662,0
11663,2
11664,1
11665,1
11666,1
11667,1
11668,1
11669,0
11670,0
11671,0
11672,1
11673,3
11674,0
11675,2
11676,0
11677,1
11678,1
11679,1
11680,0
11681,1
11682,1
11683,0
11684,0
11685,1
11686,2
11687,0
11688,0
11689,0
11690,0
11691,0
11692,0
11693,0
11694,0
11695,2
11696,0
11697,0
11698,0
11699,0
11700,1
11701,2
11702,1
11703,1
11704,0
11705,1
11706,0
11707,1
11708,1
11709,0
11710,0
11711,0
11712,0
11713,0
11714,0
11715,2
11716,1
11717,0
11718,2
11719,0
11720,0
11721,0
11722,1
11723,1
11724,0
11725,0
11726,0
11727,1
11728,1
11729,0
11730,0
11731,1
11732,0
11733,1
11734,1
11735,0
11736,1
11737,3
11738,0
11739,0
11740,0
11741,2
11742,1
11743,3
11744,1
11745,5
11746,4
11747,0
11748,2
11749,0
11750,1
11751,1
11752,0
11753,0
11754,0
11755,2
11756,0
11757,2
11758,0
11759,2
11760,0
11761,0
11762,1
11763,0
11764,2
11765,0
11766,1
11767,0
11768,0
11769,2
11770,0
11771,1
11772,0
11773,0
11774,0
11775,1
11776,0
11777,0
11778,1
11779,0
11780,0
11781,0
11782,0
11783,0
11784,1
11785,1
11786,0
11787,1
11788,0
11789,0
11790,0
11791,0
11792,0
11793,0
11794,0
11795,0
11796,0
11797,1
11798,1
11799,1
11800,1
11801,1
11802,0
11803,1
11804,0
11805,0
11806,0
11807,1
11808,0
11809,0
11810,0
11811,0
11812,0
11813,0
11814,0
11815,0
11816,0
11817,2
11818,2
11819,0
11820,0
11821,0
11822,0
11823,1
11824,0
11825,0
11826,1
11827,0
11828,1
11829,0
11830,0
11831,1
11832,0
11833,0
11834,1
11835,0
11836,1
11837,0
11838,0
11839,6
11840,2
11841,1
11842,0
11843,5
11844,1
11845,0
11846,0
11847,0
11848,1
11849,0
11850,1
11851,0
11852,0
11853,0
11854,1
11855,0
11856,1
11857,0
11858,0
11859,0
11860,0
11861,1
11862,0
11863,0
11864,1
11865,2
11866,2
11867,1
11868,1
11869,0
11870,1
11871,2
11872,1
11873,0
11874,2
11875,0
11876,0
11877,0
11878,0
11879,0
11880,0
11881,0
11882,0
11883,0
11884,1
11885,1
11886,1
11887,0
11888,0
11889,1
11890,3
11891,0
11892,2
11893,1
11894,0
11895,0
11896,2
11897,0
11898,0
11899,0
11900,4
11901,1
11902,0
11903,0
11904,1
11905,0
11906,1
11907,1
11908,0
11909,3
11910,0
11911,1
11912,0
11913,0
11914,0
11915,0
11916,1
11917,0
11918,2
11919,0
11920,0
11921,1
11922,0
11923,1
11924,0
11925,1
11926,1
11927,1
11928,2
11929,1
11930,0
11931,0
11932,1
11933,0
11934,1
11935,0
11936,1
11937,1
11938,0
11939,1
11940,0
11941,1
11942,0
11943,1
11944,0
11945,1
11946,1
11947,1
11948,1
11949,0
11950,0
11951,5
11952,5
11953,1
11954,2
11955,1
11956,2
11957,2
11958,0
11959,0
11960,0
11961,3
11962,0
11963,2
11964,1
11965,2
11966,1
11967,1
11968,1
11969,2
11970,0
11971,1
11972,0
11973,0
11974,0
11975,2
11976,1
11977,2
11978,0
11979,0
11980,0
11981,0
11982,1
11983,2
11984,0
11985,1
11986,0
11987,0
11988,1
11989,0
11990,1
11991,1
11992,1
11993,0
11994,0
11995,1
11996,3
11997,0
11998,0
11999,0
12000,2
12001,0
12002,0
12003,0
12004,0
12005,3
12006,0
12007,1
12008,0
12009,0
12010,0
12011,0
12012,0
12013,0
12014,2
12015,0
12016,0
12017,0
12018,0
12019,0
12020,3
12021,1
12022,0
12023,0
12024,0
12025,0
12026,1
12027,0
12028,1
12029,0
12030,1
12031,0
12032,0
12033,0
12034,0
12035,0
12036,0
12037,0
12038,2
12039,0
12040,0
12041,2
12042,0
12043,0
12044,2
12045,1
12046,0
12047,0
12048,0
12049,0
12050,0
12051,1
12052,1
12053,0
12054,0
12055,0
12056,0
12057,2
12058,1
12059,1
12060,5
12061,1
12062,0
12063,0
12064,1
12065,1
12066,0
12067,0
12068,0
12069,0
12070,2
12071,2
12072,0
12073,0
12074,1
12075,0
12076,0
12077,0
12078,1
12079,0
12080,0
12081,0
12082,0
12083,0
12084,0
12085,0
12086,0
12087,1
12088,0
12089,2
12090,1
12091,3
12092,0
12093,0
12094,0
12095,1
12096,0
12097,2
12098,2
12099,1
12100,1
12101,0
12102,0
12103,1
12104,0
12105,2
12106,0
12107,0
12108,0
12109,0
12110,0
12111,0
12112,0
12113,1
12114,0
12115,1
12116,0
12117,0
12118,1
12119,1
12120,0
12121,0
12122,0
12123,1
12124,0
12125,2
12126,0
12127,2
12128,1
12129,1
12130,3
12131,0
12132,1
12133,0
12134,0
12135,0
12136,2
12137,0
12138,0
12139,0
12140,1
12141,1
12142,1
12143,0
12144,0
12145,3
12146,2
12147,0
12148,0
12149,3
12150,0
12151,0
12152,0
12153,0
12154,2
12155,3
12156,0
12157,1
12158,0
12159,1
12160,0
12161,5
12162,1
12163,0
12164,1
12165,1
12166,0
12167,0
12168,1
12169,2
12170,0
12171,6
12172,1
12173,1
12174,1
12175,0
12176,0
12177,0
12178,1
12179,0
12180,2
12181,1
12182,0
12183,1
12184,1
12185,0
12186,2
12187,1
12188,1
12189,1
12190,1
12191,1
12192,4
12193,0
12194,0
12195,1
12196,1
12197,2
12198,0
12199,1
12200,1
12201,0
12202,2
12203,1
12204,1
12205,0
12206,1
12207,1
12208,0
12209,1
12210,0
12211,1
12212,2
12213,1
12214,3
12215,0
12216,0
12217,1
12218,0
12219,0
12220,2
12221,0
12222,0
12223,0
12224,1
12225,0
12226,2
12227,0
12228,0
12229,0
12230,1
12231,2
12232,0
12233,0
12234,1
12235,0
12236,2
12237,0
12238,1
12239,0
12240,1
12241,1
12242,1
12243,0
12244,0
12245,0
12246,0
12247,0
12248,1
12249,0
12250,2
12251,0
12252,1
12253,1
12254,1
12255,1
12256,0
12257,3
12258,1
12259,1
12260,2
12261,2
12262,3
12263,0
12264,1
12265,0
12266,0
12267,0
12268,1
12269,0
12270,1
12271,0
12272,3
12273,1
12274,1
12275,2
12276,0
12277,0
12278,0
12279,1
12280,0
12281,1
12282,2
12283,1
12284,0
12285,2
12286,1
12287,7
12288,1
12289,0
12290,1
12291,0
12292,0
12293,0
12294,1
12295,0
12296,1
12297,0
12298,1
12299,0
12300,3
12301,2
12302,2
12303,0
12304,1
12305,0
12306,0
12307,0
12308,2
12309,3
12310,1
12311,0
12312,0
12313,2
12314,1
12315,2
12316,1
12317,2
12318,1
12319,1
12320,0
12321,0
12322,0
12323,0
12324,1
12325,1
12326,0
12327,0
12328,2
12329,1
12330,1
12331,1
12332,1
12333,0
12334,0
12335,0
12336,1
12337,2
12338,1
12339,0
12340,0
12341,0
12342,0
12343,1
12344,0
12345,0
12346,0
12347,1
12348,0
12349,1
12350,1
12351,0
12352,3
12353,0
12354,2
12355,0
12356,2
12357,1
12358,0
12359,0
12360,3
12361,0
12362,0
12363,0
12364,0
12365,1
12366,1
12367,2
12368,0
12369,1
12370,1
12371,0
12372,0
12373,0
12374,1
12375,1
12376,0
12377,0
12378,0
12379,0
12380,0
12381,0
12382,2
12383,1
12384,1
12385,1
12386,0
12387,0
12388,0
12389,0
12390,0
12391,0
12392,0
12393,1
12394,0
12395,0
12396,1
12397,0
12398,0
12399,3
12400,0
12401,1
12402,0
12403,0
12404,0
12405,1
12406,0
12407,6
12408,0
12409,2
12410,0
12411,0
12412,0
12413,2
12414,1
12415,2
12416,0
12417,0
12418,0
12419,0
12420,2
12421,0
12422,0
12423,0
12424,1
12425,0
12426,1
12427,1
12428,0
12429,0
12430,0
12431,0
12432,0
12433,0
12434,0
12435,1
12436,0
12437,0
12438,3
12439,3
12440,1
12441,2
12442,0
12443,6
12444,0
12445,1
12446,2
12447,1
12448,1
12449,0
12450,0
12451,0
12452,0
12453,1
12454,0
12455,1
12456,0
12457,1
12458,1
12459,1
12460,1
12461,4
12462,0
12463,0
12464,1
12465,0
12466,1
12467,1
12468,0
12469,1
12470,0
12471,0
12472,0
12473,0
12474,1
12475,0
12476,0
12477,2
12478,0
12479,1
12480,2
12481,2
12482,1
12483,1
12484,0
12485,1
12486,1
12487,0
12488,1
12489,0
12490,1
12491,1
12492,0
12493,0
12494,1
12495,1
12496,1
12497,1
12498,0
12499,0
12500,0
12501,1
12502,0
12503,0
12504,0
12505,0
12506,0
12507,1
12508,1
12509,0
12510,1
12511,0
12512,0
12513,4
12514,0
12515,0
12516,0
12517,1
12518,0
12519,0
12520,2
12521,0
12522,2
12523,0
12524,0
12525,1
12526,1
12527,0
12528,0
12529,0
12530,0
12531,0
12532,0
12533,1
12534,0
12535,1
12536,0
12537,0
12538,0
12539,0
12540,0
12541,0
12542,0
12543,0
12544,0
12545,1
12546,0
12547,1
12548,0
12549,0
12550,0
12551,0
12552,0
12553,0
12554,0
12555,0
12556,1
12557,1
12558,1
12559,1
12560,1
12561,3
12562,0
12563,1
12564,0
12565,0
12566,0
12567,0
12568,2
12569,1
12570,0
12571,1
12572,0
12573,0
12574,0
12575,0
12576,1
12577,0
12578,0
12579,0
12580,0
12581,0
12582,7
12583,0
12584,0
12585,0
12586,0
12587,0
12588,0
12589,0
12590,1
12591,0
12592,1
12593,0
12594,0
12595,0
12596,0
12597,1
12598,4
12599,0
12600,0
12601,0
12602,1
12603,1
12604,0
12605,1
12606,2
12607,0
12608,2
12609,0
12610,0
12611,3
12612,1
12613,0
12614,1
12615,0
12616,1
12617,0
12618,1
12619,0
12620,0
12621,2
12622,0
12623,0
12624,1
12625,0
12626,2
12627,1
12628,1
12629,1
12630,1
12631,1
12632,0
12633,0
12634,1
12635,1
12636,2
12637,0
12638,2
12639,1
12640,0
12641,0
12642,0
12643,0
12644,0
12645,0
12646,0
12647,1
12648,1
12649,0
12650,2
12651,0
12652,1
12653,1
12654,0
12655,1
12656,0
12657,0
12658,2
12659,0
12660,0
12661,0
12662,0
12663,0
12664,1
12665,1
12666,1
12667,0
12668,1
12669,1
12670,0
12671,1
12672,1
12673,0
12674,1
12675,0
12676,1
12677,0
12678,2
12679,1
12680,0
12681,1
12682,0
12683,2
12684,2
12685,0
12686,0
12687,1
12688,3
12689,0
12690,1
12691,0
12692,0
12693,0
12694,3
12695,0
12696,0
12697,4
12698,3
12699,0
12700,2
12701,1
12702,1
12703,1
12704,1
12705,0
12706,2
12707,0
12708,1
12709,0
12710,0
12711,1
12712,0
12713,0
12714,0
12715,1
12716,0
12717,2
12718,2
12719,1
12720,1
12721,1
12722,0
12723,1
12724,0
12725,2
12726,1
12727,1
12728,0
12729,1
12730,1
12731,0
12732,1
12733,2
12734,1
12735,1
12736,0
12737,0
12738,0
12739,1
12740,0
12741,1
12742,0
12743,1
12744,0
12745,0
12746,1
12747,0
12748,2
12749,1
12750,0
12751,0
12752,1
12753,1
12754,2
12755,1
12756,0
12757,0
12758,1
12759,1
12760,0
12761,1
12762,2
12763,2
12764,0
12765,0
12766,0
12767,2
12768,1
12769,0
12770,0
12771,2
12772,1
12773,4
12774,0
12775,2
12776,0
12777,0
12778,1
12779,0
12780,0
12781,1
12782,0
12783,1
12784,1
12785,0
12786,0
12787,0
12788,0
12789,0
12790,2
12791,0
12792,1
12793,1
12794,1
12795,2
12796,2
12797,2
12798,3
12799,0
12800,1
12801,1
12802,0
12803,0
12804,1
12805,2
12806,0
12807,1
12808,0
12809,0
12810,0
12811,3
12812,2
12813,0
12814,0
12815,1
12816,0
12817,0
12818,1
12819,1
12820,0
12821,0
12822,1
12823,0
12824,1
12825,0
12826,0
12827,0
12828,0
12829,0
12830,0
12831,1
12832,1
12833,0
12834,0
12835,0
12836,1
12837,1
12838,2
12839,1
12840,0
12841,0
12842,0
12843,0
12844,2
12845,0
12846,0
12847,0
12848,2
12849,1
12850,0
12851,1
12852,0
12853,1
12854,1
12855,0
12856,0
12857,1
12858,0
12859,0
12860,2
12861,0
12862,0
12863,1
12864,0
12865,1
12866,0
12867,3
12868,1
12869,2
12870,1
12871,0
12872,0
12873,0
12874,2
12875,0
12876,0
12877,0
12878,0
12879,0
12880,1
12881,0
12882,2
12883,0
12884,0
12885,1
12886,0
12887,0
12888,0
12889,1
12890,0
12891,0
12892,1
12893,2
12894,1
12895,0
12896,0
12897,1
12898,2
12899,1
12900,0
12901,1
12902,1
12903,0
12904,1
12905,0
12906,1
12907,1
12908,0
12909,1
12910,1
12911,0
12912,1
12913,0
12914,0
12915,0
12916,0
12917,2
12918,2
12919,1
12920,1
12921,1
12922,0
12923,0
12924,1
12925,0
12926,0
12927,0
12928,4
12929,0
12930,0
12931,2
12932,1
12933,0
12934,0
12935,0
12936,0
12937,0
12938,0
12939,1
12940,2
12941,1
12942,0
12943,0
12944,1
12945,1
12946,1
12947,0
12948,1
12949,2
12950,3
12951,1
12952,1
12953,1
12954,0
12955,0
12956,0
12957,0
12958,1
12959,0
12960,0
12961,1
12962,3
12963,0
12964,0
12965,1
12966,2
12967,2
12968,1
12969,1
12970,0
12971,1
12972,1
12973,0
12974,2
12975,1
12976,0
12977,0
12978,1
12979,0
12980,3
12981,2
12982,0
12983,0
12984,1
12985,0
12986,0
12987,0
12988,0
12989,2
12990,1
12991,0
12992,0
12993,1
12994,1
12995,0
12996,0
12997,1
12998,0
12999,1
13000,0
13001,1
13002,0
13003,2
13004,2
13005,1
13006,0
13007,0
13008,4
13009,1
13010,1
13011,1
13012,5
13013,0
13014,1
13015,1
13016,0
13017,0
13018,1
13019,0
13020,1
13021,0
13022,0
13023,1
13024,0
13025,1
13026,3
13027,1
13028,0
13029,0
13030,1
13031,0
13032,0
13033,4
13034,0
13035,1
13036,0
13037,0
13038,3
13039,0
13040,1
13041,0
13042,0
13043,0
13044,0
13045,0
13046,0
13047,2
13048,0
13049,1
13050,1
13051,1
13052,0
13053,2
13054,2
13055,0
13056,1
13057,0
13058,2
13059,3
13060,0
13061,2
13062,1
13063,2
13064,1
13065,1
13066,0
13067,0
13068,1
13069,1
13070,1
13071,2
13072,1
13073,3
13074,1
13075,0
13076,0
13077,0
13078,0
13079,0
13080,3
13081,0
13082,0
13083,2
13084,0
13085,1
13086,0
13087,1
13088,1
13089,1
13090,0
13091,1
13092,1
13093,0
13094,0
13095,0
13096,0
13097,0
13098,0
13099,1
13100,1
13101,1
13102,1
13103,0
13104,0
13105,0
13106,1
13107,1
13108,2
13109,0
13110,2
13111,3
13112,0
13113,0
13114,0
13115,1
13116,0
13117,1
13118,0
13119,2
13120,1
13121,0
13122,2
13123,0
13124,0
13125,1
13126,0
13127,0
13128,0
13129,1
13130,1
13131,0
13132,1
13133,0
13134,1
13135,1
13136,1
13137,1
13138,0
13139,0
13140,0
13141,5
13142,1
13143,1
13144,1
13145,1
13146,0
13147,1
13148,1
13149,0
13150,0
13151,2
13152,1
13153,0
13154,0
13155,1
13156,0
13157,0
13158,2
13159,2
13160,1
13161,0
13162,1
13163,0
13164,0
13165,2
13166,0
13167,1
13168,0
13169,1
13170,0
13171,0
13172,2
13173,1
13174,2
13175,0
13176,0
13177,1
13178,1
13179,0
13180,0
13181,0
13182,0
13183,1
13184,1
13185,1
13186,1
13187,1
13188,2
13189,1
13190,0
13191,0
13192,2
13193,1
13194,0
13195,1
13196,0
13197,1
13198,0
13199,2
13200,1
13201,0
13202,0
13203,0
13204,0
13205,1
13206,3
13207,3
13208,0
13209,1
13210,0
13211,2
13212,0
13213,3
13214,0
13215,1
13216,2
13217,0
13218,0
13219,0
13220,0
13221,2
13222,1
13223,0
13224,1
13225,2
13226,1
13227,0
13228,0
13229,0
13230,0
13231,2
13232,0
13233,0
13234,0
13235,0
13236,0
13237,1
13238,0
13239,3
13240,1
13241,0
13242,1
13243,3
13244,0
13245,1
13246,1
13247,0
13248,1
13249,1
13250,0
13251,0
13252,0
13253,0
13254,0
13255,2
13256,1
13257,0
13258,0
13259,1
13260,1
13261,2
13262,1
13263,0
13264,1
13265,1
13266,0
13267,0
13268,1
13269,2
13270,0
13271,1
13272,0
13273,0
13274,0
13275,1
13276,0
13277,0
13278,1
13279,0
13280,0
13281,1
13282,0
13283,0
13284,0
13285,0
13286,0
13287,0
13288,0
13289,1
13290,0
13291,0
13292,1
13293,0
13294,2
13295,1
13296,1
13297,0
13298,1
13299,1
13300,0
13301,0
13302,1
13303,0
13304,3
13305,1
13306,0
13307,0
13308,0
13309,1
13310,1
13311,1
13312,0
13313,0
13314,2
13315,0
13316,1
13317,1
13318,0
13319,1
13320,0
13321,1
13322,0
13323,1
13324,2
13325,3
13326,0
13327,2
13328,2
13329,1
13330,0
13331,0
13332,0
13333,1
13334,0
13335,1
13336,1
13337,0
13338,1
13339,0
13340,0
13341,0
13342,2
13343,1
13344,2
13345,0
13346,0
13347,0
13348,3
13349,0
13350,3
13351,2
13352,0
13353,1
13354,0
13355,2
13356,0
13357,0
13358,1
13359,0
13360,0
13361,1
13362,0
13363,2
13364,0
13365,0
13366,1
13367,0
13368,0
13369,1
13370,2
13371,0
13372,1
13373,2
13374,1
13375,0
13376,1
13377,1
13378,0
13379,0
13380,0
13381,0
13382,2
13383,3
13384,1
13385,2
13386,6
13387,1
13388,1
13389,0
13390,0
13391,0
13392,0
13393,0
13394,1
13395,0
13396,0
13397,0
13398,0
13399,0
13400,1
13401,2
13402,0
13403,1
13404,0
13405,1
13406,0
13407,2
13408,0
13409,1
13410,0
13411,0
13412,0
13413,1
13414,1
13415,0
13416,1
13417,0
13418,0
13419,0
13420,1
13421,0
13422,1
13423,0
13424,0
13425,1
13426,1
13427,1
13428,1
13429,1
13430,0
13431,0
13432,0
13433,0
13434,0
13435,0
13436,1
13437,1
13438,2
13439,2
13440,1
13441,0
13442,0
13443,1
13444,0
13445,3
13446,0
13447,0
13448,1
13449,1
13450,0
13451,0
13452,0
13453,0
13454,1
13455,0
13456,0
13457,1
13458,1
13459,0
13460,0
13461,2
13462,0
13463,0
13464,0
13465,0
13466,0
13467,1
13468,2
13469,0
13470,1
13471,1
13472,2
13473,2
13474,2
13475,2
13476,1
13477,0
13478,0
13479,2
13480,1
13481,0
13482,1
13483,2
13484,0
13485,0
13486,1
13487,0
13488,2
13489,0
13490,0
13491,2
13492,0
13493,5
13494,2
13495,1
13496,0
13497,2
13498,1
13499,0
13500,0
13501,2
13502,1
13503,1
13504,0
13505,0
13506,0
13507,2
13508,1
13509,0
13510,0
13511,0
13512,1
13513,0
13514,0
13515,0
13516,0
13517,0
13518,2
13519,0
13520,1
13521,0
13522,0
13523,0
13524,1
13525,1
13526,0
13527,0
13528,1
13529,0
13530,0
13531,0
13532,1
13533,2
13534,1
13535,1
13536,0
13537,0
13538,0
13539,0
13540,0
13541,2
13542,0
13543,1
13544,0
13545,2
13546,0
13547,0
13548,0
13549,1
13550,0
13551,1
13552,1
13553,2
13554,1
13555,1
13556,0
13557,0
13558,0
13559,1
13560,1
13561,0
13562,0
13563,1
13564,0
13565,0
13566,0
13567,0
13568,0
13569,0
13570,0
13571,0
13572,0
13573,0
13574,1
13575,1
13576,0
13577,0
13578,1
13579,1
13580,0
13581,0
13582,1
13583,1
13584,2
13585,0
13586,1
13587,3
13588,0
13589,0
13590,2
13591,1
13592,1
13593,0
13594,3
13595,2
13596,2
13597,1
13598,1
13599,1
13600,1
13601,3
13602,1
13603,0
13604,0
13605,0
13606,1
13607,0
13608,0
13609,0
13610,0
13611,1
13612,3
13613,2
13614,0
13615,0
13616,2
13617,0
13618,2
13619,0
13620,0
13621,1
13622,0
13623,0
13624,1
13625,2
13626,0
13627,1
13628,0
13629,0
13630,3
13631,0
13632,0
13633,1
13634,1
13635,2
13636,1
13637,4
13638,0
13639,0
13640,1
13641,0
13642,0
13643,2
13644,2
13645,0
13646,3
13647,0
13648,1
13649,1
13650,2
13651,1
13652,1
13653,2
13654,6
13655,1
13656,0
13657,1
13658,1
13659,0
13660,0
13661,1
13662,0
13663,1
13664,0
13665,1
13666,3
13667,0
13668,2
13669,0
13670,0
13671,2
13672,2
13673,0
13674,1
13675,0
13676,0
13677,1
13678,0
13679,0
13680,0
13681,0
13682,0
13683,0
13684,0
13685,1
13686,1
13687,0
13688,1
13689,1
13690,1
13691,0
13692,0
13693,1
13694,0
13695,0
13696,1
13697,0
13698,2
13699,0
13700,1
13701,0
13702,1
13703,0
13704,0
13705,3
13706,0
13707,4
13708,1
13709,0
13710,1
13711,0
13712,2
13713,3
13714,0
13715,1
13716,2
13717,0
13718,1
13719,1
13720,1
13721,0
13722,0
13723,0
13724,1
13725,0
13726,0
13727,0
13728,0
13729,0
13730,2
13731,1
13732,0
13733,0
13734,3
13735,0
13736,1
13737,0
13738,0
13739,1
13740,1
13741,0
13742,0
13743,2
13744,0
13745,0
13746,1
13747,0
13748,0
13749,0
13750,2
13751,2
13752,2
13753,0
13754,0
13755,0
13756,1
13757,1
13758,1
13759,0
13760,2
13761,2
13762,1
13763,0
13764,1
13765,1
13766,0
13767,0
13768,5
13769,1
13770,0
13771,0
13772,0
13773,0
13774,2
13775,0
13776,1
13777,0
13778,1
13779,0
13780,0
13781,0
13782,1
13783,0
13784,0
13785,1
13786,1
13787,1
13788,2
13789,0
13790,1
13791,0
13792,0
13793,0
13794,0
13795,1
13796,1
13797,1
13798,0
13799,1
13800,3
13801,0
13802,0
13803,0
13804,0
13805,0
13806,1
13807,1
13808,0
13809,2
13810,0
13811,2
13812,1
13813,3
13814,0
13815,0
13816,2
13817,2
13818,1
13819,0
13820,0
13821,2
13822,1
13823,0
13824,0
13825,2
13826,1
13827,0
13828,2
13829,2
13830,0
13831,0
13832,0
13833,1
13834,0
13835,0
13836,3
13837,2
13838,0
13839,0
13840,1
13841,2
13842,0
13843,0
13844,0
13845,2
13846,2
13847,0
13848,0
13849,1
13850,0
13851,0
13852,1
13853,0
13854,1
13855,0
13856,3
13857,1
13858,0
13859,1
13860,0
13861,1
13862,0
13863,1
13864,1
13865,0
13866,2
13867,0
13868,0
13869,0
13870,0
13871,1
13872,3
13873,0
13874,1
13875,1
13876,1
13877,0
13878,1
13879,2
13880,4
13881,0
13882,2
13883,0
13884,0
13885,2
13886,2
13887,0
13888,0
13889,3
13890,0
13891,2
13892,1
13893,2
13894,0
13895,0
13896,0
13897,0
13898,2
13899,1
13900,2
13901,1
13902,0
13903,0
13904,1
13905,0
13906,1
13907,0
13908,2
13909,3
13910,0
13911,0
13912,1
13913,0
13914,1
13915,1
13916,0
13917,0
13918,0
13919,2
13920,0
13921,0
13922,0
13923,1
13924,0
13925,2
13926,0
13927,0
13928,2
13929,1
13930,1
13931,4
13932,1
13933,0
13934,2
13935,0
13936,0
13937,1
13938,0
13939,0
13940,0
13941,1
13942,1
13943,0
13944,1
13945,0
13946,1
13947,1
13948,1
13949,1
13950,0
13951,1
13952,0
13953,0
13954,0
13955,0
13956,1
13957,0
13958,0
13959,0
13960,3
13961,0
13962,1
13963,2
13964,3
13965,4
13966,1
13967,0
13968,0
13969,4
13970,1
13971,1
13972,2
13973,0
13974,1
13975,0
13976,0
13977,1
13978,0
13979,0
13980,2
13981,2
13982,0
13983,2
13984,0
13985,2
13986,0
13987,0
13988,1
13989,0
13990,0
13991,1
13992,1
13993,1
13994,1
13995,0
13996,1
13997,2
13998,0
13999,1
14000,0
14001,1
14002,1
14003,0
14004,0
14005,0
14006,0
14007,2
14008,2
14009,0
14010,0
14011,2
14012,0
14013,1
14014,2
14015,1
14016,0
14017,2
14018,1
14019,1
14020,0
14021,1
14022,0
14023,1
14024,1
14025,0
14026,2
14027,0
14028,0
14029,0
14030,1
14031,1
14032,2
14033,0
14034,0
14035,1
14036,0
14037,1
14038,1
14039,1
14040,1
14041,0
14042,0
14043,1
14044,0
14045,0
14046,0
14047,0
14048,0
14049,0
14050,0
14051,0
14052,0
14053,0
14054,0
14055,1
14056,2
14057,1
14058,2
14059,0
14060,0
14061,0
14062,1
14063,0
14064,0
14065,3
14066,1
14067,0
14068,0
14069,1
14070,1
14071,0
14072,0
14073,0
14074,3
14075,0
14076,0
14077,0
14078,1
14079,0
14080,0
14081,0
14082,0
14083,0
14084,1
14085,0
14086,2
14087,1
14088,0
14089,1
14090,0
14091,0
14092,0
14093,1
14094,1
14095,0
14096,0
14097,1
14098,1
14099,0
14100,1
14101,2
14102,1
14103,1
14104,2
14105,1
14106,0
14107,3
14108,0
14109,0
14110,0
14111,1
14112,1
14113,0
14114,0
14115,1
14116,0
14117,0
14118,3
14119,1
14120,0
14121,0
14122,2
14123,0
14124,0
14125,2
14126,0
14127,1
14128,0
14129,0
14130,0
14131,1
14132,1
14133,1
14134,0
14135,0
14136,0
14137,0
14138,1
14139,1
14140,0
14141,0
14142,0
14143,0
14144,1
14145,0
14146,2
14147,0
14148,1
14149,0
14150,2
14151,0
14152,0
14153,0
14154,2
14155,1
14156,4
14157,0
14158,1
14159,0
14160,1
14161,0
14162,1
14163,1
14164,1
14165,0
14166,2
14167,1
14168,1
14169,0
14170,1
14171,1
14172,1
14173,2
14174,1
14175,0
14176,0
14177,1
14178,1
14179,0
14180,1
14181,3
14182,2
14183,3
14184,0
14185,0
14186,0
14187,1
14188,0
14189,0
14190,0
14191,1
14192,0
14193,1
14194,0
14195,0
14196,0
14197,0
14198,0
14199,1
14200,3
14201,1
14202,0
14203,1
14204,0
14205,1
14206,0
14207,1
14208,0
14209,1
14210,0
14211,1
14212,0
14213,1
14214,0
14215,0
14216,1
14217,0
14218,0
14219,0
14220,1
14221,0
14222,1
14223,4
14224,0
14225,1
14226,1
14227,0
14228,1
14229,0
14230,2
14231,2
14232,0
14233,0
14234,0
14235,0
14236,0
14237,2
14238,0
14239,0
14240,0
14241,0
14242,0
14243,2
14244,1
14245,0
14246,1
14247,0
14248,0
14249,1
14250,1
14251,0
14252,1
14253,0
14254,0
14255,0
14256,2
14257,0
14258,2
14259,1
14260,0
14261,0
14262,1
14263,0
14264,0
14265,0
14266,0
14267,2
14268,0
14269,2
14270,1
14271,0
14272,1
14273,3
14274,0
14275,0
14276,2
14277,1
14278,0
14279,0
14280,1
14281,0
14282,0
14283,0
14284,0
14285,0
14286,0
14287,0
14288,0
14289,1
14290,1
14291,0
14292,0
14293,0
14294,1
14295,0
14296,1
14297,0
14298,1
14299,0
14300,0
14301,0
14302,2
14303,1
14304,0
14305,0
14306,0
14307,0
14308,1
14309,1
14310,1
14311,0
14312,0
14313,0
14314,0
14315,0
14316,0
14317,1
14318,3
14319,0
14320,1
14321,0
14322,0
14323,1
14324,2
14325,2
14326,1
14327,1
14328,0
14329,0
14330,0
14331,1
14332,0
14333,2
14334,0
14335,2
14336,4
14337,1
14338,1
14339,1
14340,0
14341,0
14342,0
14343,1
14344,0
14345,2
14346,1
14347,1
14348,0
14349,0
14350,1
14351,0
14352,2
14353,0
14354,1
14355,3
14356,1
14357,1
14358,1
14359,1
14360,0
14361,0
14362,0
14363,0
14364,1
14365,1
14366,8
14367,1
14368,1
14369,0
14370,1
14371,0
14372,1
14373,0
14374,0
14375,1
14376,0
14377,1
14378,0
14379,0
14380,1
14381,0
14382,2
14383,1
14384,1
14385,0
14386,2
14387,1
14388,1
14389,0
14390,0
14391,0
14392,0
14393,1
14394,0
14395,1
14396,2
14397,0
14398,1
14399,0
14400,0
14401,0
14402,0
14403,5
14404,2
14405,0
14406,1
14407,1
14408,0
14409,0
14410,0
14411,0
14412,1
14413,0
14414,2
14415,0
14416,0
14417,0
14418,0
14419,0
14420,2
14421,9
14422,0
14423,1
14424,0
14425,0
14426,1
14427,0
14428,0
14429,1
14430,0
14431,1
14432,1
14433,1
14434,0
14435,0
14436,1
14437,0
14438,1
14439,0
14440,1
14441,2
14442,0
14443,2
14444,1
14445,0
14446,0
14447,0
14448,1
14449,0
14450,0
14451,1
14452,0
14453,2
14454,1
14455,0
14456,0
14457,1
14458,2
14459,0
14460,2
14461,0
14462,1
14463,0
14464,1
14465,1
14466,0
14467,0
14468,1
14469,2
14470,0
14471,1
14472,0
14473,0
14474,1
14475,0
14476,1
14477,0
14478,0
14479,0
14480,1
14481,1
14482,0
14483,2
14484,0
14485,1
14486,1
14487,2
14488,0
14489,0
14490,0
14491,1
14492,0
14493,0
14494,2
14495,3
14496,0
14497,2
14498,0
14499,1
14500,0
14501,0
14502,0
14503,0
14504,1
14505,1
14506,0
14507,0
14508,2
14509,0
14510,1
14511,1
14512,0
14513,10
14514,0
14515,1
14516,0
14517,1
14518,0
14519,1
14520,1
14521,1
14522,1
14523,0
14524,0
14525,0
14526,1
14527,1
14528,1
14529,0
14530,1
14531,1
14532,2
14533,0
14534,1
14535,2
14536,0
14537,0
14538,2
14539,0
14540,1
14541,1
14542,1
14543,1
14544,1
14545,2
14546,0
14547,1
14548,0
14549,0
14550,0
14551,1
14552,1
14553,2
14554,0
14555,1
14556,0
14557,0
14558,5
14559,3
14560,0
14561,2
14562,3
14563,0
14564,0
14565,4
14566,1
14567,1
14568,0
14569,1
14570,1
14571,2
14572,1
14573,0
14574,0
14575,0
14576,0
14577,2
14578,2
14579,1
14580,0
14581,0
14582,1
14583,0
14584,2
14585,2
14586,0
14587,2
14588,0
14589,0
14590,0
14591,1
14592,0
14593,1
14594,0
14595,2
14596,0
14597,2
14598,1
14599,0
14600,0
14601,0
14602,1
14603,1
14604,1
14605,1
14606,1
14607,0
14608,1
14609,1
14610,0
14611,1
14612,0
14613,1
14614,2
14615,2
14616,1
14617,0
14618,0
14619,0
14620,1
14621,1
14622,0
14623,1
14624,0
14625,1
14626,0
14627,1
14628,1
14629,1
14630,0
14631,0
14632,1
14633,1
14634,1
14635,0
14636,0
14637,1
14638,0
14639,0
14640,1
14641,0
14642,1
14643,0
14644,0
14645,2
14646,0
14647,0
14648,0
14649,0
14650,0
14651,0
14652,1
14653,1
14654,0
14655,0
14656,1
14657,0
14658,0
14659,2
14660,0
14661,0
14662,0
14663,0
14664,0
14665,3
14666,0
14667,0
14668,1
14669,2
14670,0
14671,1
14672,0
14673,1
14674,1
14675,1
14676,0
14677,0
14678,0
14679,0
14680,3
14681,0
14682,1
14683,1
14684,1
14685,1
14686,3
14687,0
14688,0
14689,0
14690,1
14691,1
14692,0
14693,0
14694,0
14695,2
14696,1
14697,0
14698,1
14699,0
14700,3
14701,1
14702,1
14703,3
14704,1
14705,1
14706,1
14707,2
14708,0
14709,1
14710,1
14711,0
14712,1
14713,0
14714,1
14715,3
14716,1
14717,2
14718,1
14719,0
14720,0
14721,0
14722,0
14723,1
14724,0
14725,1
14726,1
14727,0
14728,0
14729,0
14730,0
14731,0
14732,1
14733,1
14734,2
14735,1
14736,0
14737,0
14738,0
14739,0
14740,1
14741,0
14742,1
14743,2
14744,1
14745,0
14746,4
14747,1
14748,0
14749,3
14750,0
14751,5
14752,0
14753,0
14754,1
14755,0
14756,1
14757,0
14758,1
14759,2
14760,2
14761,2
14762,1
14763,0
14764,0
14765,0
14766,0
14767,0
14768,1
14769,0
14770,0
14771,0
14772,0
14773,1
14774,0
14775,0
14776,3
14777,1
14778,0
14779,0
14780,0
14781,0
14782,0
14783,1
14784,3
14785,0
14786,2
14787,7
14788,0
14789,0
14790,0
14791,0
14792,3
14793,0
14794,0
14795,1
14796,0
14797,0
14798,0
14799,0
14800,0
14801,0
14802,2
14803,1
14804,0
14805,1
14806,1
14807,0
14808,0
14809,0
14810,0
14811,0
14812,1
14813,0
14814,2
14815,0
14816,0
14817,2
14818,0
14819,1
14820,1
14821,0
14822,1
14823,0
14824,1
14825,0
14826,0
14827,0
14828,0
14829,1
14830,0
14831,0
14832,1
14833,2
14834,1
14835,0
14836,2
14837,0
14838,1
14839,0
14840,0
14841,1
14842,0
14843,0
14844,1
14845,1
14846,2
14847,0
14848,2
14849,0
14850,1
14851,0
14852,0
14853,2
14854,1
14855,0
14856,2
14857,1
14858,0
14859,1
14860,2
14861,0
14862,0
14863,0
14864,2
14865,0
14866,0
14867,2
14868,0
14869,0
14870,3
14871,3
14872,0
14873,1
14874,0
14875,1
14876,0
14877,2
14878,0
14879,1
14880,0
14881,1
14882,0
14883,0
14884,2
14885,1
14886,0
14887,2
14888,1
14889,1
14890,1
14891,0
14892,1
14893,1
14894,1
14895,0
14896,0
14897,4
14898,6
14899,2
14900,0
14901,0
14902,1
14903,1
14904,0
14905,0
14906,1
14907,0
14908,0
14909,0
14910,1
14911,0
14912,0
14913,0
14914,1
14915,0
14916,2
14917,0
14918,1
14919,0
14920,1
14921,0
14922,0
14923,0
14924,1
14925,2
14926,1
14927,0
14928,1
14929,0
14930,0
14931,1
14932,0
14933,1
14934,1
14935,1
14936,0
14937,1
14938,2
14939,0
14940,0
14941,0
14942,2
14943,1
14944,0
14945,0
14946,2
14947,1
14948,0
14949,1
14950,0
14951,0
14952,0
14953,0
14954,1
14955,0
14956,0
14957,0
14958,0
14959,2
14960,1
14961,1
14962,0
14963,1
14964,0
14965,0
14966,0
14967,0
14968,0
14969,1
14970,0
14971,1
14972,0
14973,0
14974,2
14975,2
14976,0
14977,0
14978,0
14979,1
14980,0
14981,2
14982,0
14983,1
14984,1
14985,1
14986,1
14987,0
14988,2
14989,1
14990,1
14991,0
14992,0
14993,0
14994,2
14995,2
14996,0
14997,0
14998,0
14999,1
15000,0
15001,0
15002,0
15003,1
15004,1
15005,0
15006,0
15007,1
15008,2
15009,1
15010,0
15011,1
15012,3
15013,1
15014,0
15015,1
15016,0
15017,1
15018,1
15019,0
15020,1
15021,0
15022,0
15023,3
15024,0
15025,0
15026,0
15027,1
15028,1
15029,1
15030,0
15031,0
15032,0
15033,1
15034,0
15035,1
15036,0
15037,0
15038,3
15039,0
15040,1
15041,1
15042,0
15043,0
15044,0
15045,0
15046,4
15047,1
15048,0
15049,1
15050,1
15051,0
15052,1
15053,0
15054,2
15055,0
15056,0
15057,0
15058,1
15059,0
15060,1
15061,0
15062,1
15063,1
15064,0
15065,1
15066,0
15067,2
15068,0
15069,1
15070,1
15071,0
15072,0
15073,1
15074,0
15075,1
15076,0
15077,1
15078,1
15079,1
15080,1
15081,0
15082,0
15083,1
15084,0
15085,1
15086,1
15087,1
15088,0
15089,0
15090,0
15091,0
15092,1
15093,1
15094,0
15095,0
15096,1
15097,1
15098,0
15099,3
15100,0
15101,0
15102,1
15103,0
15104,2
15105,1
15106,2
15107,0
15108,0
15109,1
15110,1
15111,0
15112,0
15113,1
15114,1
15115,0
15116,0
15117,1
15118,0
15119,0
15120,0
15121,1
15122,0
15123,0
15124,0
15125,1
15126,0
15127,0
15128,2
15129,1
15130,2
15131,0
15132,0
15133,1
15134,0
15135,1
15136,1
15137,1
15138,2
15139,0
15140,0
15141,1
15142,1
15143,2
15144,0
15145,0
15146,0
15147,0
15148,1
15149,0
15150,0
15151,0
15152,0
15153,0
15154,0
15155,2
15156,0
15157,1
15158,0
15159,0
15160,3
15161,2
15162,1
15163,1
15164,1
15165,0
15166,0
15167,1
15168,1
15169,1
15170,1
15171,0
15172,1
15173,1
15174,0
15175,0
15176,0
15177,0
15178,0
15179,2
15180,0
15181,1
15182,2
15183,0
15184,0
15185,0
15186,3
15187,1
15188,0
15189,0
15190,0
15191,2
15192,0
15193,0
15194,0
15195,2
15196,0
15197,0
15198,0
15199,0
15200,1
15201,1
15202,1
15203,0
15204,3
15205,0
15206,0
15207,0
15208,1
15209,0
15210,0
15211,0
15212,1
15213,0
15214,0
15215,0
15216,0
15217,0
15218,1
15219,1
15220,0
15221,0
15222,3
15223,0
15224,0
15225,1
15226,0
15227,1
15228,1
15229,2
15230,2
15231,0
15232,0
15233,1
15234,0
15235,2
15236,0
15237,2
15238,0
15239,0
15240,0
15241,0
15242,0
15243,0
15244,0
15245,2
15246,1
15247,2
15248,0
15249,0
15250,1
15251,1
15252,0
15253,1
15254,0
15255,1
15256,1
15257,1
15258,2
15259,0
15260,0
15261,0
15262,2
15263,1
15264,1
15265,0
15266,0
15267,0
15268,0
15269,2
15270,1
15271,3
15272,0
15273,0
15274,0
15275,1
15276,0
15277,0
15278,2
15279,0
15280,0
15281,1
15282,1
15283,0
15284,1
15285,0
15286,1
15287,2
15288,1
15289,0
15290,0
15291,0
15292,2
15293,0
15294,0
15295,1
15296,0
15297,0
15298,0
15299,2
15300,0
15301,1
15302,0
15303,0
15304,2
15305,1
15306,1
15307,2
15308,0
15309,0
15310,0
15311,2
15312,1
15313,1
15314,0
15315,1
15316,0
15317,1
15318,0
15319,1
15320,0
15321,2
15322,0
15323,3
15324,0
15325,0
15326,0
15327,0
15328,0
15329,0
15330,0
15331,1
15332,1
15333,1
15334,0
15335,0
15336,1
15337,1
15338,0
15339,1
15340,0
15341,0
15342,0
15343,1
15344,1
15345,1
15346,0
15347,1
15348,2
15349,2
15350,1
15351,1
15352,2
15353,0
15354,1
15355,1
15356,1
15357,1
15358,0
15359,0
15360,0
15361,0
15362,0
15363,0
15364,0
15365,1
15366,1
15367,0
15368,0
15369,1
15370,0
15371,0
15372,1
15373,1
15374,1
15375,3
15376,1
15377,0
15378,2
15379,1
15380,1
15381,0
15382,0
15383,0
15384,0
15385,2
15386,1
15387,0
15388,0
15389,1
15390,1
15391,0
15392,1
15393,1
15394,0
15395,3
15396,1
15397,1
15398,1
15399,0
15400,2
15401,1
15402,2
15403,0
15404,0
15405,1
15406,0
15407,0
15408,1
15409,2
15410,0
15411,0
15412,1
15413,0
15414,0
15415,2
15416,0
15417,0
15418,1
15419,1
15420,0
15421,0
15422,0
15423,1
15424,0
15425,0
15426,3
15427,1
15428,1
15429,0
15430,1
15431,1
15432,2
15433,1
15434,0
15435,0
15436,1
15437,1
15438,1
15439,0
15440,0
15441,1
15442,1
15443,4
15444,0
15445,0
15446,0
15447,2
15448,0
15449,1
15450,1
15451,2
15452,1
15453,1
15454,0
15455,3
15456,1
15457,0
15458,0
15459,1
15460,0
15461,0
15462,1
15463,1
15464,1
15465,1
15466,0
15467,2
15468,0
15469,0
15470,0
15471,1
15472,0
15473,1
15474,0
15475,0
15476,1
15477,1
15478,0
15479,2
15480,0
15481,0
15482,1
15483,0
15484,1
15485,0
15486,0
15487,0
15488,0
15489,1
15490,0
15491,0
15492,1
15493,1
15494,0
15495,0
15496,1
15497,0
15498,1
15499,2
15500,0
15501,0
15502,0
15503,2
15504,0
15505,1
15506,1
15507,1
15508,1
15509,2
15510,2
15511,0
15512,1
15513,1
15514,0
15515,0
15516,2
15517,3
15518,4
15519,2
15520,1
15521,0
15522,1
15523,0
15524,0
15525,1
15526,0
15527,0
15528,1
15529,0
15530,3
15531,1
15532,1
15533,0
15534,2
15535,0
15536,1
15537,1
15538,0
15539,2
15540,0
15541,1
15542,0
15543,0
15544,0
15545,0
15546,0
15547,0
15548,5
15549,1
15550,1
15551,1
15552,0
15553,1
15554,0
15555,0
15556,1
15557,2
15558,0
15559,3
15560,0
15561,0
15562,1
15563,0
15564,0
15565,2
15566,0
15567,1
15568,1
15569,0
15570,1
15571,0
15572,0
15573,1
15574,0
15575,0
15576,0
15577,0
15578,0
15579,1
15580,0
15581,0
15582,1
15583,1
15584,0
15585,0
15586,0
15587,4
15588,1
15589,1
15590,0
15591,2
15592,3
15593,3
15594,1
15595,0
15596,1
15597,1
15598,1
15599,0
15600,2
15601,2
15602,1
15603,2
15604,1
15605,0
15606,1
15607,3
15608,0
15609,2
15610,0
15611,0
15612,0
15613,2
15614,0
15615,0
15616,1
15617,1
15618,2
15619,0
15620,2
15621,0
15622,2
15623,0
15624,1
15625,0
15626,2
15627,1
15628,1
15629,2
15630,0
15631,2
15632,1
15633,0
15634,1
15635,0
15636,1
15637,0
15638,0
15639,1
15640,1
15641,2
15642,0
15643,0
15644,0
15645,0
15646,0
15647,0
15648,0
15649,0
15650,0
15651,0
15652,2
15653,0
15654,1
15655,0
15656,0
15657,1
15658,0
15659,1
15660,1
15661,1
15662,0
15663,0
15664,0
15665,0
15666,2
15667,0
15668,0
15669,1
15670,0
15671,1
15672,0
15673,0
15674,0
15675,1
15676,1
15677,2
15678,1
15679,0
15680,0
15681,2
15682,1
15683,1
15684,0
15685,1
15686,1
15687,0
15688,1
15689,1
15690,2
15691,0
15692,0
15693,1
15694,3
15695,1
15696,1
15697,1
15698,0
15699,0
15700,1
15701,2
15702,0
15703,0
15704,0
15705,0
15706,0
15707,1
15708,2
15709,0
15710,0
15711,0
15712,1
15713,0
15714,1
15715,0
15716,1
15717,0
15718,3
15719,0
15720,3
15721,1
15722,2
15723,4
15724,3
15725,3
15726,0
15727,0
15728,0
15729,1
15730,0
15731,1
15732,3
15733,1
15734,0
15735,0
15736,2
15737,1
15738,0
15739,0
15740,0
15741,0
15742,0
15743,1
15744,1
15745,0
15746,1
15747,0
15748,2
15749,0
15750,0
15751,0
15752,2
15753,1
15754,1
15755,0
15756,1
15757,0
15758,1
15759,1
15760,0
15761,0
15762,0
15763,0
15764,0
15765,6
15766,5
15767,0
15768,1
15769,0
15770,1
15771,0
15772,0
15773,0
15774,1
15775,0
15776,1
15777,0
15778,0
15779,0
15780,2
15781,1
15782,0
15783,2
15784,2
15785,0
15786,1
15787,0
15788,1
15789,0
15790,1
15791,1
15792,0
15793,0
15794,2
15795,0
15796,0
15797,2
15798,1
15799,0
15800,0
15801,1
15802,0
15803,1
15804,4
15805,1
15806,0
15807,1
15808,0
15809,0
15810,0
15811,0
15812,1
15813,1
15814,0
15815,1
15816,0
15817,2
15818,1
15819,1
15820,0
15821,2
15822,0
15823,0
15824,0
15825,0
15826,0
15827,0
15828,0
15829,1
15830,1
15831,0
15832,2
15833,0
15834,0
15835,3
15836,0
15837,1
15838,0
15839,1
15840,0
15841,2
15842,1
15843,0
15844,1
15845,2
15846,0
15847,1
15848,1
15849,1
15850,1
15851,0
15852,2
15853,0
15854,0
15855,0
15856,0
15857,1
15858,0
15859,0
15860,0
15861,1
15862,1
15863,0
15864,1
15865,3
15866,2
15867,0
15868,0
15869,0
15870,0
15871,1
15872,0
15873,0
15874,1
15875,2
15876,0
15877,0
15878,1
15879,2
15880,3
15881,0
15882,1
15883,0
15884,1
15885,2
15886,1
15887,0
15888,0
15889,0
15890,3
15891,0
15892,3
15893,0
15894,0
15895,3
15896,2
15897,0
15898,0
15899,1
15900,0
15901,1
15902,2
15903,0
15904,0
15905,0
15906,2
15907,0
15908,0
15909,3
15910,1
15911,0
15912,1
15913,0
15914,3
15915,0
15916,0
15917,4
15918,0
15919,1
15920,0
15921,0
15922,0
15923,1
15924,1
15925,0
15926,0
15927,2
15928,0
15929,1
15930,0
15931,1
15932,0
15933,1
15934,3
15935,1
15936,0
15937,0
15938,0
15939,0
15940,0
15941,0
15942,0
15943,0
15944,0
15945,0
15946,0
15947,0
15948,0
15949,0
15950,0
15951,0
15952,0
15953,0
15954,1
15955,1
15956,0
15957,2
15958,0
15959,0
15960,2
15961,0
15962,0
15963,0
15964,1
15965,0
15966,0
15967,0
15968,0
15969,1
15970,1
15971,0
15972,1
15973,1
15974,0
15975,0
15976,0
15977,1
15978,1
15979,1
15980,1
15981,1
15982,0
15983,0
15984,0
15985,0
15986,4
15987,0
15988,0
15989,2
15990,0
15991,1
15992,0
15993,0
15994,1
15995,1
15996,6
15997,3
15998,0
15999,0
16000,1
16001,0
16002,0
16003,1
16004,0
16005,0
16006,1
16007,1
16008,0
16009,1
16010,0
16011,3
16012,1
16013,1
16014,0
16015,0
16016,3
16017,2
16018,1
16019,0
16020,0
16021,1
16022,0
16023,0
16024,2
16025,1
16026,1
16027,0
16028,0
16029,3
16030,0
16031,2
16032,0
16033,0
16034,0
16035,1
16036,1
16037,1
16038,0
16039,0
16040,1
16041,2
16042,0
16043,0
16044,0
16045,1
16046,1
16047,1
16048,1
16049,0
16050,0
16051,1
16052,1
16053,0
16054,1
16055,0
16056,1
16057,0
16058,0
16059,1
16060,0
16061,1
16062,1
16063,1
16064,1
16065,1
16066,0
16067,0
16068,0
16069,0
16070,1
16071,1
16072,1
16073,1
16074,1
16075,0
16076,1
16077,3
16078,2
16079,1
16080,0
16081,1
16082,0
16083,0
16084,2
16085,1
16086,0
16087,0
16088,0
16089,1
16090,0
16091,0
16092,0
16093,0
16094,0
16095,2
16096,0
16097,0
16098,0
16099,1
16100,2
16101,0
16102,0
16103,0
16104,0
16105,1
16106,1
16107,1
16108,2
16109,0
16110,3
16111,0
16112,1
16113,0
16114,0
16115,1
16116,0
16117,0
16118,1
16119,0
16120,0
16121,0
16122,0
16123,2
16124,1
16125,0
16126,1
16127,1
16128,0
16129,0
16130,3
16131,0
16132,1
16133,0
16134,1
16135,4
16136,1
16137,0
16138,1
16139,1
16140,1
16141,0
16142,0
16143,0
16144,2
16145,2
16146,1
16147,1
16148,1
16149,0
16150,0
16151,2
16152,2
16153,1
16154,2
16155,1
16156,2
16157,0
16158,1
16159,1
16160,1
16161,0
16162,6
16163,0
16164,0
16165,0
16166,0
16167,0
16168,1
16169,0
16170,0
16171,5
16172,1
16173,2
16174,0
16175,2
16176,1
16177,1
16178,2
16179,0
16180,3
16181,3
16182,0
16183,0
16184,1
16185,0
16186,0
16187,1
16188,1
16189,0
16190,0
16191,0
16192,0
16193,0
16194,0
16195,0
16196,1
16197,0
16198,1
16199,0
16200,2
16201,1
16202,2
16203,1
16204,1
16205,0
16206,2
16207,1
16208,0
16209,0
16210,1
16211,0
16212,0
16213,1
16214,1
16215,0
16216,2
16217,1
16218,1
16219,2
16220,0
16221,0
16222,0
16223,1
16224,0
16225,0
16226,1
16227,0
16228,0
16229,0
16230,1
16231,0
16232,1
16233,0
16234,0
16235,0
16236,0
16237,0
16238,1
16239,0
16240,0
16241,0
16242,0
16243,0
16244,4
16245,1
16246,0
16247,0
16248,1
16249,1
16250,1
16251,1
16252,0
16253,2
16254,2
16255,0
16256,0
16257,0
16258,0
16259,1
16260,1
16261,0
16262,2
16263,1
16264,3
16265,0
16266,2
16267,0
16268,0
16269,0
16270,0
16271,1
16272,0
16273,1
16274,0
16275,0
16276,0
16277,2
16278,0
16279,2
16280,1
16281,1
16282,2
16283,0
16284,0
16285,2
16286,1
16287,1
16288,0
16289,0
16290,0
16291,2
16292,5
16293,0
16294,1
16295,0
16296,1
16297,1
16298,1
16299,0
16300,0
16301,0
16302,0
16303,1
16304,0
16305,0
16306,0
16307,0
16308,0
16309,2
16310,0
16311,0
16312,1
16313,0
16314,0
16315,1
16316,1
16317,3
16318,0
16319,0
16320,2
16321,0
16322,2
16323,0
16324,1
16325,0
16326,2
16327,2
16328,0
16329,0
16330,0
16331,0
16332,1
16333,2
16334,0
16335,1
16336,4
16337,1
16338,0
16339,0
16340,1
16341,0
16342,1
16343,0
16344,0
16345,1
16346,0
16347,0
16348,1
16349,0
16350,0
16351,0
16352,1
16353,0
16354,0
16355,0
16356,1
16357,0
16358,0
16359,0
16360,1
16361,0
16362,3
16363,0
16364,0
16365,3
16366,1
16367,0
16368,0
16369,1
16370,0
16371,1
16372,0
16373,0
16374,0
16375,0
16376,1
16377,0
16378,2
16379,0
16380,2
16381,1
16382,1
16383,0
16384,0
16385,1
16386,1
16387,1
16388,0
16389,1
16390,0
16391,0
16392,1
16393,1
16394,3
16395,0
16396,2
16397,2
16398,1
16399,0
16400,2
16401,1
16402,1
16403,1
16404,1
16405,4
16406,0
16407,2
16408,0
16409,0
16410,1
16411,2
16412,1
16413,0
16414,0
16415,0
16416,2
16417,0
16418,0
16419,0
16420,1
16421,0
16422,1
16423,0
16424,0
16425,0
16426,1
16427,1
16428,0
16429,0
16430,0
16431,1
16432,0
16433,3
16434,2
16435,0
16436,1
16437,1
16438,1
16439,0
16440,0
16441,0
16442,1
16443,1
16444,2
16445,0
16446,1
16447,0
16448,2
16449,3
16450,1
16451,1
16452,1
16453,1
16454,1
16455,0
16456,0
16457,0
16458,2
16459,0
16460,1
16461,0
16462,0
16463,0
16464,1
16465,0
16466,1
16467,0
16468,1
16469,0
16470,1
16471,0
16472,0
16473,2
16474,0
16475,0
16476,1
16477,0
16478,0
16479,0
16480,1
16481,1
16482,0
16483,0
16484,1
16485,0
16486,0
16487,2
16488,0
16489,1
16490,1
16491,4
16492,3
16493,1
16494,0
16495,0
16496,1
16497,1
16498,0
16499,0
16500,1
16501,0
16502,0
16503,0
16504,0
16505,0
16506,0
16507,2
16508,3
16509,1
16510,1
16511,0
16512,0
16513,0
16514,0
16515,0
16516,0
16517,0
16518,0
16519,2
16520,1
16521,1
16522,1
16523,1
16524,0
16525,1
16526,0
16527,0
16528,1
16529,1
16530,2
16531,1
16532,0
16533,0
16534,1
16535,1
16536,1
16537,0
16538,0
16539,0
16540,1
16541,0
16542,0
16543,2
16544,1
16545,1
16546,0
16547,1
16548,0
16549,0
16550,0
16551,0
16552,0
16553,2
16554,0
16555,1
16556,0
16557,0
16558,1
16559,1
16560,0
16561,0
16562,2
16563,0
16564,0
16565,1
16566,1
16567,3
16568,0
16569,1
16570,1
16571,0
16572,0
16573,1
16574,0
16575,1
16576,1
16577,0
16578,0
16579,0
16580,0
16581,0
16582,0
16583,0
16584,0
16585,0
16586,0
16587,0
16588,0
16589,0
16590,0
16591,0
16592,0
16593,1
16594,2
16595,1
16596,0
16597,1
16598,0
16599,2
16600,1
16601,2
16602,0
16603,0
16604,2
16605,1
16606,0
16607,1
16608,0
16609,2
16610,1
16611,1
16612,2
16613,0
16614,1
16615,1
16616,0
16617,0
16618,0
16619,0
16620,0
16621,1
16622,1
16623,0
16624,1
16625,2
16626,1
16627,1
16628,0
16629,0
16630,2
16631,0
16632,0
16633,0
16634,2
16635,0
16636,0
16637,1
16638,0
16639,0
16640,0
16641,2
16642,1
16643,1
16644,1
16645,0
16646,2
16647,0
16648,0
16649,0
16650,0
16651,0
16652,1
16653,1
16654,1
16655,3
16656,0
16657,0
16658,0
16659,0
16660,0
16661,2
16662,1
16663,1
16664,1
16665,2
16666,0
16667,0
16668,0
16669,1
16670,2
16671,0
16672,0
16673,0
16674,1
16675,1
16676,0
16677,0
16678,1
16679,0
16680,1
16681,1
16682,0
16683,1
16684,0
16685,1
16686,0
16687,0
16688,1
16689,1
16690,2
16691,1
16692,0
16693,0
16694,1
16695,0
16696,0
16697,3
16698,1
16699,1
16700,1
16701,1
16702,1
16703,0
16704,1
16705,0
16706,3
16707,4
16708,0
16709,1
16710,1
16711,0
16712,0
16713,1
16714,1
16715,1
16716,0
16717,1
16718,0
16719,0
16720,1
16721,2
16722,0
16723,1
16724,1
16725,0
16726,3
16727,0
16728,0
16729,0
16730,1
16731,1
16732,2
16733,0
16734,2
16735,1
16736,3
16737,1
16738,0
16739,0
16740,0
16741,0
16742,1
16743,0
16744,0
16745,0
16746,1
16747,0
16748,1
16749,0
16750,1
16751,1
16752,2
16753,0
16754,0
16755,0
16756,0
16757,0
16758,0
16759,4
16760,0
16761,0
16762,0
16763,2
16764,0
16765,2
16766,0
16767,0
16768,1
16769,0
16770,0
16771,0
16772,4
16773,0
16774,4
16775,3
16776,3
16777,2
16778,3
16779,0
16780,0
16781,1
16782,1
16783,0
16784,3
16785,0
16786,2
16787,0
16788,0
16789,0
16790,3
16791,1
16792,1
16793,1
16794,0
16795,2
16796,3
16797,0
16798,0
16799,1
16800,0
16801,2
16802,0
16803,0
16804,0
16805,0
16806,0
16807,0
16808,1
16809,1
16810,2
16811,0
16812,2
16813,0
16814,0
16815,1
16816,1
16817,1
16818,0
16819,0
16820,1
16821,1
16822,0
16823,0
16824,0
16825,3
16826,1
16827,0
16828,1
16829,2
16830,0
16831,2
16832,0
16833,1
16834,0
16835,0
16836,0
16837,1
16838,1
16839,0
16840,0
16841,0
16842,0
16843,5
16844,1
16845,0
16846,1
16847,0
16848,0
16849,1
16850,0
16851,0
16852,0
16853,1
16854,2
16855,1
16856,1
16857,0
16858,1
16859,0
16860,1
16861,0
16862,1
16863,0
16864,0
16865,2
16866,0
16867,0
16868,0
16869,0
16870,1
16871,1
16872,0
16873,1
16874,2
16875,0
16876,0
16877,1
16878,0
16879,0
16880,0
16881,1
16882,0
16883,1
16884,2
16885,0
16886,0
16887,2
16888,0
16889,1
16890,0
16891,0
16892,0
16893,1
16894,0
16895,0
16896,1
16897,0
16898,1
16899,0
16900,0
16901,0
16902,0
16903,0
16904,0
16905,0
16906,1
16907,0
16908,0
16909,0
16910,0
16911,2
16912,0
16913,0
16914,0
16915,0
16916,0
16917,2
16918,0
16919,0
16920,0
16921,1
16922,0
16923,0
16924,0
16925,1
16926,1
16927,0
16928,1
16929,1
16930,0
16931,0
16932,0
16933,2
16934,0
16935,1
16936,0
16937,0
16938,0
16939,0
16940,1
16941,3
16942,0
16943,0
16944,0
16945,0
16946,0
16947,0
16948,1
16949,3
16950,0
16951,0
16952,1
16953,0
16954,1
16955,0
16956,0
16957,1
16958,0
16959,0
16960,0
16961,0
16962,0
16963,0
16964,0
16965,2
16966,1
16967,0
16968,1
16969,0
16970,1
16971,0
16972,0
16973,3
16974,1
16975,1
16976,2
16977,1
16978,0
16979,1
16980,0
16981,0
16982,0
16983,1
16984,1
16985,2
16986,0
16987,0
16988,1
16989,0
16990,0
16991,2
16992,0
16993,0
16994,0
16995,0
16996,0
16997,1
16998,3
16999,3
17000,0
17001,0
17002,1
17003,3
17004,5
17005,0
17006,2
17007,2
17008,1
17009,1
17010,0
17011,0
17012,2
17013,0
17014,2
17015,1
17016,0
17017,3
17018,0
17019,0
17020,0
17021,1
17022,1
17023,0
17024,1
17025,0
17026,1
17027,1
17028,0
17029,0
17030,1
17031,0
17032,0
17033,2
17034,0
17035,0
17036,1
17037,2
17038,0
17039,0
17040,3
17041,0
17042,0
17043,2
17044,1
17045,0
17046,1
17047,1
17048,1
17049,0
17050,1
17051,0
17052,0
17053,0
17054,3
17055,0
17056,0
17057,2
17058,0
17059,0
17060,1
17061,0
17062,2
17063,1
17064,1
17065,3
17066,0
17067,0
17068,0
17069,1
17070,0
17071,0
17072,4
17073,1
17074,0
17075,1
17076,2
17077,1
17078,0
17079,0
17080,0
17081,0
17082,1
17083,0
17084,3
17085,0
17086,1
17087,0
17088,3
17089,0
17090,0
17091,0
17092,0
17093,0
17094,1
17095,1
17096,2
17097,0
17098,0
17099,1
17100,0
17101,0
17102,3
17103,0
17104,0
17105,0
17106,1
17107,2
17108,0
17109,2
17110,1
17111,1
17112,2
17113,2
17114,0
17115,0
17116,1
17117,0
17118,3
17119,0
17120,2
17121,1
17122,2
17123,1
17124,0
17125,0
17126,0
17127,0
17128,1
17129,1
17130,0
17131,1
17132,2
17133,0
17134,0
17135,12
17136,0
17137,0
17138,0
17139,0
17140,0
17141,0
17142,2
17143,1
17144,0
17145,0
17146,0
17147,0
17148,0
17149,1
17150,0
17151,0
17152,1
17153,0
17154,0
17155,1
17156,0
17157,4
17158,0
17159,1
17160,0
17161,1
17162,1
17163,1
17164,0
17165,1
17166,1
17167,1
17168,0
17169,2
17170,1
17171,1
17172,0
17173,0
17174,0
17175,0
17176,1
17177,0
17178,0
17179,1
17180,0
17181,0
17182,3
17183,1
17184,2
17185,1
17186,0
17187,0
17188,1
17189,0
17190,1
17191,0
17192,4
17193,5
17194,1
17195,4
17196,0
17197,0
17198,2
17199,1
17200,0
17201,0
17202,1
17203,0
17204,0
17205,0
17206,1
17207,0
17208,1
17209,0
17210,1
17211,0
17212,0
17213,0
17214,2
17215,0
17216,2
17217,0
17218,0
17219,0
17220,0
17221,0
17222,2
17223,1
17224,0
17225,0
17226,0
17227,1
17228,0
17229,1
17230,0
17231,1
17232,1
17233,2
17234,3
17235,1
17236,0
17237,0
17238,0
17239,1
17240,0
17241,0
17242,0
17243,0
17244,0
17245,0
17246,0
17247,0
17248,0
17249,1
17250,1
17251,0
17252,0
17253,0
17254,1
17255,0
17256,1
17257,1
17258,0
17259,1
17260,0
17261,1
17262,0
17263,1
17264,2
17265,0
17266,1
17267,0
17268,2
17269,0
17270,3
17271,2
17272,2
17273,0
17274,0
17275,1
17276,3
17277,0
17278,1
17279,1
17280,0
17281,0
17282,0
17283,0
17284,0
17285,0
17286,1
17287,1
17288,1
17289,0
17290,1
17291,0
17292,0
17293,1
17294,0
17295,3
17296,3
17297,0
17298,0
17299,0
17300,0
17301,1
17302,1
17303,0
17304,0
17305,0
17306,1
17307,2
17308,0
17309,0
17310,2
17311,0
17312,0
17313,0
17314,2
17315,0
17316,1
17317,1
17318,0
17319,0
17320,2
17321,0
17322,0
17323,0
17324,1
17325,1
17326,1
17327,3
17328,1
17329,0
17330,0
17331,1
17332,0
17333,0
17334,0
17335,0
17336,0
17337,2
17338,1
17339,1
17340,0
17341,0
17342,0
17343,3
17344,1
17345,0
17346,0
17347,1
17348,0
17349,1
17350,0
17351,2
17352,1
17353,1
17354,1
17355,0
17356,2
17357,0
17358,0
17359,3
17360,0
17361,2
17362,0
17363,0
17364,1
17365,0
17366,0
17367,0
17368,2
17369,1
17370,0
17371,2
17372,1
17373,2
17374,1
17375,2
17376,2
17377,0
17378,2
17379,0
17380,0
17381,0
17382,1
17383,1
17384,1
17385,1
17386,1
17387,0
17388,1
17389,0
17390,0
17391,0
17392,0
17393,0
17394,1
17395,1
17396,2
17397,0
17398,0
17399,2
17400,0
17401,2
17402,0
17403,1
17404,0
17405,0
17406,0
17407,0
17408,1
17409,1
17410,0
17411,0
17412,2
17413,2
17414,0
17415,0
17416,0
17417,3
17418,1
17419,0
17420,0
17421,2
17422,0
17423,0
17424,0
17425,0
17426,0
17427,0
17428,1
17429,0
17430,0
17431,1
17432,0
17433,1
17434,0
17435,0
17436,0
17437,0
17438,2
17439,0
17440,1
17441,1
17442,1
17443,1
17444,2
17445,0
17446,0
17447,2
17448,0
17449,0
17450,0
17451,1
17452,2
17453,2
17454,0
17455,1
17456,0
17457,0
17458,0
17459,0
17460,1
17461,0
17462,0
17463,5
17464,0
17465,0
17466,0
17467,1
17468,1
17469,0
17470,0
17471,0
17472,0
17473,1
17474,0
17475,1
17476,1
17477,0
17478,0
17479,1
17480,0
17481,0
17482,0
17483,4
17484,0
17485,1
17486,0
17487,2
17488,0
17489,0
17490,0
17491,1
17492,0
17493,1
17494,0
17495,2
17496,0
17497,0
17498,0
17499,1
17500,1
17501,1
17502,0
17503,1
17504,1
17505,0
17506,0
17507,0
17508,2
17509,1
17510,1
17511,0
17512,1
17513,1
17514,1
17515,1
17516,1
17517,2
17518,1
17519,1
17520,0
17521,0
17522,0
17523,3
17524,1
17525,2
17526,0
17527,2
17528,2
17529,1
17530,1
17531,0
17532,0
17533,0
17534,1
17535,0
17536,0
17537,0
17538,0
17539,2
17540,0
17541,2
17542,0
17543,0
17544,2
17545,1
17546,0
17547,0
17548,0
17549,0
17550,0
17551,1
17552,0
17553,0
17554,1
17555,0
17556,1
17557,2
17558,1
17559,0
17560,0
17561,4
17562,2
17563,1
17564,2
17565,1
17566,0
17567,1
17568,0
17569,2
17570,2
17571,1
17572,1
17573,0
17574,2
17575,0
17576,1
17577,1
17578,0
17579,1
17580,1
17581,0
17582,0
17583,0
17584,3
17585,2
17586,1
17587,0
17588,0
17589,2
17590,1
17591,2
17592,0
17593,0
17594,0
17595,0
17596,0
17597,0
17598,2
17599,0
17600,3
17601,1
17602,0
17603,0
17604,0
17605,0
17606,0
17607,1
17608,1
17609,0
17610,0
17611,0
17612,1
17613,1
17614,1
17615,1
17616,1
17617,1
17618,1
17619,0
17620,0
17621,3
17622,2
17623,1
17624,1
17625,1
17626,3
17627,0
17628,1
17629,0
17630,0
17631,0
17632,2
17633,1
17634,2
17635,1
17636,2
17637,1
17638,2
17639,2
17640,0
17641,0
17642,0
17643,0
17644,0
17645,1
17646,0
17647,0
17648,2
17649,1
17650,1
17651,1
17652,0
17653,1
17654,0
17655,1
17656,0
17657,2
17658,0
17659,1
17660,0
17661,0
17662,2
17663,1
17664,0
17665,1
17666,1
17667,1
17668,0
17669,0
17670,0
17671,2
17672,1
17673,0
17674,0
17675,1
17676,0
17677,1
17678,0
17679,1
17680,1
17681,1
17682,1
17683,0
17684,0
17685,2
17686,0
17687,0
17688,0
17689,0
17690,0
17691,1
17692,0
17693,1
17694,1
17695,1
17696,0
17697,1
17698,1
17699,0
17700,1
17701,0
17702,0
17703,1
17704,0
17705,2
17706,0
17707,1
17708,0
17709,3
17710,2
17711,1
17712,0
17713,1
17714,0
17715,1
17716,1
17717,1
17718,2
17719,0
17720,0
17721,0
17722,1
17723,0
17724,0
17725,1
17726,1
17727,0
17728,1
17729,0
17730,0
17731,0
17732,1
17733,0
17734,1
17735,0
17736,1
17737,1
17738,0
17739,1
17740,0
17741,0
17742,0
17743,0
17744,0
17745,0
17746,1
17747,1
17748,1
17749,0
17750,1
17751,0
17752,0
17753,1
17754,2
17755,1
17756,0
17757,0
17758,0
17759,1
17760,2
17761,0
17762,0
17763,0
17764,0
17765,1
17766,0
17767,0
17768,0
17769,0
17770,0
17771,0
17772,1
17773,1
17774,0
17775,1
17776,0
17777,1
17778,0
17779,0
17780,1
17781,0
17782,0
17783,1
17784,0
17785,1
17786,2
17787,1
17788,0
17789,0
17790,1
17791,0
17792,1
17793,0
17794,1
17795,2
17796,0
17797,0
17798,1
17799,1
17800,0
17801,1
17802,0
17803,1
17804,0
17805,1
17806,2
17807,0
17808,0
17809,2
17810,0
17811,0
17812,0
17813,2
17814,0
17815,0
17816,1
17817,1
17818,0
17819,1
17820,2
17821,2
17822,1
17823,2
17824,1
17825,0
17826,1
17827,2
17828,1
17829,0
17830,0
17831,1
17832,0
17833,2
17834,0
17835,1
17836,0
17837,0
17838,0
17839,1
17840,0
17841,0
17842,0
17843,1
17844,0
17845,1
17846,0
17847,0
17848,1
17849,1
17850,1
17851,0
17852,0
17853,2
17854,1
17855,1
17856,0
17857,0
17858,0
17859,1
17860,0
17861,0
17862,2
17863,0
17864,2
17865,2
17866,1
17867,1
17868,1
17869,0
17870,0
17871,1
17872,0
17873,0
17874,1
17875,0
17876,0
17877,0
17878,0
17879,0
17880,1
17881,0
17882,0
17883,0
17884,0
17885,2
17886,0
17887,2
17888,0
17889,2
17890,1
17891,1
17892,3
17893,0
17894,1
17895,0
17896,0
17897,1
17898,3
17899,0
17900,0
17901,0
17902,0
17903,1
17904,1
17905,2
17906,0
17907,0
17908,0
17909,1
17910,0
17911,0
17912,0
17913,0
17914,1
17915,0
17916,0
17917,0
17918,2
17919,2
17920,2
17921,0
17922,0
17923,1
17924,2
17925,4
17926,1
17927,2
17928,0
17929,0
17930,0
17931,0
17932,3
17933,0
17934,1
17935,1
17936,0
17937,1
17938,0
17939,0
17940,2
17941,1
17942,1
17943,1
17944,1
17945,0
17946,1
17947,1
17948,0
17949,2
17950,0
17951,0
17952,1
17953,0
17954,0
17955,0
17956,0
17957,2
17958,1
17959,1
17960,0
17961,0
17962,1
17963,2
17964,1
17965,0
17966,1
17967,0
17968,0
17969,1
17970,1
17971,2
17972,2
17973,0
17974,0
17975,1
17976,2
17977,1
17978,0
17979,0
17980,0
17981,3
17982,0
17983,3
17984,0
17985,1
17986,0
17987,1
17988,0
17989,0
17990,2
17991,0
17992,2
17993,0
17994,0
17995,1
17996,1
17997,5
17998,0
17999,1
18000,1
18001,0
18002,0
18003,0
18004,1
18005,0
18006,2
18007,1
18008,0
18009,0
18010,0
18011,0
18012,0
18013,3
18014,0
18015,0
18016,0
18017,1
18018,0
18019,0
18020,0
18021,0
18022,1
18023,0
18024,0
18025,0
18026,0
18027,0
18028,0
18029,1
18030,1
18031,1
18032,1
18033,1
18034,1
18035,2
18036,0
18037,0
18038,2
18039,1
18040,0
18041,1
18042,1
18043,0
18044,2
18045,0
18046,1
18047,1
18048,0
18049,2
18050,1
18051,1
18052,0
18053,1
18054,2
18055,2
18056,0
18057,1
18058,1
18059,1
18060,1
18061,1
18062,1
18063,0
18064,1
18065,3
18066,0
18067,0
18068,1
18069,0
18070,0
18071,0
18072,0
18073,0
18074,0
18075,0
18076,1
18077,0
18078,0
18079,4
18080,1
18081,1
18082,1
18083,0
18084,1
18085,2
18086,1
18087,0
18088,0
18089,4
18090,0
18091,1
18092,0
18093,1
18094,1
18095,2
18096,1
18097,1
18098,2
18099,1
18100,0
18101,1
18102,0
18103,0
18104,0
18105,0
18106,0
18107,2
18108,0
18109,0
18110,0
18111,0
18112,1
18113,2
18114,1
18115,0
18116,0
18117,1
18118,2
18119,0
18120,0
18121,0
18122,1
18123,1
18124,0
18125,1
18126,1
18127,1
18128,1
18129,0
18130,0
18131,2
18132,0
18133,0
18134,1
18135,0
18136,1
18137,2
18138,0
18139,0
18140,1
18141,0
18142,5
18143,0
18144,1
18145,0
18146,1
18147,0
18148,0
18149,1
18150,0
18151,1
18152,4
18153,1
18154,1
18155,0
18156,0
18157,0
18158,1
18159,0
18160,0
18161,1
18162,0
18163,0
18164,2
18165,0
18166,0
18167,1
18168,1
18169,1
18170,0
18171,0
18172,2
18173,0
18174,1
18175,1
18176,1
18177,3
18178,1
18179,1
18180,1
18181,1
18182,2
18183,0
18184,1
18185,0
18186,1
18187,1
18188,2
18189,1
18190,2
18191,0
18192,1
18193,0
18194,0
18195,0
18196,0
18197,3
18198,1
18199,0
18200,0
18201,1
18202,1
18203,1
18204,1
18205,1
18206,1
18207,2
18208,0
18209,2
18210,0
18211,0
18212,0
18213,2
18214,0
18215,1
18216,1
18217,1
18218,0
18219,2
18220,0
18221,1
18222,0
18223,0
18224,1
18225,0
18226,0
18227,0
18228,3
18229,1
18230,0
18231,1
18232,0
18233,1
18234,0
18235,4
18236,0
18237,1
18238,0
18239,1
18240,0
18241,1
18242,0
18243,0
18244,0
18245,0
18246,0
18247,0
18248,0
18249,0
18250,1
18251,1
18252,1
18253,0
18254,0
18255,1
18256,0
18257,2
18258,1
18259,2
18260,0
18261,0
18262,3
18263,0
18264,1
18265,1
18266,0
18267,2
18268,2
18269,3
18270,2
18271,0
18272,1
18273,0
18274,0
18275,1
18276,0
18277,1
18278,0
18279,1
18280,3
18281,2
18282,0
18283,1
18284,2
18285,1
18286,0
18287,4
18288,0
18289,0
18290,2
18291,2
18292,1
18293,1
18294,1
18295,1
18296,0
18297,1
18298,0
18299,0
18300,0
18301,0
18302,0
18303,0
18304,1
18305,0
18306,0
18307,0
18308,2
18309,2
18310,0
18311,0
18312,1
18313,0
18314,1
18315,0
18316,0
18317,1
18318,0
18319,1
18320,0
18321,0
18322,2
18323,1
18324,2
18325,0
18326,1
18327,1
18328,0
18329,1
18330,1
18331,0
18332,0
18333,0
18334,0
18335,0
18336,0
18337,2
18338,2
18339,0
18340,1
18341,2
18342,1
18343,0
18344,0
18345,0
18346,0
18347,2
18348,3
18349,0
18350,2
18351,1
18352,0
18353,1
18354,0
18355,0
18356,1
18357,0
18358,0
18359,1
18360,0
18361,0
18362,0
18363,1
18364,0
18365,0
18366,1
18367,1
18368,1
18369,0
18370,0
18371,1
18372,1
18373,0
18374,0
18375,0
18376,1
18377,2
18378,0
18379,1
18380,0
18381,1
18382,0
18383,1
18384,0
18385,1
18386,8
18387,1
18388,2
18389,0
18390,0
18391,0
18392,2
18393,0
18394,0
18395,0
18396,0
18397,1
18398,3
18399,1
18400,1
18401,1
18402,2
18403,0
18404,1
18405,0
18406,0
18407,1
18408,1
18409,1
18410,0
18411,0
18412,0
18413,0
18414,2
18415,1
18416,1
18417,1
18418,0
18419,0
18420,1
18421,1
18422,1
18423,1
18424,0
18425,1
18426,0
18427,1
18428,0
18429,0
18430,1
18431,0
18432,1
18433,1
18434,0
18435,1
18436,2
18437,1
18438,2
18439,0
18440,1
18441,1
18442,0
18443,2
18444,0
18445,0
18446,1
18447,2
18448,0
18449,2
18450,0
18451,0
18452,0
18453,0
18454,0
18455,0
18456,0
18457,0
18458,2
18459,0
18460,3
18461,0
18462,0
18463,0
18464,2
18465,2
18466,0
18467,2
18468,0
18469,0
18470,0
18471,1
18472,0
18473,1
18474,1
18475,2
18476,1
18477,2
18478,0
18479,0
18480,1
18481,1
18482,0
18483,0
18484,0
18485,0
18486,2
18487,2
18488,7
18489,0
18490,0
18491,2
18492,1
18493,2
18494,1
18495,4
18496,2
18497,2
18498,0
18499,0
18500,0
18501,1
18502,1
18503,0
18504,0
18505,1
18506,2
18507,1
18508,2
18509,0
18510,0
18511,0
18512,3
18513,1
18514,0
18515,0
18516,3
18517,1
18518,1
18519,0
18520,1
18521,0
18522,2
18523,0
18524,2
18525,0
18526,1
18527,0
18528,0
18529,0
18530,0
18531,0
18532,2
18533,5
18534,4
18535,0
18536,1
18537,1
18538,2
18539,2
18540,1
18541,0
18542,0
18543,1
18544,1
18545,1
18546,0
18547,1
18548,0
18549,2
18550,4
18551,0
18552,0
18553,0
18554,0
18555,2
18556,1
18557,0
18558,0
18559,0
18560,2
18561,1
18562,0
18563,1
18564,0
18565,4
18566,0
18567,0
18568,1
18569,0
18570,2
18571,2
18572,0
18573,0
18574,3
18575,0
18576,0
18577,1
18578,0
18579,0
18580,1
18581,0
18582,0
18583,1
18584,0
18585,0
18586,2
18587,0
18588,1
18589,0
18590,5
18591,1
18592,0
18593,1
18594,1
18595,0
18596,0
18597,0
18598,2
18599,0
18600,1
18601,0
18602,0
18603,2
18604,0
18605,0
18606,1
18607,0
18608,2
18609,0
18610,0
18611,0
18612,1
18613,0
18614,0
18615,0
18616,0
18617,0
18618,0
18619,0
18620,5
18621,2
18622,2
18623,2
18624,1
18625,0
18626,1
18627,2
18628,0
18629,0
18630,0
18631,1
18632,0
18633,1
18634,0
18635,1
18636,0
18637,0
18638,1
18639,3
18640,3
18641,0
18642,1
18643,1
18644,1
18645,0
18646,0
18647,0
18648,2
18649,1
18650,0
18651,0
18652,0
18653,0
18654,0
18655,2
18656,0
18657,2
18658,1
18659,0
18660,0
18661,0
18662,1
18663,0
18664,0
18665,0
18666,0
18667,0
18668,0
18669,0
18670,1
18671,0
18672,1
18673,0
18674,2
18675,1
18676,0
18677,0
18678,0
18679,1
18680,1
18681,0
18682,1
18683,1
18684,1
18685,1
18686,0
18687,1
18688,0
18689,3
18690,1
18691,0
18692,2
18693,2
18694,0
18695,0
18696,2
18697,0
18698,0
18699,1
18700,0
18701,0
18702,1
18703,0
18704,0
18705,2
18706,0
18707,0
18708,1
18709,0
18710,0
18711,1
18712,0
18713,2
18714,2
18715,0
18716,0
18717,0
18718,0
18719,2
18720,0
18721,0
18722,1
18723,2
18724,1
18725,0
18726,0
18727,1
18728,0
18729,1
18730,1
18731,2
18732,1
18733,2
18734,0
18735,0
18736,1
18737,1
18738,1
18739,0
18740,0
18741,0
18742,0
18743,0
18744,2
18745,1
18746,0
18747,1
18748,0
18749,0
18750,0
18751,1
18752,1
18753,0
18754,2
18755,0
18756,2
18757,0
18758,0
18759,0
18760,0
18761,0
18762,1
18763,1
18764,0
18765,1
18766,1
18767,3
18768,0
18769,1
18770,1
18771,0
18772,0
18773,2
18774,0
18775,0
18776,1
18777,2
18778,0
18779,0
18780,1
18781,0
18782,1
18783,0
18784,0
18785,0
18786,1
18787,0
18788,1
18789,1
18790,0
18791,1
18792,2
18793,1
18794,2
18795,1
18796,0
18797,0
18798,2
18799,1
18800,0
18801,1
18802,0
18803,0
18804,0
18805,3
18806,0
18807,0
18808,0
18809,1
18810,0
18811,1
18812,0
18813,1
18814,0
18815,1
18816,0
18817,2
18818,0
18819,0
18820,0
18821,0
18822,1
18823,2
18824,0
18825,2
18826,3
18827,0
18828,1
18829,2
18830,0
18831,0
18832,1
18833,4
18834,2
18835,0
18836,0
18837,2
18838,0
18839,1
18840,1
18841,1
18842,1
18843,0
18844,0
18845,0
18846,1
18847,0
18848,0
18849,2
18850,1
18851,0
18852,0
18853,0
18854,0
18855,0
18856,1
18857,2
18858,2
18859,0
18860,2
18861,1
18862,0
18863,2
18864,2
18865,3
18866,1
18867,1
18868,1
18869,1
18870,1
18871,0
18872,1
18873,1
18874,0
18875,1
18876,0
18877,0
18878,1
18879,3
18880,0
18881,2
18882,3
18883,0
18884,0
18885,0
18886,0
18887,0
18888,0
18889,3
18890,0
18891,1
18892,0
18893,0
18894,1
18895,0
18896,1
18897,1
18898,1
18899,1
18900,0
18901,3
18902,3
18903,0
18904,0
18905,1
18906,1
18907,1
18908,1
18909,1
18910,1
18911,1
18912,1
18913,1
18914,2
18915,1
18916,1
18917,0
18918,0
18919,0
18920,1
18921,0
18922,0
18923,2
18924,2
18925,2
18926,1
18927,2
18928,2
18929,1
18930,0
18931,2
18932,2
18933,1
18934,1
18935,0
18936,2
18937,0
18938,1
18939,1
18940,1
18941,1
18942,0
18943,0
18944,1
18945,1
18946,0
18947,2
18948,3
18949,2
18950,0
18951,0
18952,1
18953,3
18954,1
18955,0
18956,0
18957,1
18958,0
18959,1
18960,0
18961,1
18962,0
18963,1
18964,1
18965,0
18966,0
18967,0
18968,0
18969,0
18970,0
18971,0
18972,0
18973,1
18974,0
18975,0
18976,0
18977,0
18978,0
18979,1
18980,0
18981,0
18982,2
18983,2
18984,1
18985,1
18986,2
18987,2
18988,0
18989,0
18990,0
18991,2
18992,0
18993,1
18994,1
18995,0
18996,0
18997,3
18998,1
18999,2
19000,0
19001,1
19002,4
19003,3
19004,0
19005,0
19006,1
19007,0
19008,0
19009,0
19010,1
19011,1
19012,1
19013,2
19014,0
19015,1
19016,2
19017,0
19018,2
19019,2
19020,0
19021,1
19022,0
19023,1
19024,1
19025,1
19026,1
19027,0
19028,1
19029,1
19030,1
19031,0
19032,2
19033,0
19034,0
19035,1
19036,0
19037,0
19038,1
19039,0
19040,1
19041,0
19042,0
19043,0
19044,0
19045,2
19046,1
19047,1
19048,0
19049,1
19050,0
19051,0
19052,1
19053,1
19054,1
19055,3
19056,0
19057,1
19058,0
19059,0
19060,1
19061,0
19062,0
19063,0
19064,0
19065,0
19066,0
19067,0
19068,0
19069,0
19070,2
19071,4
19072,3
19073,0
19074,2
19075,0
19076,0
19077,1
19078,1
19079,2
19080,1
19081,1
19082,1
19083,0
19084,0
19085,0
19086,0
19087,5
19088,0
19089,3
19090,1
19091,1
19092,0
19093,0
19094,0
19095,1
19096,1
19097,2
19098,1
19099,4
19100,1
19101,2
19102,0
19103,3
19104,1
19105,0
19106,1
19107,0
19108,1
19109,0
19110,0
19111,1
19112,0
19113,1
19114,2
19115,0
19116,0
19117,0
19118,0
19119,0
19120,1
19121,0
19122,1
19123,2
19124,0
19125,3
19126,1
19127,2
19128,0
19129,0
19130,0
19131,3
19132,0
19133,0
19134,2
19135,0
19136,0
19137,0
19138,0
19139,4
19140,0
19141,1
19142,1
19143,0
19144,1
19145,0
19146,0
19147,0
19148,0
19149,0
19150,3
19151,0
19152,1
19153,0
19154,1
19155,1
19156,0
19157,0
19158,0
19159,0
19160,1
19161,0
19162,2
19163,0
19164,0
19165,0
19166,0
19167,0
19168,3
19169,1
19170,0
19171,2
19172,0
19173,2
19174,0
19175,0
19176,1
19177,2
19178,1
19179,0
19180,2
19181,0
19182,2
19183,1
19184,0
19185,1
19186,0
19187,0
19188,0
19189,0
19190,0
19191,0
19192,0
19193,2
19194,0
19195,0
19196,0
19197,1
19198,0
19199,0
19200,1
19201,1
19202,0
19203,1
19204,1
19205,0
19206,0
19207,1
19208,0
19209,0
19210,1
19211,0
19212,1
19213,0
19214,0
19215,1
19216,2
19217,0
19218,1
19219,1
19220,1
19221,1
19222,1
19223,1
19224,0
19225,1
19226,1
19227,1
19228,0
19229,1
19230,2
19231,3
19232,1
19233,4
19234,0
19235,1
19236,0
19237,1
19238,0
19239,0
19240,0
19241,0
19242,0
19243,0
19244,1
19245,0
19246,3
19247,1
19248,0
19249,1
19250,1
19251,1
19252,0
19253,2
19254,3
19255,2
19256,0
19257,1
19258,0
19259,0
19260,0
19261,1
19262,0
19263,1
19264,0
19265,0
19266,0
19267,0
19268,3
19269,4
19270,0
19271,0
19272,0
19273,1
19274,0
19275,0
19276,2
19277,1
19278,0
19279,0
19280,1
19281,1
19282,0
19283,1
19284,1
19285,2
19286,0
19287,1
19288,0
19289,1
19290,0
19291,1
19292,0
19293,0
19294,0
19295,0
19296,0
19297,0
19298,0
19299,1
19300,1
19301,0
19302,1
19303,0
19304,1
19305,2
19306,2
19307,0
19308,0
19309,1
19310,0
19311,0
19312,2
19313,0
19314,1
19315,0
19316,0
19317,1
19318,1
19319,1
19320,1
19321,0
19322,0
19323,4
19324,1
19325,0
19326,3
19327,1
19328,1
19329,1
19330,1
19331,0
19332,2
19333,0
19334,0
19335,0
19336,0
19337,0
19338,0
19339,0
19340,1
19341,0
19342,1
19343,0
19344,0
19345,1
19346,1
19347,0
19348,2
19349,0
19350,0
19351,1
19352,1
19353,0
19354,0
19355,1
19356,1
19357,0
19358,1
19359,1
19360,0
19361,1
19362,0
19363,0
19364,1
19365,0
19366,3
19367,0
19368,1
19369,0
19370,0
19371,1
19372,3
19373,0
19374,0
19375,1
19376,0
19377,0
19378,2
19379,3
19380,0
19381,1
19382,1
19383,1
19384,0
19385,0
19386,3
19387,0
19388,0
19389,0
19390,1
19391,0
19392,3
19393,1
19394,1
19395,0
19396,1
19397,2
19398,0
19399,1
19400,1
19401,1
19402,0
19403,5
19404,0
19405,0
19406,2
19407,0
19408,0
19409,2
19410,1
19411,1
19412,1
19413,2
19414,1
19415,0
19416,0
19417,1
19418,2
19419,0
19420,5
19421,1
19422,0
19423,1
19424,1
19425,1
19426,0
19427,0
19428,1
19429,1
19430,0
19431,2
19432,0
19433,0
19434,0
19435,0
19436,5
19437,0
19438,2
19439,0
19440,0
19441,0
19442,0
19443,1
19444,0
19445,1
19446,0
19447,0
19448,1
19449,0
19450,0
19451,1
19452,0
19453,0
19454,1
19455,1
19456,1
19457,1
19458,1
19459,6
19460,0
19461,2
19462,2
19463,0
19464,0
19465,2
19466,0
19467,2
19468,0
19469,1
19470,1
19471,3
19472,3
19473,0
19474,0
19475,0
19476,0
19477,0
19478,0
19479,1
19480,0
19481,0
19482,1
19483,0
19484,0
19485,1
19486,1
19487,0
19488,0
19489,1
19490,1
19491,1
19492,2
19493,0
19494,0
19495,1
19496,0
19497,0
19498,1
19499,0
19500,0
19501,4
19502,0
19503,1
19504,1
19505,1
19506,1
19507,0
19508,0
19509,0
19510,2
19511,0
19512,0
19513,0
19514,2
19515,0
19516,0
19517,1
19518,2
19519,1
19520,0
19521,1
19522,0
19523,0
19524,0
19525,0
19526,0
19527,0
19528,0
19529,0
19530,0
19531,3
19532,1
19533,0
19534,0
19535,1
19536,0
19537,0
19538,1
19539,0
19540,1
19541,0
19542,1
19543,0
19544,0
19545,1
19546,0
19547,1
19548,3
19549,0
19550,0
19551,0
19552,0
19553,2
19554,1
19555,0
19556,2
19557,1
19558,0
19559,1
19560,1
19561,0
19562,0
19563,1
19564,2
19565,1
19566,0
19567,2
19568,0
19569,0
19570,0
19571,0
19572,1
19573,2
19574,0
19575,0
19576,0
19577,0
19578,4
19579,0
19580,1
19581,0
19582,1
19583,0
19584,1
19585,0
19586,3
19587,0
19588,1
19589,2
19590,0
19591,0
19592,2
19593,0
19594,0
19595,2
19596,1
19597,0
19598,1
19599,1
19600,0
19601,1
19602,0
19603,1
19604,2
19605,0
19606,0
19607,0
19608,0
19609,0
19610,2
19611,1
19612,0
19613,0
19614,0
19615,2
19616,0
19617,0
19618,1
19619,0
19620,0
19621,1
19622,0
19623,0
19624,1
19625,0
19626,4
19627,0
19628,0
19629,0
19630,3
19631,0
19632,1
19633,1
19634,1
19635,2
19636,1
19637,1
19638,1
19639,1
19640,0
19641,0
19642,0
19643,1
19644,0
19645,0
19646,1
19647,1
19648,0
19649,1
19650,0
19651,2
19652,0
19653,0
19654,0
19655,0
19656,3
19657,0
19658,1
19659,1
19660,1
19661,1
19662,0
19663,1
19664,2
19665,0
19666,0
19667,1
19668,1
19669,0
19670,0
19671,1
19672,0
19673,0
19674,0
19675,0
19676,1
19677,0
19678,0
19679,0
19680,0
19681,1
19682,0
19683,2
19684,1
19685,1
19686,1
19687,0
19688,1
19689,1
19690,0
19691,1
19692,1
19693,1
19694,0
19695,1
19696,1
19697,0
19698,0
19699,1
19700,2
19701,3
19702,0
19703,0
19704,0
19705,1
19706,0
19707,0
19708,1
19709,1
19710,0
19711,0
19712,0
19713,0
19714,0
19715,0
19716,0
19717,0
19718,1
19719,0
19720,0
19721,0
19722,0
19723,4
19724,0
19725,0
19726,1
19727,0
19728,0
19729,0
19730,0
19731,4
19732,0
19733,0
19734,0
19735,0
19736,0
19737,1
19738,0
19739,1
19740,1
19741,0
19742,4
19743,0
19744,1
19745,0
19746,0
19747,1
19748,1
19749,0
19750,0
19751,1
19752,0
19753,1
19754,1
19755,0
19756,1
19757,0
19758,0
19759,0
19760,0
19761,2
19762,3
19763,0
19764,1
19765,3
19766,0
19767,1
19768,0
19769,0
19770,1
19771,0
19772,2
19773,0
19774,2
19775,0
19776,1
19777,0
19778,0
19779,2
19780,0
19781,0
19782,1
19783,1
19784,1
19785,1
19786,3
19787,0
19788,0
19789,1
19790,0
19791,0
19792,0
19793,1
19794,0
19795,5
19796,0
19797,0
19798,1
19799,1
19800,0
19801,2
19802,1
19803,1
19804,0
19805,0
19806,3
19807,2
19808,1
19809,1
19810,1
19811,0
19812,1
19813,0
19814,1
19815,0
19816,1
19817,1
19818,2
19819,0
19820,1
19821,0
19822,0
19823,0
19824,0
19825,1
19826,1
19827,0
19828,0
19829,1
19830,0
19831,0
19832,1
19833,1
19834,0
19835,1
19836,0
19837,1
19838,1
19839,0
19840,1
19841,2
19842,0
19843,1
19844,0
19845,1
19846,1
19847,1
19848,1
19849,1
19850,0
19851,0
19852,0
19853,0
19854,0
19855,0
19856,2
19857,2
19858,0
19859,0
19860,0
19861,1
19862,0
19863,0
19864,1
19865,0
19866,2
19867,0
19868,1
19869,0
19870,0
19871,0
19872,2
19873,0
19874,0
19875,1
19876,0
19877,1
19878,4
19879,1
19880,0
19881,0
19882,0
19883,2
19884,1
19885,0
19886,0
19887,2
19888,1
19889,2
19890,0
19891,0
19892,0
19893,0
19894,0
19895,1
19896,0
19897,0
19898,2
19899,1
19900,1
19901,1
19902,0
19903,0
19904,2
19905,0
19906,0
19907,0
19908,0
19909,0
19910,0
19911,0
19912,0
19913,0
19914,0
19915,0
19916,2
19917,0
19918,0
19919,1
19920,1
19921,0
19922,0
19923,2
19924,1
19925,1
19926,2
19927,2
19928,0
19929,0
19930,0
19931,2
19932,0
19933,1
19934,0
19935,0
19936,0
19937,2
19938,2
19939,0
19940,2
19941,7
19942,2
19943,0
19944,1
19945,1
19946,2
19947,2
19948,1
19949,0
19950,0
19951,0
19952,2
19953,0
19954,2
19955,1
19956,0
19957,0
19958,0
19959,2
19960,0
19961,2
19962,5
19963,1
19964,0
19965,0
19966,0
19967,2
19968,0
19969,0
19970,3
19971,1
19972,1
19973,0
19974,1
19975,2
19976,5
19977,1
19978,1
19979,0
19980,0
19981,0
19982,0
19983,0
19984,1
19985,0
19986,1
19987,4
19988,1
19989,0
19990,0
19991,0
19992,3
19993,0
19994,1
19995,1
19996,1
19997,0
19998,1
19999,0
20000,1
20001,0
20002,0
20003,0
20004,0
20005,1
20006,3
20007,2
20008,0
20009,0
20010,3
20011,0
20012,3
20013,1
20014,0
20015,1
20016,0
20017,1
20018,0
20019,1
20020,2
20021,1
20022,0
20023,0
20024,1
20025,0
20026,1
20027,1
20028,0
20029,0
20030,1
20031,0
20032,0
20033,1
20034,1
20035,2
20036,0
20037,0
20038,2
20039,0
20040,2
20041,1
20042,1
20043,2
20044,2
20045,1
20046,2
20047,0
20048,1
20049,0
20050,2
20051,0
20052,1
20053,1
20054,0
20055,0
20056,2
20057,0
20058,0
20059,1
20060,0
20061,1
20062,0
20063,0
20064,2
20065,0
20066,0
20067,1
20068,0
20069,0
20070,0
20071,0
20072,0
20073,2
20074,1
20075,1
20076,1
20077,1
20078,0
20079,0
20080,1
20081,1
20082,0
20083,2
20084,0
20085,1
20086,0
20087,1
20088,0
20089,0
20090,0
20091,1
20092,0
20093,0
20094,0
20095,0
20096,2
20097,0
20098,0
20099,0
20100,0
20101,0
20102,0
20103,0
20104,1
20105,1
20106,0
20107,1
20108,0
20109,1
20110,0
20111,1
20112,0
20113,0
20114,0
20115,0
20116,0
20117,1
20118,1
20119,0
20120,1
20121,1
20122,0
20123,0
20124,2
20125,0
20126,1
20127,0
20128,2
20129,0
20130,0
20131,2
20132,0
20133,0
20134,1
20135,0
20136,0
20137,2
20138,0
20139,1
20140,0
20141,0
20142,2
20143,1
20144,0
20145,1
20146,0
20147,1
20148,1
20149,0
20150,2
20151,0
20152,1
20153,0
20154,0
20155,0
20156,0
20157,0
20158,1
20159,1
20160,3
20161,0
20162,1
20163,0
20164,0
20165,1
20166,0
20167,0
20168,1
20169,0
20170,1
20171,0
20172,1
20173,1
20174,1
20175,0
20176,0
20177,1
20178,0
20179,0
20180,0
20181,2
20182,1
20183,0
20184,1
20185,0
20186,2
20187,1
20188,1
20189,0
20190,1
20191,0
20192,0
20193,1
20194,2
20195,0
20196,2
20197,1
20198,1
20199,1
20200,1
20201,1
20202,2
20203,2
20204,0
20205,0
20206,0
20207,1
20208,0
20209,0
20210,1
20211,1
20212,1
20213,2
20214,2
20215,0
20216,0
20217,1
20218,2
20219,0
20220,2
20221,2
20222,0
20223,3
20224,3
20225,2
20226,0
20227,0
20228,1
20229,0
20230,1
20231,3
20232,1
20233,2
20234,3
20235,0
20236,2
20237,0
20238,0
20239,0
20240,0
20241,0
20242,1
20243,0
20244,0
20245,3
20246,1
20247,1
20248,2
20249,0
20250,1
20251,0
20252,1
20253,0
20254,1
20255,0
20256,3
20257,0
20258,0
20259,0
20260,1
20261,0
20262,0
20263,0
20264,0
20265,0
20266,0
20267,1
20268,0
20269,2
20270,1
20271,1
20272,0
20273,3
20274,0
20275,0
20276,0
20277,2
20278,0
20279,2
20280,0
20281,0
20282,1
20283,1
20284,3
20285,0
20286,0
20287,0
20288,2
20289,1
20290,1
20291,1
20292,0
20293,1
20294,0
20295,2
20296,2
20297,2
20298,0
20299,1
20300,2
20301,0
20302,0
20303,0
20304,1
20305,1
20306,1
20307,0
20308,2
20309,0
20310,2
20311,3
20312,1
20313,2
20314,1
20315,2
20316,0
20317,0
20318,1
20319,0
20320,1
20321,1
20322,1
20323,0
20324,2
20325,0
20326,0
20327,1
20328,0
20329,1
20330,2
20331,2
20332,2
20333,0
20334,0
20335,0
20336,0
20337,2
20338,2
20339,2
20340,0
20341,2
20342,0
20343,2
20344,2
20345,1
20346,0
20347,1
20348,1
20349,0
20350,0
20351,1
20352,1
20353,0
20354,0
20355,0
20356,0
20357,0
20358,1
20359,1
20360,2
20361,1
20362,0
20363,0
20364,1
20365,1
20366,1
20367,0
20368,0
20369,3
20370,2
20371,0
20372,4
20373,1
20374,0
20375,0
20376,0
20377,1
20378,0
20379,0
20380,1
20381,1
20382,0
20383,1
20384,0
20385,1
20386,0
20387,0
20388,1
20389,1
20390,0
20391,1
20392,1
20393,0
20394,1
20395,0
20396,1
20397,2
20398,0
20399,1
20400,3
20401,1
20402,0
20403,0
20404,0
20405,0
20406,1
20407,0
20408,1
20409,0
20410,0
20411,0
20412,1
20413,0
20414,1
20415,0
20416,0
20417,0
20418,1
20419,1
20420,0
20421,0
20422,0
20423,0
20424,2
20425,0
20426,1
20427,2
20428,1
20429,0
20430,1
20431,1
20432,1
20433,0
20434,1
20435,2
20436,1
20437,2
20438,0
20439,1
20440,1
20441,1
20442,0
20443,0
20444,1
20445,0
20446,2
20447,0
20448,0
20449,2
20450,1
20451,0
20452,0
20453,0
20454,1
20455,0
20456,3
20457,1
20458,0
20459,4
20460,0
20461,0
20462,0
20463,0
20464,0
20465,0
20466,1
20467,0
20468,1
20469,0
20470,0
20471,1
20472,0
20473,2
20474,0
20475,0
20476,1
20477,0
20478,0
20479,0
20480,0
20481,1
20482,0
20483,0
20484,2
20485,0
20486,0
20487,0
20488,1
20489,2
20490,0
20491,1
20492,0
20493,2
20494,0
20495,2
20496,2
20497,0
20498,0
20499,0
20500,0
20501,1
20502,0
20503,0
20504,0
20505,0
20506,0
20507,0
20508,0
20509,0
20510,1
20511,0
20512,2
20513,0
20514,1
20515,0
20516,1
20517,1
20518,1
20519,0
20520,0
20521,0
20522,1
20523,0
20524,1
20525,2
20526,0
20527,0
20528,0
20529,0
20530,0
20531,0
20532,0
20533,0
20534,0
20535,1
20536,0
20537,0
20538,1
20539,0
20540,0
20541,0
20542,1
20543,0
20544,1
20545,0
20546,0
20547,1
20548,0
20549,3
20550,0
20551,0
20552,0
20553,0
20554,1
20555,1
20556,0
20557,1
20558,1
20559,0
20560,0
20561,3
20562,0
20563,1
20564,0
20565,0
20566,0
20567,0
20568,0
20569,0
20570,0
20571,0
20572,1
20573,1
20574,0
20575,1
20576,1
20577,2
20578,0
20579,1
20580,2
20581,3
20582,2
20583,2
20584,2
20585,0
20586,1
20587,0
20588,0
20589,0
20590,0
20591,0
20592,0
20593,0
20594,0
20595,0
20596,0
20597,0
20598,0
20599,0
20600,1
20601,2
20602,0
20603,1
20604,1
20605,0
20606,0
20607,0
20608,0
20609,1
20610,0
20611,1
20612,0
20613,2
20614,1
20615,0
20616,0
20617,1
20618,0
20619,1
20620,2
20621,0
20622,0
20623,1
20624,0
20625,0
20626,0
20627,0
20628,1
20629,1
20630,1
20631,1
20632,1
20633,1
20634,1
20635,0
20636,2
20637,1
20638,1
20639,1
20640,0
20641,1
20642,2
20643,0
20644,2
20645,0
20646,1
20647,0
20648,0
20649,1
20650,1
20651,1
20652,1
20653,0
20654,1
20655,0
20656,1
20657,1
20658,2
20659,2
20660,0
20661,2
20662,0
20663,1
20664,1
20665,0
20666,0
20667,0
20668,0
20669,1
20670,2
20671,0
20672,0
20673,0
20674,0
20675,0
20676,0
20677,0
20678,0
20679,0
20680,0
20681,1
20682,1
20683,0
20684,0
20685,0
20686,0
20687,0
20688,2
20689,1
20690,0
20691,0
20692,0
20693,0
20694,1
20695,0
20696,0
20697,1
20698,4
20699,0
20700,0
20701,0
20702,1
20703,1
20704,0
20705,1
20706,1
20707,1
20708,0
20709,0
20710,0
20711,0
20712,0
20713,1
20714,0
20715,0
20716,0
20717,0
20718,0
20719,1
20720,1
20721,1
20722,0
20723,0
20724,0
20725,0
20726,2
20727,1
20728,0
20729,0
20730,0
20731,0
20732,0
20733,0
20734,0
20735,0
20736,1
20737,1
20738,0
20739,0
20740,1
20741,1
20742,0
20743,2
20744,1
20745,0
20746,0
20747,1
20748,1
20749,0
20750,0
20751,1
20752,3
20753,0
20754,3
20755,1
20756,0
20757,0
20758,1
20759,0
20760,2
20761,1
20762,1
20763,0
20764,3
20765,1
20766,1
20767,1
20768,1
20769,0
20770,0
20771,1
20772,1
20773,0
20774,1
20775,0
20776,0
20777,1
20778,0
20779,0
20780,3
20781,0
20782,0
20783,0
20784,1
20785,0
20786,1
20787,0
20788,1
20789,1
20790,0
20791,1
20792,0
20793,0
20794,0
20795,0
20796,1
20797,1
20798,1
20799,1
20800,0
20801,0
20802,0
20803,0
20804,1
20805,1
20806,2
20807,0
20808,1
20809,0
20810,1
20811,0
20812,1
20813,1
20814,0
20815,0
20816,0
20817,2
20818,0
20819,4
20820,1
20821,1
20822,0
20823,0
20824,1
20825,4
20826,1
20827,0
20828,0
20829,4
20830,5
20831,0
20832,0
20833,0
20834,1
20835,0
20836,0
20837,1
20838,0
20839,0
20840,0
20841,1
20842,1
20843,1
20844,1
20845,0
20846,1
20847,0
20848,2
20849,0
20850,1
20851,0
20852,0
20853,0
20854,1
20855,0
20856,1
20857,0
20858,0
20859,1
20860,1
20861,3
20862,1
20863,1
20864,0
20865,0
20866,1
20867,0
20868,0
20869,0
20870,0
20871,0
20872,1
20873,2
20874,0
20875,4
20876,0
20877,0
20878,0
20879,1
20880,1
20881,1
20882,0
20883,1
20884,0
20885,1
20886,0
20887,1
20888,1
20889,1
20890,1
20891,1
20892,0
20893,0
20894,0
20895,0
20896,0
20897,0
20898,1
20899,0
20900,0
20901,1
20902,0
20903,0
20904,1
20905,2
20906,1
20907,4
20908,2
20909,4
20910,2
20911,1
20912,0
20913,6
20914,0
20915,0
20916,1
20917,1
20918,0
20919,1
20920,0
20921,0
20922,1
20923,0
20924,2
20925,2
20926,1
20927,0
20928,1
20929,0
20930,1
20931,2
20932,0
20933,1
20934,3
20935,1
20936,0
20937,0
20938,2
20939,1
20940,1
20941,0
20942,3
20943,1
20944,0
20945,1
20946,3
20947,1
20948,0
20949,0
20950,1
20951,0
20952,1
20953,0
20954,1
20955,0
20956,0
20957,0
20958,1
20959,1
20960,1
20961,1
20962,0
20963,0
20964,0
20965,1
20966,0
20967,0
20968,2
20969,2
20970,0
20971,0
20972,0
20973,0
20974,0
20975,0
20976,1
20977,0
20978,0
20979,0
20980,1
20981,2
20982,2
20983,0
20984,0
20985,0
20986,1
20987,3
20988,1
20989,0
20990,0
20991,0
20992,0
20993,1
20994,1
20995,0
20996,1
20997,0
20998,0
20999,0
21000,0
21001,2
21002,0
21003,2
21004,0
21005,1
21006,0
21007,1
21008,1
21009,1
21010,1
21011,9
21012,0
21013,0
21014,3
21015,3
21016,0
21017,3
21018,1
21019,0
21020,0
21021,0
21022,1
21023,0
21024,0
21025,0
21026,6
21027,0
21028,0
21029,1
21030,0
21031,0
21032,0
21033,0
21034,1
21035,1
21036,2
21037,2
21038,0
21039,0
21040,0
21041,1
21042,4
21043,0
21044,0
21045,0
21046,0
21047,1
21048,0
21049,0
21050,2
21051,1
21052,4
21053,0
21054,4
21055,1
21056,2
21057,0
21058,0
21059,2
21060,1
21061,0
21062,0
21063,1
21064,0
21065,0
21066,0
21067,1
21068,0
21069,0
21070,1
21071,0
21072,1
21073,0
21074,0
21075,0
21076,1
21077,0
21078,1
21079,0
21080,1
21081,3
21082,0
21083,1
21084,0
21085,2
21086,0
21087,1
21088,0
21089,0
21090,1
21091,2
21092,1
21093,0
21094,0
21095,0
21096,0
21097,0
21098,0
21099,1
21100,0
21101,1
21102,2
21103,2
21104,2
21105,0
21106,0
21107,0
21108,1
21109,0
21110,0
21111,2
21112,1
21113,1
21114,1
21115,1
21116,0
21117,3
21118,0
21119,0
21120,1
21121,0
21122,0
21123,3
21124,0
21125,0
21126,0
21127,0
21128,2
21129,0
21130,3
21131,0
21132,1
21133,0
21134,1
21135,2
21136,0
21137,1
21138,0
21139,1
21140,0
21141,0
21142,1
21143,1
21144,1
21145,2
21146,0
21147,0
21148,0
21149,1
21150,0
21151,0
21152,0
21153,1
21154,0
21155,7
21156,0
21157,0
21158,1
21159,0
21160,3
21161,0
21162,0
21163,1
21164,1
21165,1
21166,0
21167,1
21168,0
21169,0
21170,0
21171,0
21172,1
21173,0
21174,1
21175,1
21176,2
21177,1
21178,0
21179,0
21180,0
21181,0
21182,2
21183,2
21184,2
21185,0
21186,0
21187,1
21188,1
21189,0
21190,1
21191,0
21192,1
21193,2
21194,0
21195,1
21196,0
21197,0
21198,2
21199,1
21200,0
21201,2
21202,1
21203,0
21204,2
21205,0
21206,0
21207,1
21208,0
21209,0
21210,0
21211,1
21212,0
21213,0
21214,1
21215,5
21216,1
21217,0
21218,6
21219,0
21220,0
21221,1
21222,1
21223,0
21224,2
21225,0
21226,1
21227,2
21228,0
21229,0
21230,0
21231,1
21232,2
21233,2
21234,0
21235,1
21236,0
21237,0
21238,1
21239,0
21240,0
21241,0
21242,0
21243,2
21244,0
21245,0
21246,0
21247,2
21248,0
21249,0
21250,2
21251,2
21252,1
21253,1
21254,0
21255,0
21256,0
21257,0
21258,0
21259,0
21260,0
21261,2
21262,0
21263,0
21264,0
21265,0
21266,0
21267,0
21268,2
21269,1
21270,0
21271,0
21272,0
21273,1
21274,1
21275,1
21276,1
21277,0
21278,1
21279,1
21280,0
21281,0
21282,0
21283,2
21284,0
21285,1
21286,0
21287,0
21288,3
21289,1
21290,1
21291,1
21292,0
21293,1
21294,0
21295,2
21296,3
21297,1
21298,0
21299,0
21300,0
21301,2
21302,0
21303,0
21304,4
21305,0
21306,0
21307,1
21308,3
21309,0
21310,0
21311,0
21312,0
21313,0
21314,0
21315,1
21316,0
21317,0
21318,1
21319,3
21320,0
21321,0
21322,0
21323,0
21324,0
21325,1
21326,1
21327,1
21328,0
21329,0
21330,0
21331,0
21332,0
21333,1
21334,0
21335,2
21336,0
21337,1
21338,0
21339,4
21340,1
21341,1
21342,0
21343,0
21344,1
21345,1
21346,1
21347,0
21348,0
21349,0
21350,0
21351,1
21352,1
21353,0
21354,1
21355,1
21356,0
21357,0
21358,1
21359,2
21360,0
21361,0
21362,1
21363,0
21364,1
21365,1
21366,1
21367,2
21368,1
21369,0
21370,2
21371,2
21372,2
21373,1
21374,0
21375,2
21376,1
21377,0
21378,0
21379,0
21380,0
21381,0
21382,0
21383,0
21384,0
21385,0
21386,0
21387,2
21388,0
21389,0
21390,1
21391,0
21392,0
21393,1
21394,0
21395,0
21396,3
21397,1
21398,0
21399,0
21400,1
21401,1
21402,2
21403,2
21404,0
21405,0
21406,1
21407,4
21408,0
21409,1
21410,2
21411,2
21412,1
21413,0
21414,1
21415,1
21416,0
21417,0
21418,2
21419,0
21420,1
21421,0
21422,0
21423,0
21424,0
21425,1
21426,0
21427,1
21428,0
21429,0
21430,1
21431,0
21432,0
21433,0
21434,1
21435,0
21436,1
21437,1
21438,0
21439,4
21440,1
21441,1
21442,0
21443,1
21444,1
21445,0
21446,1
21447,1
21448,0
21449,1
21450,0
21451,1
21452,1
21453,0
21454,0
21455,1
21456,3
21457,3
21458,1
21459,2
21460,3
21461,1
21462,1
21463,0
21464,3
21465,0
21466,1
21467,0
21468,1
21469,3
21470,1
21471,1
21472,0
21473,0
21474,1
21475,1
21476,0
21477,0
21478,2
21479,0
21480,2
21481,0
21482,1
21483,0
21484,2
21485,1
21486,0
21487,1
21488,0
21489,1
21490,0
21491,1
21492,1
21493,1
21494,0
21495,0
21496,0
21497,4
21498,0
21499,0
21500,1
21501,0
21502,0
21503,3
21504,1
21505,0
21506,3
21507,1
21508,0
21509,0
21510,3
21511,1
21512,4
21513,2
21514,0
21515,1
21516,2
21517,1
21518,2
21519,1
21520,0
21521,1
21522,0
21523,0
21524,1
21525,0
21526,0
21527,0
21528,0
21529,2
21530,0
21531,0
21532,1
21533,1
21534,0
21535,1
21536,2
21537,1
21538,0
21539,1
21540,3
21541,0
21542,0
21543,1
21544,1
21545,0
21546,0
21547,2
21548,0
21549,0
21550,1
21551,0
21552,1
21553,0
21554,0
21555,1
21556,2
21557,0
21558,0
21559,2
21560,0
21561,1
21562,0
21563,2
21564,1
21565,0
21566,0
21567,2
21568,1
21569,0
21570,0
21571,0
21572,2
21573,1
21574,0
21575,2
21576,1
21577,0
21578,3
21579,0
21580,0
21581,1
21582,3
21583,0
21584,0
21585,1
21586,2
21587,0
21588,0
21589,1
21590,0
21591,0
21592,0
21593,0
21594,2
21595,0
21596,0
21597,1
21598,0
21599,2
21600,0
21601,1
21602,1
21603,0
21604,1
21605,1
21606,0
21607,3
21608,0
21609,0
21610,1
21611,0
21612,0
21613,2
21614,1
21615,0
21616,0
21617,0
21618,0
21619,1
21620,0
21621,1
21622,1
21623,0
21624,2
21625,0
21626,1
21627,0
21628,1
21629,1
21630,0
21631,1
21632,0
21633,0
21634,2
21635,0
21636,0
21637,1
21638,0
21639,0
21640,0
21641,2
21642,0
21643,1
21644,1
21645,0
21646,1
21647,0
21648,1
21649,1
21650,1
21651,1
21652,0
21653,1
21654,0
21655,0
21656,0
21657,0
21658,1
21659,0
21660,0
21661,0
21662,0
21663,3
21664,0
21665,1
21666,1
21667,0
21668,1
21669,0
21670,3
21671,3
21672,0
21673,0
21674,0
21675,0
21676,2
21677,1
21678,1
21679,0
21680,2
21681,0
21682,1
21683,3
21684,0
21685,0
21686,2
21687,2
21688,1
21689,0
21690,0
21691,1
21692,1
21693,0
21694,0
21695,0
21696,0
21697,0
21698,0
21699,1
21700,5
21701,1
21702,1
21703,0
21704,0
21705,0
21706,1
21707,0
21708,0
21709,2
21710,0
21711,0
21712,2
21713,0
21714,0
21715,1
21716,0
21717,0
21718,2
21719,0
21720,0
21721,1
21722,0
21723,1
21724,1
21725,1
21726,2
21727,1
21728,2
21729,1
21730,0
21731,1
21732,1
21733,0
21734,0
21735,0
21736,1
21737,1
21738,0
21739,0
21740,0
21741,3
21742,2
21743,2
21744,1
21745,2
21746,0
21747,0
21748,1
21749,0
21750,1
21751,3
21752,0
21753,0
21754,1
21755,1
21756,0
21757,0
21758,0
21759,3
21760,1
21761,1
21762,0
21763,0
21764,0
21765,1
21766,0
21767,1
21768,0
21769,1
21770,3
21771,1
21772,1
21773,0
21774,0
21775,0
21776,1
21777,1
21778,1
21779,1
21780,1
21781,0
21782,1
21783,0
21784,1
21785,1
21786,1
21787,0
21788,1
21789,0
21790,0
21791,3
21792,1
21793,1
21794,1
21795,0
21796,0
21797,1
21798,0
21799,0
21800,0
21801,0
21802,1
21803,1
21804,0
21805,0
21806,2
21807,1
21808,0
21809,0
21810,0
21811,0
21812,0
21813,1
21814,1
21815,1
21816,0
21817,0
21818,0
21819,1
21820,0
21821,0
21822,2
21823,0
21824,3
21825,2
21826,1
21827,2
21828,1
21829,1
21830,0
21831,2
21832,0
21833,0
21834,1
21835,1
21836,0
21837,1
21838,2
21839,1
21840,2
21841,0
21842,0
21843,0
21844,1
21845,1
21846,2
21847,0
21848,3
21849,1
21850,1
21851,1
21852,1
21853,0
21854,0
21855,1
21856,1
21857,0
21858,3
21859,2
21860,0
21861,0
21862,0
21863,2
21864,0
21865,3
21866,1
21867,0
21868,1
21869,0
21870,3
21871,0
21872,0
21873,2
21874,2
21875,1
21876,2
21877,0
21878,1
21879,1
21880,0
21881,1
21882,0
21883,1
21884,0
21885,0
21886,0
21887,1
21888,0
21889,2
21890,1
21891,1
21892,1
21893,0
21894,1
21895,0
21896,0
21897,0
21898,0
21899,0
21900,0
21901,0
21902,0
21903,0
21904,0
21905,0
21906,0
21907,0
21908,0
21909,0
21910,2
21911,0
21912,1
21913,3
21914,1
21915,0
21916,1
21917,0
21918,1
21919,1
21920,3
21921,2
21922,1
21923,1
21924,0
21925,1
21926,0
21927,1
21928,0
21929,0
21930,0
21931,0
21932,2
21933,0
21934,0
21935,1
21936,1
21937,1
21938,0
21939,1
21940,1
21941,0
21942,0
21943,0
21944,2
21945,0
21946,0
21947,0
21948,0
21949,0
21950,0
21951,2
21952,2
21953,1
21954,4
21955,0
21956,3
21957,1
21958,0
21959,0
21960,0
21961,0
21962,0
21963,0
21964,1
21965,0
21966,0
21967,1
21968,3
21969,0
21970,1
21971,1
21972,0
21973,1
21974,2
21975,2
21976,0
21977,1
21978,3
21979,0
21980,1
21981,1
21982,1
21983,0
21984,1
21985,1
21986,0
21987,1
21988,1
21989,0
21990,2
21991,1
21992,0
21993,0
21994,2
21995,0
21996,0
21997,0
21998,2
21999,0
22000,0
22001,1
22002,0
22003,3
22004,0
22005,1
22006,0
22007,2
22008,1
22009,1
22010,3
22011,1
22012,0
22013,0
22014,1
22015,1
22016,3
22017,0
22018,2
22019,1
22020,0
22021,1
22022,1
22023,0
22024,0
22025,2
22026,3
22027,0
22028,4
22029,2
22030,0
22031,2
22032,0
22033,0
22034,0
22035,0
22036,1
22037,1
22038,1
22039,0
22040,1
22041,0
22042,0
22043,0
22044,2
22045,1
22046,0
22047,1
22048,0
22049,3
22050,1
22051,0
22052,1
22053,1
22054,0
22055,2
22056,1
22057,2
22058,0
22059,0
22060,2
22061,3
22062,1
22063,1
22064,1
22065,0
22066,0
22067,0
22068,1
22069,1
22070,1
22071,0
22072,1
22073,1
22074,0
22075,0
22076,1
22077,1
22078,3
22079,0
22080,0
22081,2
22082,1
22083,0
22084,1
22085,0
22086,0
22087,1
22088,3
22089,0
22090,0
22091,0
22092,0
22093,1
22094,0
22095,3
22096,1
22097,1
22098,0
22099,2
22100,0
22101,4
22102,1
22103,0
22104,0
22105,0
22106,0
22107,0
22108,0
22109,0
22110,1
22111,0
22112,2
22113,0
22114,2
22115,3
22116,1
22117,1
22118,1
22119,2
22120,4
22121,0
22122,1
22123,0
22124,0
22125,0
22126,2
22127,0
22128,1
22129,0
22130,1
22131,0
22132,1
22133,2
22134,0
22135,0
22136,1
22137,3
22138,0
22139,0
22140,0
22141,0
22142,0
22143,1
22144,0
22145,0
22146,1
22147,0
22148,0
22149,0
22150,2
22151,0
22152,2
22153,2
22154,0
22155,0
22156,1
22157,2
22158,1
22159,0
22160,1
22161,0
22162,0
22163,0
22164,1
22165,0
22166,1
22167,3
22168,0
22169,1
22170,1
22171,0
22172,1
22173,2
22174,0
22175,0
22176,2
22177,2
22178,0
22179,0
22180,1
22181,3
22182,0
22183,0
22184,1
22185,0
22186,0
22187,1
22188,1
22189,0
22190,0
22191,1
22192,1
22193,0
22194,0
22195,0
22196,0
22197,2
22198,0
22199,0
22200,0
22201,0
22202,1
22203,0
22204,0
22205,0
22206,2
22207,2
22208,2
22209,1
22210,2
22211,0
22212,0
22213,2
22214,0
22215,0
22216,2
22217,0
22218,3
22219,1
22220,1
22221,1
22222,2
22223,0
22224,0
22225,0
22226,0
22227,0
22228,1
22229,0
22230,1
22231,0
22232,0
22233,0
22234,0
22235,1
22236,0
22237,1
22238,0
22239,1
22240,1
22241,0
22242,1
22243,0
22244,0
22245,0
22246,0
22247,0
22248,0
22249,1
22250,1
22251,1
22252,0
22253,0
22254,0
22255,1
22256,1
22257,3
22258,0
22259,0
22260,2
22261,1
22262,0
22263,2
22264,1
22265,1
22266,0
22267,0
22268,1
22269,2
22270,2
22271,0
22272,0
22273,0
22274,0
22275,1
22276,0
22277,0
22278,0
22279,1
22280,0
22281,2
22282,0
22283,1
22284,0
22285,0
22286,1
22287,2
22288,2
22289,0
22290,0
22291,4
22292,2
22293,0
22294,1
22295,1
22296,0
22297,0
22298,0
22299,1
22300,0
22301,1
22302,0
22303,0
22304,0
22305,0
22306,1
22307,0
22308,1
22309,0
22310,0
22311,0
22312,4
22313,0
22314,2
22315,4
22316,1
22317,0
22318,2
22319,0
22320,0
22321,4
22322,1
22323,1
22324,4
22325,0
22326,0
22327,3
22328,1
22329,1
22330,2
22331,0
22332,0
22333,1
22334,2
22335,0
22336,2
22337,0
22338,1
22339,0
22340,0
22341,0
22342,4
22343,1
22344,3
22345,0
22346,1
22347,0
22348,0
22349,0
22350,0
22351,0
22352,1
22353,1
22354,1
22355,0
22356,0
22357,0
22358,0
22359,0
22360,1
22361,1
22362,2
22363,2
22364,0
22365,1
22366,0
22367,0
22368,2
22369,1
22370,2
22371,0
22372,3
22373,1
22374,2
22375,1
22376,0
22377,0
22378,1
22379,0
22380,0
22381,3
22382,0
22383,2
22384,0
22385,1
22386,2
22387,1
22388,1
22389,0
22390,1
22391,0
22392,1
22393,0
22394,1
22395,0
22396,0
22397,0
22398,0
22399,2
22400,0
22401,0
22402,0
22403,0
22404,1
22405,1
22406,0
22407,0
22408,1
22409,0
22410,1
22411,2
22412,2
22413,1
22414,1
22415,1
22416,2
22417,0
22418,0
22419,0
22420,1
22421,0
22422,1
22423,0
22424,1
22425,1
22426,1
22427,0
22428,1
22429,1
22430,0
22431,1
22432,1
22433,3
22434,0
22435,0
22436,1
22437,0
22438,0
22439,2
22440,0
22441,2
22442,1
22443,0
22444,1
22445,1
22446,0
22447,0
22448,0
22449,0
22450,2
22451,3
22452,0
22453,2
22454,1
22455,0
22456,0
22457,0
22458,0
22459,0
22460,1
22461,1
22462,1
22463,0
22464,1
22465,1
22466,1
22467,0
22468,1
22469,2
22470,2
22471,1
22472,2
22473,0
22474,1
22475,0
22476,2
22477,0
22478,3
22479,2
22480,1
22481,0
22482,1
22483,0
22484,0
22485,2
22486,2
22487,0
22488,0
22489,1
22490,0
22491,1
22492,0
22493,0
22494,1
22495,2
22496,0
22497,0
22498,1
22499,0
22500,0
22501,0
22502,2
22503,3
22504,3
22505,0
22506,0
22507,3
22508,1
22509,2
22510,0
22511,0
22512,1
22513,0
22514,0
22515,1
22516,0
22517,1
22518,0
22519,1
22520,0
22521,1
22522,1
22523,1
22524,0
22525,0
22526,0
22527,0
22528,2
22529,1
22530,1
22531,0
22532,1
22533,0
22534,0
22535,0
22536,0
22537,0
22538,0
22539,1
22540,2
22541,0
22542,0
22543,4
22544,0
22545,1
22546,0
22547,1
22548,1
22549,3
22550,0
22551,0
22552,0
22553,0
22554,2
22555,0
22556,3
22557,3
22558,2
22559,1
22560,0
22561,0
22562,0
22563,1
22564,2
22565,1
22566,1
22567,0
22568,0
22569,0
22570,1
22571,0
22572,3
22573,2
22574,3
22575,1
22576,0
22577,0
22578,0
22579,0
22580,1
22581,0
22582,0
22583,0
22584,0
22585,2
22586,1
22587,1
22588,1
22589,2
22590,0
22591,2
22592,1
22593,2
22594,2
22595,1
22596,0
22597,0
22598,0
22599,2
22600,0
22601,0
22602,0
22603,1
22604,7
22605,0
22606,1
22607,1
22608,3
22609,4
22610,1
22611,0
22612,0
22613,2
22614,1
22615,0
22616,1
22617,1
22618,1
22619,0
22620,1
22621,0
22622,1
22623,0
22624,0
22625,1
22626,0
22627,0
22628,1
22629,2
22630,1
22631,0
22632,2
22633,0
22634,3
22635,0
22636,1
22637,0
22638,0
22639,0
22640,1
22641,0
22642,0
22643,0
22644,1
22645,0
22646,0
22647,1
22648,0
22649,0
22650,1
22651,1
22652,0
22653,0
22654,0
22655,2
22656,1
22657,0
22658,1
22659,0
22660,2
22661,1
22662,1
22663,1
22664,0
22665,0
22666,3
22667,0
22668,1
22669,0
22670,0
22671,1
22672,1
22673,0
22674,1
22675,0
22676,0
22677,1
22678,0
22679,1
22680,0
22681,0
22682,0
22683,0
22684,1
22685,1
22686,1
22687,1
22688,3
22689,0
22690,0
22691,1
22692,1
22693,0
22694,2
22695,2
22696,1
22697,0
22698,1
22699,0
22700,1
22701,2
22702,1
22703,1
22704,0
22705,0
22706,1
22707,1
22708,1
22709,1
22710,0
22711,0
22712,1
22713,0
22714,0
22715,0
22716,0
22717,2
22718,0
22719,4
22720,1
22721,0
22722,0
22723,4
22724,0
22725,0
22726,0
22727,2
22728,1
22729,0
22730,1
22731,1
22732,0
22733,1
22734,0
22735,1
22736,0
22737,1
22738,1
22739,2
22740,2
22741,1
22742,0
22743,1
22744,0
22745,5
22746,1
22747,1
22748,1
22749,2
22750,2
22751,0
22752,1
22753,0
22754,1
22755,3
22756,1
22757,0
22758,0
22759,0
22760,0
22761,0
22762,0
22763,1
22764,3
22765,0
22766,0
22767,2
22768,1
22769,1
22770,0
22771,0
22772,0
22773,1
22774,1
22775,2
22776,0
22777,1
22778,2
22779,0
22780,1
22781,0
22782,0
22783,0
22784,0
22785,0
22786,0
22787,0
22788,0
22789,0
22790,0
22791,0
22792,0
22793,0
22794,3
22795,0
22796,3
22797,2
22798,0
22799,0
22800,1
22801,1
22802,0
22803,1
22804,2
22805,0
22806,0
22807,0
22808,2
22809,1
22810,2
22811,1
22812,0
22813,0
22814,1
22815,1
22816,1
22817,2
22818,1
22819,0
22820,0
22821,0
22822,1
22823,0
22824,0
22825,0
22826,0
22827,0
22828,0
22829,1
22830,0
22831,1
22832,1
22833,1
22834,0
22835,1
22836,0
22837,2
22838,0
22839,3
22840,0
22841,0
22842,0
22843,1
22844,0
22845,1
22846,1
22847,3
22848,0
22849,1
22850,0
22851,2
22852,0
22853,1
22854,1
22855,0
22856,0
22857,1
22858,2
22859,1
22860,0
22861,0
22862,0
22863,1
22864,1
22865,0
22866,0
22867,1
22868,0
22869,1
22870,2
22871,0
22872,0
22873,0
22874,0
22875,1
22876,1
22877,0
22878,2
22879,0
22880,1
22881,0
22882,0
22883,2
22884,1
22885,2
22886,0
22887,0
22888,0
22889,0
22890,0
22891,2
22892,1
22893,1
22894,0
22895,0
22896,1
22897,1
22898,0
22899,1
22900,0
22901,1
22902,0
22903,2
22904,0
22905,1
22906,0
22907,0
22908,0
22909,0
22910,1
22911,1
22912,1
22913,1
22914,0
22915,3
22916,1
22917,3
22918,0
22919,1
22920,5
22921,1
22922,0
22923,1
22924,2
22925,1
22926,2
22927,0
22928,2
22929,1
22930,0
22931,2
22932,1
22933,2
22934,1
22935,0
22936,1
22937,3
22938,2
22939,2
22940,1
22941,0
22942,2
22943,0
22944,1
22945,1
22946,0
22947,0
22948,2
22949,0
22950,3
22951,0
22952,0
22953,3
22954,0
22955,2
22956,0
22957,0
22958,0
22959,0
22960,0
22961,0
22962,2
22963,0
22964,0
22965,0
22966,0
22967,0
22968,1
22969,0
22970,0
22971,1
22972,1
22973,0
22974,1
22975,0
22976,1
22977,0
22978,1
22979,1
22980,1
22981,1
22982,1
22983,0
22984,2
22985,0
22986,2
22987,2
22988,0
22989,1
22990,1
22991,1
22992,0
22993,0
22994,0
22995,0
22996,0
22997,0
22998,1
22999,0
23000,0
23001,1
23002,0
23003,0
23004,1
23005,0
23006,0
23007,0
23008,0
23009,0
23010,0
23011,0
23012,1
23013,1
23014,2
23015,0
23016,0
23017,3
23018,2
23019,2
23020,3
23021,0
23022,0
23023,0
23024,0
23025,0
23026,0
23027,2
23028,0
23029,2
23030,2
23031,0
23032,1
23033,1
23034,0
23035,0
23036,0
23037,0
23038,0
23039,0
23040,0
23041,1
23042,0
23043,8
23044,2
23045,0
23046,2
23047,2
23048,0
23049,1
23050,1
23051,5
23052,1
23053,2
23054,1
23055,2
23056,1
23057,2
23058,5
23059,1
23060,4
23061,0
23062,2
23063,0
23064,3
23065,0
23066,1
23067,0
23068,0
23069,0
23070,2
23071,1
23072,0
23073,1
23074,0
23075,0
23076,0
23077,0
23078,0
23079,1
23080,0
23081,0
23082,1
23083,1
23084,1
23085,3
23086,0
23087,2
23088,2
23089,0
23090,0
23091,0
23092,0
23093,1
23094,0
23095,1
23096,1
23097,3
23098,0
23099,4
23100,0
23101,0
23102,0
23103,0
23104,1
23105,0
23106,1
23107,5
23108,0
23109,0
23110,0
23111,0
23112,0
23113,2
23114,0
23115,0
23116,1
23117,1
23118,2
23119,1
23120,1
23121,1
23122,1
23123,0
23124,0
23125,0
23126,2
23127,1
23128,0
23129,0
23130,0
23131,3
23132,0
23133,3
23134,1
23135,0
23136,2
23137,0
23138,1
23139,1
23140,1
23141,0
23142,2
23143,1
23144,1
23145,2
23146,1
23147,0
23148,1
23149,1
23150,0
23151,0
23152,1
23153,1
23154,0
23155,0
23156,1
23157,1
23158,4
23159,0
23160,0
23161,0
23162,0
23163,1
23164,1
23165,1
23166,0
23167,3
23168,1
23169,0
23170,0
23171,0
23172,0
23173,0
23174,0
23175,0
23176,1
23177,1
23178,0
23179,0
23180,2
23181,0
23182,2
23183,0
23184,5
23185,3
23186,0
23187,1
23188,1
23189,0
23190,1
23191,0
23192,0
23193,1
23194,0
23195,0
23196,1
23197,0
23198,0
23199,3
23200,0
23201,1
23202,1
23203,0
23204,0
23205,0
23206,0
23207,1
23208,0
23209,1
23210,5
23211,0
23212,0
23213,2
23214,0
23215,2
23216,1
23217,0
23218,0
23219,1
23220,4
23221,0
23222,0
23223,0
23224,1
23225,2
23226,0
23227,1
23228,1
23229,1
23230,0
23231,2
23232,0
23233,0
23234,3
23235,1
23236,0
23237,1
23238,6
23239,1
23240,0
23241,3
23242,3
23243,1
23244,0
23245,0
23246,0
23247,0
23248,0
23249,1
23250,0
23251,0
23252,1
23253,0
23254,1
23255,4
23256,1
23257,1
23258,0
23259,0
23260,0
23261,0
23262,1
23263,1
23264,0
23265,0
23266,4
23267,1
23268,0
23269,0
23270,0
23271,0
23272,0
23273,0
23274,0
23275,0
23276,1
23277,2
23278,0
23279,1
23280,0
23281,2
23282,0
23283,4
23284,0
23285,0
23286,1
23287,1
23288,1
23289,1
23290,0
23291,1
23292,0
23293,0
23294,1
23295,1
23296,1
23297,1
23298,0
23299,3
23300,1
23301,2
23302,1
23303,2
23304,1
23305,1
23306,0
23307,0
23308,0
23309,0
23310,0
23311,1
23312,1
23313,1
23314,0
23315,1
23316,0
23317,0
23318,1
23319,2
23320,0
23321,1
23322,1
23323,0
23324,0
23325,1
23326,0
23327,0
23328,1
23329,0
23330,0
23331,1
23332,1
23333,1
23334,2
23335,1
23336,0
23337,0
23338,0
23339,0
23340,1
23341,0
23342,0
23343,0
23344,0
23345,2
23346,0
23347,0
23348,3
23349,1
23350,0
23351,3
23352,0
23353,1
23354,1
23355,0
23356,1
23357,0
23358,3
23359,1
23360,0
23361,0
23362,2
23363,0
23364,1
23365,0
23366,0
23367,0
23368,0
23369,1
23370,1
23371,0
23372,0
23373,1
23374,1
23375,2
23376,1
23377,0
23378,0
23379,0
23380,0
23381,1
23382,0
23383,0
23384,0
23385,1
23386,1
23387,1
23388,0
23389,0
23390,1
23391,0
23392,0
23393,0
23394,2
23395,1
23396,0
23397,0
23398,0
23399,1
23400,3
23401,0
23402,1
23403,1
23404,1
23405,1
23406,0
23407,0
23408,0
23409,1
23410,1
23411,0
23412,1
23413,0
23414,4
23415,0
23416,0
23417,1
23418,0
23419,1
23420,1
23421,1
23422,1
23423,0
23424,1
23425,2
23426,2
23427,0
23428,2
23429,1
23430,3
23431,0
23432,0
23433,1
23434,0
23435,2
23436,0
23437,0
23438,1
23439,0
23440,0
23441,1
23442,1
23443,1
23444,0
23445,1
23446,1
23447,1
23448,1
23449,1
23450,2
23451,0
23452,0
23453,0
23454,1
23455,0
23456,0
23457,1
23458,0
23459,0
23460,0
23461,3
23462,0
23463,0
23464,0
23465,0
23466,1
23467,0
23468,0
23469,0
23470,0
23471,1
23472,1
23473,0
23474,1
23475,5
23476,1
23477,0
23478,0
23479,0
23480,0
23481,0
23482,0
23483,0
23484,2
23485,0
23486,0
23487,0
23488,0
23489,0
23490,0
23491,2
23492,0
23493,1
23494,0
23495,3
23496,0
23497,3
23498,0
23499,0
23500,0
23501,0
23502,1
23503,1
23504,0
23505,3
23506,1
23507,2
23508,0
23509,1
23510,0
23511,4
23512,0
23513,0
23514,0
23515,0
23516,1
23517,1
23518,0
23519,0
23520,1
23521,0
23522,1
23523,1
23524,2
23525,0
23526,2
23527,0
23528,0
23529,0
23530,1
23531,0
23532,0
23533,1
23534,0
23535,0
23536,0
23537,0
23538,4
23539,2
23540,1
23541,1
23542,0
23543,3
23544,1
23545,0
23546,2
23547,0
23548,2
23549,0
23550,1
23551,1
23552,1
23553,1
23554,1
23555,0
23556,0
23557,0
23558,1
23559,1
23560,2
23561,1
23562,2
23563,2
23564,2
23565,2
23566,2
23567,0
23568,1
23569,1
23570,4
23571,0
23572,0
23573,2
23574,1
23575,0
23576,3
23577,0
23578,1
23579,0
23580,0
23581,2
23582,0
23583,0
23584,0
23585,1
23586,0
23587,0
23588,1
23589,3
23590,2
23591,1
23592,2
23593,0
23594,0
23595,0
23596,0
23597,0
23598,0
23599,1
23600,0
23601,0
23602,0
23603,0
23604,0
23605,1
23606,3
23607,1
23608,0
23609,0
23610,0
23611,0
23612,0
23613,2
23614,1
23615,0
23616,1
23617,1
23618,1
23619,0
23620,0
23621,0
23622,0
23623,1
23624,0
23625,0
23626,3
23627,2
23628,0
23629,0
23630,1
23631,1
23632,5
23633,2
23634,0
23635,1
23636,0
23637,0
23638,0
23639,1
23640,1
23641,0
23642,0
23643,0
23644,1
23645,2
23646,0
23647,0
23648,1
23649,2
23650,0
23651,2
23652,1
23653,1
23654,1
23655,0
23656,1
23657,0
23658,2
23659,0
23660,0
23661,1
23662,0
23663,0
23664,1
23665,2
23666,2
23667,0
23668,2
23669,0
23670,1
23671,0
23672,3
23673,1
23674,0
23675,1
23676,0
23677,0
23678,0
23679,1
23680,1
23681,1
23682,2
23683,0
23684,1
23685,0
23686,0
23687,2
23688,0
23689,2
23690,0
23691,0
23692,0
23693,1
23694,1
23695,1
23696,0
23697,0
23698,1
23699,1
23700,0
23701,0
23702,1
23703,1
23704,0
23705,1
23706,1
23707,1
23708,3
23709,5
23710,1
23711,0
23712,0
23713,0
23714,0
23715,0
23716,2
23717,0
23718,0
23719,1
23720,0
23721,0
23722,0
23723,0
23724,1
23725,0
23726,1
23727,0
23728,0
23729,1
23730,0
23731,0
23732,0
23733,0
23734,1
23735,0
23736,0
23737,0
23738,1
23739,1
23740,1
23741,2
23742,0
23743,0
23744,1
23745,3
23746,0
23747,1
23748,0
23749,1
23750,2
23751,1
23752,0
23753,0
23754,0
23755,1
23756,0
23757,0
23758,1
23759,0
23760,0
23761,2
23762,1
23763,2
23764,1
23765,0
23766,0
23767,1
23768,1
23769,0
23770,1
23771,1
23772,0
23773,0
23774,0
23775,0
23776,2
23777,1
23778,0
23779,1
23780,0
23781,0
23782,0
23783,1
23784,1
23785,0
23786,0
23787,0
23788,1
23789,0
23790,0
23791,0
23792,0
23793,0
23794,1
23795,1
23796,2
23797,0
23798,0
23799,0
23800,2
23801,0
23802,0
23803,1
23804,1
23805,0
23806,0
23807,0
23808,0
23809,0
23810,1
23811,0
23812,1
23813,0
23814,0
23815,1
23816,0
23817,1
23818,2
23819,2
23820,1
23821,0
23822,1
23823,0
23824,0
23825,0
23826,0
23827,0
23828,0
23829,2
23830,0
23831,1
23832,1
23833,1
23834,0
23835,2
23836,1
23837,0
23838,2
23839,0
23840,0
23841,2
23842,0
23843,1
23844,2
23845,1
23846,0
23847,1
23848,1
23849,0
23850,1
23851,0
23852,0
23853,1
23854,0
23855,0
23856,0
23857,0
23858,0
23859,0
23860,0
23861,1
23862,0
23863,1
23864,0
23865,0
23866,0
23867,1
23868,1
23869,0
23870,0
23871,2
23872,2
23873,1
23874,2
23875,1
23876,0
23877,0
23878,1
23879,0
23880,0
23881,1
23882,0
23883,1
23884,0
23885,2
23886,1
23887,0
23888,1
23889,0
23890,0
23891,0
23892,0
23893,1
23894,0
23895,1
23896,2
23897,1
23898,0
23899,1
23900,1
23901,0
23902,2
23903,1
23904,1
23905,1
23906,2
23907,1
23908,0
23909,1
23910,0
23911,2
23912,0
23913,0
23914,0
23915,4
23916,0
23917,2
23918,2
23919,0
23920,0
23921,0
23922,0
23923,1
23924,1
23925,0
23926,0
23927,0
23928,0
23929,0
23930,0
23931,1
23932,0
23933,1
23934,1
23935,0
23936,0
23937,0
23938,1
23939,0
23940,0
23941,0
23942,1
23943,0
23944,2
23945,0
23946,3
23947,1
23948,1
23949,0
23950,1
23951,1
23952,0
23953,0
23954,2
23955,1
23956,0
23957,0
23958,0
23959,2
23960,0
23961,1
23962,1
23963,0
23964,1
23965,0
23966,3
23967,0
23968,0
23969,2
23970,1
23971,1
23972,0
23973,2
23974,0
23975,1
23976,3
23977,0
23978,1
23979,0
23980,0
23981,1
23982,0
23983,1
23984,2
23985,0
23986,0
23987,0
23988,1
23989,0
23990,1
23991,0
23992,1
23993,0
23994,1
23995,2
23996,1
23997,0
23998,3
23999,3
24000,2
24001,1
24002,1
24003,1
24004,0
24005,1
24006,3
24007,1
24008,0
24009,0
24010,0
24011,2
24012,1
24013,1
24014,0
24015,0
24016,2
24017,0
24018,2
24019,1
24020,1
24021,1
24022,1
24023,3
24024,0
24025,2
24026,1
24027,1
24028,0
24029,0
24030,0
24031,0
24032,0
24033,1
24034,0
24035,1
24036,0
24037,0
24038,2
24039,0
24040,0
24041,0
24042,1
24043,1
24044,0
24045,1
24046,0
24047,1
24048,0
24049,1
24050,0
24051,1
24052,0
24053,0
24054,2
24055,2
24056,1
24057,0
24058,0
24059,0
24060,0
24061,0
24062,0
24063,1
24064,0
24065,0
24066,3
24067,2
24068,1
24069,1
24070,0
24071,0
24072,1
24073,0
24074,0
24075,5
24076,0
24077,0
24078,1
24079,1
24080,0
24081,2
24082,0
24083,0
24084,2
24085,0
24086,1
24087,0
24088,0
24089,3
24090,2
24091,0
24092,1
24093,1
24094,0
24095,0
24096,0
24097,0
24098,1
24099,3
24100,0
24101,1
24102,1
24103,5
24104,3
24105,1
24106,0
24107,0
24108,0
24109,3
24110,0
24111,0
24112,0
24113,0
24114,1
24115,0
24116,2
24117,1
24118,1
24119,2
24120,1
24121,0
24122,1
24123,0
24124,0
24125,1
24126,1
24127,2
24128,1
24129,2
24130,0
24131,0
24132,1
24133,1
24134,1
24135,0
24136,0
24137,1
24138,0
24139,0
24140,0
24141,1
24142,1
24143,0
24144,0
24145,1
24146,1
24147,1
24148,0
24149,0
24150,0
24151,0
24152,0
24153,2
24154,0
24155,4
24156,0
24157,0
24158,1
24159,0
24160,1
24161,0
24162,2
24163,0
24164,0
24165,1
24166,0
24167,0
24168,0
24169,0
24170,0
24171,0
24172,1
24173,0
24174,0
24175,1
24176,0
24177,1
24178,2
24179,0
24180,0
24181,0
24182,0
24183,0
24184,0
24185,0
24186,0
24187,0
24188,1
24189,0
24190,1
24191,0
24192,0
24193,0
24194,2
24195,1
24196,1
24197,0
24198,1
24199,0
24200,0
24201,2
24202,0
24203,2
24204,0
24205,2
24206,0
24207,0
24208,1
24209,0
24210,1
24211,1
24212,2
24213,1
24214,1
24215,1
24216,1
24217,0
24218,1
24219,1
24220,2
24221,2
24222,0
24223,1
24224,2
24225,0
24226,2
24227,0
24228,1
24229,0
24230,1
24231,0
24232,0
24233,1
24234,1
24235,1
24236,3
24237,0
24238,0
24239,0
24240,2
24241,1
24242,0
24243,0
24244,3
24245,0
24246,0
24247,0
24248,1
24249,4
24250,0
24251,0
24252,1
24253,1
24254,0
24255,0
24256,1
24257,1
24258,1
24259,0
24260,0
24261,2
24262,1
24263,0
24264,0
24265,0
24266,0
24267,0
24268,0
24269,0
24270,0
24271,2
24272,1
24273,0
24274,0
24275,1
24276,2
24277,2
24278,2
24279,0
24280,0
24281,1
24282,0
24283,1
24284,1
24285,1
24286,0
24287,0
24288,0
24289,1
24290,0
24291,0
24292,0
24293,1
24294,0
24295,2
24296,0
24297,1
24298,1
24299,1
24300,1
24301,0
24302,0
24303,0
24304,1
24305,2
24306,0
24307,0
24308,0
24309,0
24310,1
24311,3
24312,0
24313,0
24314,1
24315,3
24316,1
24317,1
24318,0
24319,0
24320,0
24321,4
24322,3
24323,2
24324,0
24325,0
24326,0
24327,1
24328,2
24329,1
24330,1
24331,0
24332,3
24333,0
24334,2
24335,2
24336,1
24337,1
24338,1
24339,0
24340,0
24341,2
24342,0
24343,0
24344,2
24345,0
24346,1
24347,5
24348,2
24349,1
24350,1
24351,0
24352,3
24353,1
24354,1
24355,0
24356,0
24357,0
24358,1
24359,0
24360,1
24361,1
24362,0
24363,2
24364,0
24365,2
24366,2
24367,0
24368,1
24369,4
24370,1
24371,0
24372,1
24373,0
24374,0
24375,0
24376,0
24377,3
24378,0
24379,0
24380,0
24381,3
24382,1
24383,0
24384,0
24385,1
24386,0
24387,0
24388,1
24389,0
24390,3
24391,3
24392,0
24393,0
24394,0
24395,1
24396,0
24397,0
24398,0
24399,1
24400,1
24401,0
24402,0
24403,1
24404,1
24405,0
24406,1
24407,1
24408,1
24409,2
24410,1
24411,2
24412,1
24413,0
24414,1
24415,0
24416,1
24417,1
24418,0
24419,1
24420,0
24421,1
24422,0
24423,1
24424,0
24425,0
24426,0
24427,1
24428,2
24429,0
24430,1
24431,0
24432,0
24433,0
24434,0
24435,0
24436,0
24437,0
24438,1
24439,0
24440,0
24441,0
24442,1
24443,0
24444,0
24445,0
24446,3
24447,1
24448,0
24449,3
24450,0
24451,0
24452,3
24453,0
24454,0
24455,0
24456,0
24457,0
24458,1
24459,1
24460,4
24461,0
24462,1
24463,0
24464,2
24465,1
24466,2
24467,2
24468,0
24469,1
24470,0
24471,2
24472,0
24473,0
24474,0
24475,0
24476,0
24477,1
24478,4
24479,0
24480,1
24481,0
24482,1
24483,1
24484,4
24485,0
24486,0
24487,1
24488,0
24489,1
24490,0
24491,0
24492,1
24493,2
24494,1
24495,2
24496,0
24497,0
24498,0
24499,1
24500,1
24501,2
24502,2
24503,0
24504,0
24505,0
24506,0
24507,0
24508,0
24509,1
24510,1
24511,2
24512,0
24513,2
24514,1
24515,1
24516,0
24517,1
24518,1
24519,0
24520,0
24521,4
24522,2
24523,3
24524,0
24525,0
24526,0
24527,0
24528,0
24529,1
24530,2
24531,0
24532,1
24533,1
24534,0
24535,0
24536,5
24537,1
24538,0
24539,0
24540,0
24541,0
24542,1
24543,0
24544,0
24545,1
24546,1
24547,0
24548,2
24549,1
24550,1
24551,1
24552,0
24553,0
24554,0
24555,0
24556,1
24557,1
24558,0
24559,2
24560,1
24561,0
24562,0
24563,0
24564,0
24565,2
24566,1
24567,1
24568,0
24569,0
24570,0
24571,1
24572,1
24573,1
24574,0
24575,1
24576,0
24577,0
24578,1
24579,1
24580,0
24581,0
24582,0
24583,0
24584,1
24585,0
24586,0
24587,0
24588,0
24589,1
24590,1
24591,0
24592,0
24593,1
24594,0
24595,0
24596,0
24597,1
24598,0
24599,0
24600,0
24601,0
24602,0
24603,0
24604,2
24605,3
24606,0
24607,3
24608,0
24609,0
24610,1
24611,0
24612,1
24613,0
24614,1
24615,1
24616,1
24617,0
24618,0
24619,1
24620,0
24621,2
24622,0
24623,0
24624,0
24625,2
24626,1
24627,0
24628,0
24629,0
24630,2
24631,2
24632,1
24633,0
24634,2
24635,0
24636,0
24637,1
24638,1
24639,1
24640,1
24641,3
24642,0
24643,0
24644,0
24645,0
24646,0
24647,1
24648,0
24649,0
24650,0
24651,0
24652,0
24653,1
24654,0
24655,0
24656,1
24657,3
24658,0
24659,1
24660,2
24661,0
24662,0
24663,0
24664,1
24665,1
24666,1
24667,0
24668,0
24669,0
24670,6
24671,1
24672,0
24673,0
24674,1
24675,0
24676,1
24677,1
24678,1
24679,2
24680,0
24681,0
24682,1
24683,1
24684,0
24685,1
24686,2
24687,1
24688,1
24689,0
24690,3
24691,3
24692,0
24693,0
24694,2
24695,1
24696,0
24697,0
24698,0
24699,0
24700,2
24701,1
24702,0
24703,0
24704,0
24705,1
24706,0
24707,0
24708,1
24709,2
24710,1
24711,0
24712,1
24713,1
24714,0
24715,0
24716,1
24717,2
24718,1
24719,1
24720,1
24721,0
24722,1
24723,0
24724,1
24725,2
24726,1
24727,0
24728,0
24729,0
24730,0
24731,1
24732,0
24733,0
24734,1
24735,0
24736,0
24737,1
24738,1
24739,0
24740,2
24741,1
24742,3
24743,2
24744,2
24745,0
24746,2
24747,0
24748,2
24749,0
24750,0
24751,2
24752,1
24753,5
24754,0
24755,0
24756,2
24757,2
24758,2
24759,1
24760,0
24761,1
24762,0
24763,1
24764,0
24765,1
24766,5
24767,0
24768,1
24769,0
24770,1
24771,1
24772,0
24773,0
24774,1
24775,0
24776,2
24777,2
24778,0
24779,0
24780,0
24781,2
24782,3
24783,0
24784,0
24785,1
24786,0
24787,0
24788,0
24789,0
24790,0
24791,0
24792,1
24793,0
24794,1
24795,1
24796,0
24797,1
24798,0
24799,1
24800,2
24801,2
24802,0
24803,1
24804,1
24805,0
24806,1
24807,0
24808,1
24809,0
24810,0
24811,0
24812,0
24813,0
24814,1
24815,0
24816,1
24817,2
24818,0
24819,1
24820,0
24821,1
24822,0
24823,0
24824,2
24825,0
24826,1
24827,2
24828,1
24829,1
24830,1
24831,0
24832,1
24833,4
24834,2
24835,0
24836,1
24837,0
24838,0
24839,0
24840,1
24841,0
24842,1
24843,0
24844,0
24845,1
24846,0
24847,0
24848,0
24849,3
24850,1
24851,0
24852,3
24853,0
24854,0
24855,0
24856,0
24857,0
24858,0
24859,0
24860,0
24861,1
24862,1
24863,0
24864,1
24865,0
24866,1
24867,0
24868,1
24869,2
24870,1
24871,2
24872,1
24873,0
24874,1
24875,1
24876,1
24877,1
24878,0
24879,1
24880,0
24881,0
24882,0
24883,0
24884,0
24885,0
24886,1
24887,0
24888,0
24889,0
24890,0
24891,0
24892,0
24893,0
24894,2
24895,0
24896,1
24897,1
24898,0
24899,1
24900,0
24901,1
24902,0
24903,0
24904,0
24905,3
24906,0
24907,2
24908,2
24909,0
24910,0
24911,0
24912,0
24913,0
24914,1
24915,0
24916,0
24917,0
24918,0
24919,3
24920,0
24921,1
24922,0
24923,0
24924,0
24925,2
24926,2
24927,1
24928,0
24929,1
24930,1
24931,0
24932,0
24933,0
24934,2
24935,1
24936,1
24937,0
24938,0
24939,1
24940,1
24941,1
24942,0
24943,1
24944,1
24945,1
24946,1
24947,0
24948,3
24949,0
24950,5
24951,3
24952,0
24953,1
24954,1
24955,0
24956,2
24957,1
24958,1
24959,1
24960,0
24961,0
24962,1
24963,1
24964,0
24965,0
24966,2
24967,1
24968,1
24969,2
24970,1
24971,1
24972,1
24973,1
24974,0
24975,1
24976,1
24977,0
24978,1
24979,2
24980,0
24981,0
24982,1
24983,0
24984,0
24985,1
24986,1
24987,1
24988,0
24989,0
24990,1
24991,0
24992,0
24993,0
24994,0
24995,1
24996,0
24997,0
24998,0
24999,0
25000,2
25001,2
25002,0
25003,0
25004,1
25005,1
25006,0
25007,1
25008,0
25009,0
25010,2
25011,2
25012,0
25013,1
25014,1
25015,0
25016,1
25017,0
25018,0
25019,1
25020,0
25021,0
25022,0
25023,1
25024,0
25025,1
25026,1
25027,0
25028,1
25029,0
25030,1
25031,0
25032,0
25033,0
25034,1
25035,0
25036,0
25037,0
25038,0
25039,0
25040,2
25041,0
25042,0
25043,0
25044,2
25045,0
25046,1
25047,2
25048,0
25049,0
25050,2
25051,0
25052,1
25053,1
25054,2
25055,0
25056,1
25057,0
25058,1
25059,0
25060,1
25061,1
25062,0
25063,4
25064,0
25065,2
25066,0
25067,2
25068,2
25069,3
25070,0
25071,0
25072,0
25073,0
25074,2
25075,0
25076,0
25077,0
25078,0
25079,0
25080,0
25081,0
25082,0
25083,1
25084,2
25085,0
25086,0
25087,1
25088,0
25089,2
25090,2
25091,1
25092,0
25093,0
25094,1
25095,0
25096,2
25097,0
25098,1
25099,1
25100,0
25101,0
25102,1
25103,0
25104,1
25105,0
25106,1
25107,0
25108,1
25109,0
25110,1
25111,0
25112,1
25113,0
25114,0
25115,0
25116,1
25117,1
25118,1
25119,1
25120,1
25121,2
25122,1
25123,0
25124,0
25125,0
25126,1
25127,1
25128,3
25129,0
25130,0
25131,0
25132,0
25133,5
25134,1
25135,0
25136,0
25137,0
25138,1
25139,0
25140,1
25141,1
25142,0
25143,0
25144,0
25145,0
25146,0
25147,2
25148,0
25149,0
25150,0
25151,2
25152,0
25153,0
25154,0
25155,2
25156,1
25157,1
25158,0
25159,1
25160,1
25161,3
25162,1
25163,0
25164,0
25165,0
25166,1
25167,0
25168,3
25169,1
25170,3
25171,1
25172,1
25173,0
25174,0
25175,0
25176,1
25177,0
25178,0
25179,1
25180,0
25181,0
25182,2
25183,0
25184,0
25185,0
25186,0
25187,0
25188,0
25189,0
25190,1
25191,2
25192,1
25193,1
25194,1
25195,2
25196,0
25197,0
25198,1
25199,0
25200,2
25201,0
25202,2
25203,0
25204,2
25205,0
25206,1
25207,1
25208,1
25209,0
25210,2
25211,0
25212,1
25213,0
25214,3
25215,1
25216,0
25217,0
25218,0
25219,0
25220,1
25221,1
25222,0
25223,1
25224,1
25225,0
25226,1
25227,0
25228,2
25229,0
25230,0
25231,0
25232,4
25233,0
25234,0
25235,1
25236,2
25237,0
25238,0
25239,0
25240,1
25241,1
25242,0
25243,0
25244,1
25245,1
25246,0
25247,2
25248,1
25249,2
25250,0
25251,1
25252,4
25253,2
25254,2
25255,1
25256,0
25257,1
25258,0
25259,0
25260,1
25261,2
25262,3
25263,0
25264,0
25265,0
25266,0
25267,0
25268,1
25269,2
25270,1
25271,6
25272,2
25273,1
25274,0
25275,2
25276,0
25277,0
25278,1
25279,0
25280,0
25281,1
25282,0
25283,0
25284,0
25285,1
25286,2
25287,1
25288,0
25289,2
25290,0
25291,0
25292,2
25293,0
25294,1
25295,0
25296,1
25297,0
25298,2
25299,1
25300,2
25301,1
25302,3
25303,0
25304,0
25305,1
25306,1
25307,0
25308,1
25309,0
25310,0
25311,0
25312,0
25313,1
25314,1
25315,0
25316,0
25317,0
25318,0
25319,0
25320,1
25321,1
25322,2
25323,1
25324,2
25325,2
25326,1
25327,0
25328,0
25329,1
25330,1
25331,0
25332,2
25333,0
25334,2
25335,0
25336,3
25337,0
25338,2
25339,2
25340,0
25341,1
25342,1
25343,1
25344,5
25345,0
25346,0
25347,1
25348,0
25349,0
25350,0
25351,1
25352,1
25353,0
25354,2
25355,1
25356,2
25357,1
25358,0
25359,0
25360,0
25361,1
25362,1
25363,1
25364,1
25365,0
25366,1
25367,1
25368,0
25369,1
25370,2
25371,1
25372,0
25373,2
25374,0
25375,1
25376,2
25377,4
25378,0
25379,1
25380,2
25381,1
25382,1
25383,0
25384,2
25385,0
25386,1
25387,0
25388,0
25389,0
25390,0
25391,2
25392,1
25393,0
25394,0
25395,0
25396,2
25397,0
25398,0
25399,0
25400,0
25401,0
25402,0
25403,0
25404,2
25405,0
25406,1
25407,0
25408,2
25409,0
25410,0
25411,0
25412,0
25413,2
25414,0
25415,0
25416,3
25417,0
25418,0
25419,2
25420,0
25421,0
25422,1
25423,0
25424,0
25425,3
25426,0
25427,0
25428,2
25429,0
25430,0
25431,1
25432,0
25433,0
25434,0
25435,0
25436,1
25437,0
25438,1
25439,0
25440,0
25441,0
25442,0
25443,0
25444,0
25445,0
25446,2
25447,0
25448,0
25449,1
25450,2
25451,0
25452,0
25453,2
25454,0
25455,1
25456,0
25457,0
25458,2
25459,2
25460,0
25461,0
25462,2
25463,0
25464,0
25465,0
25466,0
25467,2
25468,0
25469,0
25470,0
25471,1
25472,1
25473,1
25474,0
25475,2
25476,1
25477,0
25478,0
25479,1
25480,0
25481,2
25482,2
25483,0
25484,0
25485,0
25486,0
25487,0
25488,1
25489,1
25490,0
25491,2
25492,1
25493,1
25494,0
25495,0
25496,1
25497,2
25498,0
25499,1
25500,1
25501,0
25502,1
25503,1
25504,1
25505,1
25506,0
25507,2
25508,1
25509,3
25510,0
25511,1
25512,0
25513,0
25514,1
25515,2
25516,0
25517,0
25518,0
25519,0
25520,1
25521,0
25522,0
25523,1
25524,0
25525,0
25526,0
25527,0
25528,1
25529,1
25530,0
25531,0
25532,1
25533,1
25534,1
25535,0
25536,0
25537,0
25538,1
25539,2
25540,1
25541,1
25542,0
25543,0
25544,1
25545,3
25546,0
25547,0
25548,1
25549,0
25550,1
25551,1
25552,0
25553,7
25554,1
25555,0
25556,1
25557,1
25558,1
25559,0
25560,0
25561,0
25562,1
25563,0
25564,1
25565,0
25566,0
25567,1
25568,1
25569,0
25570,1
25571,3
25572,0
25573,0
25574,0
25575,0
25576,1
25577,0
25578,2
25579,0
25580,0
25581,1
25582,1
25583,1
25584,1
25585,0
25586,0
25587,0
25588,0
25589,2
25590,2
25591,1
25592,0
25593,1
25594,0
25595,1
25596,2
25597,1
25598,1
25599,0
25600,1
25601,0
25602,1
25603,0
25604,1
25605,1
25606,0
25607,1
25608,0
25609,0
25610,0
25611,0
25612,3
25613,1
25614,3
25615,3
25616,4
25617,0
25618,0
25619,1
25620,0
25621,2
25622,2
25623,0
25624,2
25625,1
25626,0
25627,0
25628,0
25629,0
25630,0
25631,1
25632,0
25633,2
25634,0
25635,0
25636,0
25637,0
25638,0
25639,0
25640,1
25641,2
25642,1
25643,0
25644,2
25645,0
25646,0
25647,0
25648,0
25649,2
25650,0
25651,1
25652,0
25653,0
25654,0
25655,1
25656,1
25657,2
25658,0
25659,0
25660,1
25661,0
25662,1
25663,5
25664,1
25665,0
25666,0
25667,1
25668,0
25669,1
25670,1
25671,3
25672,0
25673,0
25674,0
25675,1
25676,0
25677,1
25678,0
25679,1
25680,2
25681,1
25682,0
25683,0
25684,1
25685,1
25686,0
25687,0
25688,0
25689,1
25690,0
25691,0
25692,1
25693,1
25694,0
25695,3
25696,1
25697,1
25698,0
25699,0
25700,1
25701,1
25702,0
25703,0
25704,0
25705,0
25706,0
25707,2
25708,0
25709,2
25710,0
25711,1
25712,0
25713,0
25714,2
25715,1
25716,0
25717,0
25718,0
25719,0
25720,0
25721,2
25722,0
25723,1
25724,0
25725,0
25726,1
25727,1
25728,1
25729,0
25730,0
25731,3
25732,0
25733,2
25734,0
25735,0
25736,1
25737,0
25738,1
25739,0
25740,0
25741,0
25742,1
25743,0
25744,0
25745,1
25746,2
25747,0
25748,1
25749,0
25750,1
25751,0
25752,0
25753,0
25754,1
25755,0
25756,2
25757,0
25758,1
25759,0
25760,1
25761,1
25762,1
25763,0
25764,2
25765,1
25766,0
25767,1
25768,0
25769,2
25770,0
25771,0
25772,0
25773,0
25774,0
25775,1
25776,1
25777,1
25778,0
25779,0
25780,0
25781,2
25782,2
25783,1
25784,0
25785,0
25786,2
25787,1
25788,1
25789,0
25790,0
25791,0
25792,1
25793,2
25794,1
25795,1
25796,1
25797,2
25798,0
25799,1
25800,1
25801,0
25802,2
25803,1
25804,0
25805,1
25806,0
25807,1
25808,0
25809,0
25810,0
25811,1
25812,1
25813,0
25814,1
25815,0
25816,2
25817,0
25818,1
25819,0
25820,0
25821,1
25822,2
25823,2
25824,0
25825,0
25826,0
25827,1
25828,1
25829,0
25830,3
25831,0
25832,1
25833,3
25834,0
25835,0
25836,1
25837,1
25838,0
25839,1
25840,2
25841,2
25842,0
25843,0
25844,2
25845,1
25846,1
25847,0
25848,2
25849,0
25850,3
25851,1
25852,0
25853,0
25854,1
25855,0
25856,1
25857,0
25858,5
25859,0
25860,1
25861,0
25862,0
25863,0
25864,0
25865,1
25866,2
25867,1
25868,1
25869,1
25870,2
25871,3
25872,0
25873,0
25874,0
25875,0
25876,0
25877,0
25878,0
25879,3
25880,1
25881,0
25882,0
25883,2
25884,0
25885,0
25886,0
25887,1
25888,0
25889,0
25890,0
25891,3
25892,1
25893,0
25894,2
25895,0
25896,1
25897,1
25898,1
25899,0
25900,0
25901,0
25902,0
25903,3
25904,2
25905,0
25906,1
25907,0
25908,0
25909,0
25910,1
25911,1
25912,0
25913,0
25914,2
25915,1
25916,0
25917,0
25918,0
25919,0
25920,2
25921,0
25922,0
25923,4
25924,1
25925,1
25926,0
25927,0
25928,1
25929,0
25930,0
25931,2
25932,2
25933,2
25934,0
25935,0
25936,4
25937,0
25938,0
25939,1
25940,0
25941,2
25942,1
25943,0
25944,1
25945,0
25946,1
25947,0
25948,1
25949,2
25950,0
25951,1
25952,1
25953,2
25954,1
25955,2
25956,3
25957,0
25958,0
25959,1
25960,0
25961,2
25962,1
25963,0
25964,0
25965,0
25966,0
25967,0
25968,2
25969,3
25970,0
25971,0
25972,3
25973,1
25974,1
25975,0
25976,1
25977,1
25978,1
25979,1
25980,2
25981,0
25982,1
25983,1
25984,1
25985,0
25986,0
25987,0
25988,0
25989,0
25990,0
25991,0
25992,0
25993,1
25994,0
25995,3
25996,1
25997,1
25998,1
25999,1
26000,0
26001,1
26002,0
26003,3
26004,0
26005,0
26006,0
26007,1
26008,1
26009,2
26010,2
26011,3
26012,0
26013,1
26014,0
26015,1
26016,0
26017,2
26018,1
26019,1
26020,2
26021,0
26022,0
26023,0
26024,1
26025,0
26026,1
26027,2
26028,1
26029,5
26030,1
26031,3
26032,0
26033,1
26034,0
26035,2
26036,0
26037,1
26038,0
26039,0
26040,0
26041,1
26042,0
26043,2
26044,0
26045,2
26046,1
26047,0
26048,0
26049,1
26050,0
26051,0
26052,0
26053,1
26054,1
26055,1
26056,1
26057,1
26058,1
26059,5
26060,1
26061,0
26062,1
26063,2
26064,1
26065,0
26066,1
26067,0
26068,4
26069,0
26070,2
26071,2
26072,0
26073,0
26074,0
26075,0
26076,0
26077,3
26078,0
26079,1
26080,0
26081,1
26082,0
26083,2
26084,1
26085,0
26086,0
26087,0
26088,1
26089,4
26090,0
26091,0
26092,0
26093,0
26094,0
26095,0
26096,0
26097,0
26098,1
26099,0
26100,1
26101,0
26102,0
26103,0
26104,1
26105,0
26106,1
26107,0
26108,0
26109,1
26110,1
26111,0
26112,1
26113,0
26114,0
26115,1
26116,0
26117,0
26118,0
26119,1
26120,0
26121,2
26122,1
26123,1
26124,0
26125,0
26126,0
26127,0
26128,0
26129,0
26130,1
26131,0
26132,2
26133,3
26134,0
26135,0
26136,1
26137,1
26138,1
26139,0
26140,0
26141,1
26142,1
26143,1
26144,1
26145,0
26146,1
26147,0
26148,0
26149,0
26150,0
26151,0
26152,1
26153,0
26154,0
26155,0
26156,0
26157,0
26158,1
26159,1
26160,2
26161,0
26162,3
26163,0
26164,1
26165,1
26166,0
26167,0
26168,2
26169,0
26170,1
26171,0
26172,1
26173,0
26174,1
26175,1
26176,1
26177,1
26178,0
26179,0
26180,1
26181,1
26182,0
26183,0
26184,0
26185,0
26186,0
26187,0
26188,0
26189,0
26190,3
26191,0
26192,1
26193,2
26194,2
26195,3
26196,1
26197,0
26198,2
26199,2
26200,2
26201,0
26202,1
26203,0
26204,0
26205,1
26206,0
26207,2
26208,2
26209,0
26210,0
26211,0
26212,0
26213,3
26214,1
26215,0
26216,0
26217,2
26218,1
26219,2
26220,0
26221,2
26222,3
26223,1
26224,2
26225,0
26226,1
26227,0
26228,0
26229,0
26230,0
26231,0
26232,0
26233,0
26234,0
26235,1
26236,0
26237,1
26238,2
26239,1
26240,0
26241,0
26242,0
26243,1
26244,1
26245,1
26246,1
26247,0
26248,1
26249,3
26250,0
26251,0
26252,1
26253,1
26254,1
26255,0
26256,0
26257,0
26258,0
26259,0
26260,0
26261,0
26262,0
26263,1
26264,0
26265,0
26266,0
26267,0
26268,1
26269,1
26270,1
26271,1
26272,0
26273,0
26274,0
26275,0
26276,1
26277,2
26278,1
26279,0
26280,0
26281,1
26282,1
26283,0
26284,0
26285,1
26286,1
26287,0
26288,0
26289,0
26290,0
26291,3
26292,2
26293,0
26294,1
26295,0
26296,0
26297,1
26298,0
26299,0
26300,1
26301,4
26302,0
26303,0
26304,1
26305,0
26306,0
26307,0
26308,1
26309,1
26310,0
26311,0
26312,0
26313,2
26314,1
26315,2
26316,0
26317,0
26318,2
26319,3
26320,1
26321,1
26322,0
26323,0
26324,0
26325,1
26326,2
26327,1
26328,0
26329,0
26330,0
26331,2
26332,1
26333,1
26334,1
26335,0
26336,1
26337,4
26338,0
26339,0
26340,0
26341,0
26342,1
26343,1
26344,2
26345,0
26346,1
26347,4
26348,4
26349,0
26350,0
26351,1
26352,0
26353,1
26354,2
26355,0
26356,0
26357,1
26358,0
26359,1
26360,1
26361,0
26362,0
26363,1
26364,0
26365,0
26366,1
26367,0
26368,0
26369,0
26370,1
26371,1
26372,0
26373,0
26374,2
26375,0
26376,0
26377,1
26378,0
26379,2
26380,0
26381,0
26382,0
26383,1
26384,0
26385,0
26386,0
26387,3
26388,0
26389,1
26390,0
26391,4
26392,0
26393,1
26394,0
26395,0
26396,1
26397,0
26398,2
26399,0
26400,0
26401,0
26402,0
26403,0
26404,0
26405,1
26406,0
26407,0
26408,0
26409,1
26410,0
26411,0
26412,2
26413,0
26414,0
26415,0
26416,0
26417,0
26418,2
26419,1
26420,0
26421,0
26422,1
26423,0
26424,1
26425,7
26426,0
26427,1
26428,0
26429,1
26430,0
26431,2
26432,2
26433,0
26434,0
26435,0
26436,0
26437,0
26438,1
26439,1
26440,1
26441,1
26442,1
26443,0
26444,0
26445,0
26446,1
26447,1
26448,0
26449,0
26450,0
26451,2
26452,0
26453,0
26454,1
26455,0
26456,1
26457,0
26458,0
26459,0
26460,0
26461,0
26462,0
26463,1
26464,0
26465,0
26466,0
26467,1
26468,1
26469,0
26470,0
26471,1
26472,2
26473,1
26474,2
26475,2
26476,0
26477,0
26478,4
26479,0
26480,2
26481,2
26482,1
26483,0
26484,1
26485,1
26486,0
26487,0
26488,0
26489,1
26490,0
26491,0
26492,0
26493,4
26494,3
26495,0
26496,0
26497,2
26498,1
26499,0
26500,0
26501,0
26502,0
26503,0
26504,2
26505,0
26506,1
26507,0
26508,0
26509,1
26510,3
26511,1
26512,0
26513,0
26514,1
26515,0
26516,0
26517,0
26518,0
26519,0
26520,3
26521,0
26522,0
26523,0
26524,0
26525,0
26526,1
26527,0
26528,1
26529,0
26530,1
26531,0
26532,0
26533,0
26534,1
26535,1
26536,1
26537,0
26538,0
26539,1
26540,2
26541,1
26542,1
26543,0
26544,2
26545,0
26546,0
26547,0
26548,0
26549,0
26550,0
26551,1
26552,0
26553,0
26554,2
26555,0
26556,2
26557,1
26558,0
26559,2
26560,0
26561,0
26562,0
26563,2
26564,2
26565,0
26566,1
26567,0
26568,0
26569,1
26570,0
26571,1
26572,1
26573,0
26574,0
26575,1
26576,3
26577,2
26578,1
26579,2
26580,1
26581,0
26582,0
26583,1
26584,7
26585,0
26586,0
26587,2
26588,3
26589,0
26590,0
26591,2
26592,0
26593,1
26594,0
26595,0
26596,0
26597,1
26598,0
26599,0
26600,1
26601,1
26602,1
26603,2
26604,2
26605,1
26606,0
26607,1
26608,2
26609,0
26610,0
26611,0
26612,0
26613,2
26614,2
26615,0
26616,1
26617,2
26618,0
26619,0
26620,2
26621,0
26622,5
26623,5
26624,0
26625,3
26626,0
26627,0
26628,0
26629,0
26630,0
26631,1
26632,1
26633,0
26634,0
26635,1
26636,0
26637,0
26638,1
26639,0
26640,0
26641,0
26642,1
26643,0
26644,0
26645,1
26646,0
26647,1
26648,0
26649,0
26650,2
26651,1
26652,2
26653,1
26654,0
26655,0
26656,0
26657,2
26658,0
26659,0
26660,0
26661,0
26662,0
26663,2
26664,0
26665,0
26666,2
26667,0
26668,1
26669,0
26670,1
26671,0
26672,1
26673,2
26674,0
26675,1
26676,1
26677,0
26678,1
26679,3
26680,1
26681,0
26682,0
26683,0
26684,0
26685,3
26686,1
26687,0
26688,1
26689,2
26690,0
26691,0
26692,0
26693,0
26694,2
26695,0
26696,2
26697,0
26698,3
26699,0
26700,0
26701,1
26702,0
26703,0
26704,0
26705,1
26706,1
26707,0
26708,0
26709,1
26710,2
26711,0
26712,3
26713,1
26714,3
26715,2
26716,0
26717,0
26718,0
26719,0
26720,0
26721,0
26722,0
26723,1
26724,0
26725,0
26726,0
26727,0
26728,0
26729,1
26730,0
26731,0
26732,1
26733,0
26734,0
26735,2
26736,1
26737,0
26738,1
26739,1
26740,1
26741,1
26742,0
26743,0
26744,0
26745,0
26746,0
26747,0
26748,1
26749,1
26750,0
26751,0
26752,0
26753,1
26754,0
26755,1
26756,0
26757,0
26758,1
26759,0
26760,1
26761,0
26762,0
26763,0
26764,1
26765,0
26766,0
26767,0
26768,1
26769,1
26770,2
26771,2
26772,0
26773,1
26774,0
26775,0
26776,0
26777,1
26778,1
26779,0
26780,1
26781,1
26782,2
26783,0
26784,0
26785,1
26786,1
26787,0
26788,2
26789,1
26790,3
26791,0
26792,0
26793,2
26794,0
26795,3
26796,3
26797,0
26798,0
26799,0
26800,1
26801,0
26802,2
26803,7
26804,0
26805,0
26806,0
26807,0
26808,0
26809,0
26810,1
26811,1
26812,1
26813,1
26814,2
26815,1
26816,1
26817,0
26818,0
26819,1
26820,2
26821,0
26822,0
26823,0
26824,3
26825,4
26826,0
26827,0
26828,1
26829,0
26830,0
26831,1
26832,0
26833,0
26834,2
26835,0
26836,0
26837,3
26838,0
26839,0
26840,0
26841,0
26842,0
26843,0
26844,0
26845,1
26846,0
26847,0
26848,0
26849,1
26850,1
26851,4
26852,0
26853,0
26854,1
26855,1
26856,1
26857,1
26858,0
26859,1
26860,0
26861,1
26862,0
26863,2
26864,1
26865,0
26866,0
26867,0
26868,1
26869,0
26870,0
26871,0
26872,1
26873,0
26874,1
26875,1
26876,1
26877,1
26878,0
26879,1
26880,1
26881,1
26882,1
26883,2
26884,0
26885,1
26886,0
26887,0
26888,0
26889,1
26890,0
26891,1
26892,1
26893,0
26894,1
26895,2
26896,1
26897,1
26898,0
26899,0
26900,0
26901,0
26902,0
26903,0
26904,1
26905,0
26906,1
26907,0
26908,1
26909,1
26910,1
26911,1
26912,0
26913,0
26914,0
26915,0
26916,0
26917,1
26918,0
26919,2
26920,2
26921,2
26922,0
26923,0
26924,1
26925,1
26926,0
26927,0
26928,3
26929,1
26930,0
26931,1
26932,0
26933,0
26934,0
26935,1
26936,2
26937,0
26938,0
26939,0
26940,1
26941,0
26942,0
26943,0
26944,0
26945,0
26946,1
26947,0
26948,0
26949,0
26950,1
26951,0
26952,1
26953,3
26954,0
26955,2
26956,0
26957,1
26958,0
26959,2
26960,1
26961,0
26962,0
26963,2
26964,0
26965,0
26966,3
26967,1
26968,0
26969,0
26970,0
26971,1
26972,0
26973,0
26974,0
26975,1
26976,1
26977,0
26978,3
26979,2
26980,0
26981,1
26982,0
26983,0
26984,0
26985,0
26986,0
26987,0
26988,0
26989,2
26990,0
26991,0
26992,1
26993,0
26994,1
26995,3
26996,1
26997,1
26998,1
26999,1
27000,1
27001,0
27002,2
27003,0
27004,0
27005,1
27006,1
27007,2
27008,1
27009,0
27010,0
27011,0
27012,1
27013,1
27014,0
27015,2
27016,0
27017,0
27018,0
27019,1
27020,0
27021,1
27022,0
27023,1
27024,0
27025,1
27026,0
27027,1
27028,3
27029,1
27030,0
27031,0
27032,0
27033,0
27034,0
27035,0
27036,0
27037,0
27038,0
27039,0
27040,1
27041,0
27042,1
27043,5
27044,1
27045,2
27046,0
27047,1
27048,0
27049,1
27050,1
27051,1
27052,0
27053,0
27054,0
27055,0
27056,0
27057,0
27058,0
27059,4
27060,0
27061,1
27062,0
27063,1
27064,2
27065,4
27066,2
27067,0
27068,0
27069,1
27070,0
27071,2
27072,0
27073,0
27074,1
27075,0
27076,1
27077,0
27078,1
27079,0
27080,2
27081,0
27082,0
27083,2
27084,0
27085,1
27086,2
27087,1
27088,0
27089,0
27090,1
27091,2
27092,0
27093,0
27094,0
27095,1
27096,0
27097,1
27098,1
27099,1
27100,2
27101,0
27102,1
27103,0
27104,0
27105,0
27106,2
27107,1
27108,0
27109,1
27110,0
27111,5
27112,1
27113,0
27114,1
27115,0
27116,1
27117,0
27118,0
27119,0
27120,1
27121,0
27122,1
27123,0
27124,3
27125,0
27126,0
27127,1
27128,0
27129,3
27130,1
27131,1
27132,0
27133,3
27134,1
27135,1
27136,0
27137,0
27138,0
27139,2
27140,1
27141,2
27142,1
27143,2
27144,0
27145,1
27146,1
27147,2
27148,0
27149,0
27150,1
27151,1
27152,0
27153,1
27154,2
27155,0
27156,1
27157,0
27158,1
27159,0
27160,1
27161,0
27162,0
27163,0
27164,0
27165,2
27166,1
27167,1
27168,0
27169,0
27170,0
27171,0
27172,0
27173,3
27174,0
27175,0
27176,1
27177,0
27178,1
27179,2
27180,0
27181,0
27182,1
27183,0
27184,3
27185,0
27186,0
27187,0
27188,0
27189,0
27190,0
27191,1
27192,0
27193,0
27194,0
27195,0
27196,0
27197,0
27198,0
27199,1
27200,1
27201,2
27202,0
27203,2
27204,0
27205,0
27206,0
27207,1
27208,0
27209,1
27210,1
27211,2
27212,1
27213,0
27214,1
27215,2
27216,0
27217,0
27218,1
27219,1
27220,0
27221,0
27222,1
27223,0
27224,0
27225,0
27226,1
27227,1
27228,0
27229,0
27230,0
27231,0
27232,0
27233,1
27234,2
27235,1
27236,0
27237,1
27238,0
27239,1
27240,0
27241,0
27242,1
27243,0
27244,1
27245,0
27246,2
27247,0
27248,0
27249,1
27250,1
27251,2
27252,1
27253,0
27254,0
27255,1
27256,1
27257,2
27258,0
27259,0
27260,0
27261,2
27262,0
27263,1
27264,0
27265,0
27266,1
27267,0
27268,0
27269,0
27270,1
27271,1
27272,1
27273,1
27274,3
27275,0
27276,0
27277,1
27278,1
27279,2
27280,2
27281,0
27282,1
27283,0
27284,1
27285,3
27286,0
27287,0
27288,0
27289,1
27290,1
27291,0
27292,0
27293,0
27294,0
27295,0
27296,2
27297,0
27298,0
27299,0
27300,1
27301,0
27302,1
27303,1
27304,1
27305,2
27306,2
27307,1
27308,0
27309,0
27310,0
27311,1
27312,0
27313,1
27314,0
27315,1
27316,0
27317,1
27318,1
27319,0
27320,0
27321,1
27322,0
27323,2
27324,1
27325,0
27326,1
27327,2
27328,0
27329,2
27330,0
27331,0
27332,0
27333,0
27334,0
27335,0
27336,0
27337,0
27338,1
27339,1
27340,0
27341,0
27342,1
27343,1
27344,0
27345,0
27346,0
27347,1
27348,0
27349,1
27350,0
27351,1
27352,0
27353,0
27354,0
27355,0
27356,1
27357,0
27358,2
27359,1
27360,0
27361,0
27362,0
27363,2
27364,2
27365,0
27366,0
27367,0
27368,2
27369,0
27370,0
27371,0
27372,0
27373,0
27374,1
27375,1
27376,3
27377,0
27378,0
27379,1
27380,0
27381,2
27382,0
27383,1
27384,1
27385,1
27386,1
27387,1
27388,0
27389,0
27390,1
27391,1
27392,1
27393,1
27394,1
27395,1
27396,2
27397,0
27398,0
27399,2
27400,0
27401,0
27402,0
27403,3
27404,2
27405,0
27406,0
27407,1
27408,1
27409,0
27410,2
27411,1
27412,0
27413,0
27414,0
27415,1
27416,1
27417,0
27418,0
27419,0
27420,1
27421,0
27422,0
27423,2
27424,1
27425,1
27426,0
27427,0
27428,0
27429,2
27430,2
27431,0
27432,0
27433,0
27434,0
27435,0
27436,0
27437,1
27438,0
27439,1
27440,0
27441,1
27442,5
27443,0
27444,1
27445,1
27446,0
27447,1
27448,0
27449,0
27450,2
27451,0
27452,0
27453,0
27454,3
27455,1
27456,0
27457,0
27458,1
27459,1
27460,3
27461,0
27462,0
27463,1
27464,0
27465,0
27466,0
27467,0
27468,2
27469,1
27470,1
27471,0
27472,0
27473,1
27474,0
27475,0
27476,1
27477,0
27478,0
27479,0
27480,1
27481,0
27482,1
27483,1
27484,4
27485,0
27486,0
27487,1
27488,0
27489,1
27490,0
27491,0
27492,1
27493,0
27494,0
27495,1
27496,0
27497,0
27498,1
27499,0
27500,0
27501,0
27502,1
27503,1
27504,0
27505,1
27506,1
27507,0
27508,1
27509,0
27510,0
27511,0
27512,1
27513,0
27514,1
27515,0
27516,1
27517,0
27518,2
27519,0
27520,0
27521,1
27522,0
27523,1
27524,1
27525,1
27526,0
27527,0
27528,0
27529,0
27530,1
27531,2
27532,1
27533,0
27534,0
27535,0
27536,1
27537,0
27538,1
27539,1
27540,0
27541,4
27542,1
27543,0
27544,0
27545,1
27546,0
27547,2
27548,5
27549,0
27550,0
27551,0
27552,0
27553,0
27554,2
27555,0
27556,3
27557,0
27558,0
27559,1
27560,0
27561,0
27562,0
27563,0
27564,0
27565,1
27566,1
27567,0
27568,0
27569,0
27570,2
27571,0
27572,2
27573,6
27574,3
27575,1
27576,1
27577,0
27578,0
27579,2
27580,2
27581,0
27582,0
27583,0
27584,2
27585,2
27586,1
27587,1
27588,3
27589,1
27590,0
27591,0
27592,0
27593,0
27594,0
27595,1
27596,0
27597,1
27598,1
27599,1
27600,0
27601,0
27602,3
27603,0
27604,0
27605,1
27606,1
27607,0
27608,1
27609,1
27610,0
27611,1
27612,2
27613,2
27614,0
27615,0
27616,1
27617,0
27618,3
27619,0
27620,0
27621,4
27622,0
27623,1
27624,1
27625,0
27626,0
27627,3
27628,0
27629,0
27630,0
27631,2
27632,0
27633,0
27634,1
27635,1
27636,0
27637,1
27638,0
27639,0
27640,1
27641,0
27642,2
27643,0
27644,1
27645,0
27646,1
27647,1
27648,0
27649,0
27650,0
27651,1
27652,0
27653,0
27654,3
27655,0
27656,0
27657,0
27658,1
27659,0
27660,0
27661,0
27662,1
27663,8
27664,0
27665,1
27666,1
27667,2
27668,0
27669,0
27670,1
27671,0
27672,0
27673,0
27674,1
27675,1
27676,4
27677,1
27678,1
27679,1
27680,0
27681,0
27682,1
27683,1
27684,1
27685,1
27686,0
27687,7
27688,0
27689,1
27690,0
27691,1
27692,0
27693,2
27694,0
27695,1
27696,0
27697,2
27698,2
27699,0
27700,0
27701,1
27702,0
27703,0
27704,2
27705,0
27706,1
27707,1
27708,0
27709,0
27710,0
27711,0
27712,2
27713,1
27714,3
27715,0
27716,3
27717,0
27718,0
27719,0
27720,0
27721,3
27722,0
27723,5
27724,2
27725,1
27726,1
27727,1
27728,1
27729,0
27730,1
27731,0
27732,1
27733,0
27734,0
27735,2
27736,3
27737,1
27738,1
27739,2
27740,0
27741,0
27742,0
27743,0
27744,0
27745,1
27746,0
27747,1
27748,1
27749,0
27750,1
27751,1
27752,0
27753,0
27754,0
27755,2
27756,0
27757,0
27758,0
27759,3
27760,1
27761,2
27762,1
27763,0
27764,1
27765,0
27766,0
27767,0
27768,0
27769,1
27770,0
27771,1
27772,1
27773,0
27774,0
27775,0
27776,0
27777,0
27778,0
27779,0
27780,0
27781,1
27782,0
27783,0
27784,3
27785,6
27786,1
27787,0
27788,0
27789,0
27790,0
27791,0
27792,0
27793,1
27794,1
27795,0
27796,0
27797,1
27798,1
27799,1
27800,1
27801,0
27802,2
27803,1
27804,1
27805,1
27806,1
27807,0
27808,0
27809,1
27810,0
27811,1
27812,0
27813,0
27814,2
27815,0
27816,2
27817,1
27818,1
27819,1
27820,3
27821,0
27822,0
27823,1
27824,0
27825,3
27826,0
27827,1
27828,1
27829,2
27830,0
27831,0
27832,1
27833,1
27834,3
27835,2
27836,2
27837,1
27838,0
27839,1
27840,2
27841,0
27842,0
27843,0
27844,1
27845,0
27846,0
27847,1
27848,0
27849,0
27850,1
27851,0
27852,1
27853,0
27854,0
27855,3
27856,0
27857,0
27858,0
27859,0
27860,0
27861,0
27862,0
27863,1
27864,1
27865,1
27866,1
27867,5
27868,0
27869,1
27870,0
27871,1
27872,1
27873,0
27874,2
27875,1
27876,0
27877,0
27878,0
27879,0
27880,0
27881,0
27882,1
27883,2
27884,0
27885,1
27886,0
27887,0
27888,0
27889,3
27890,0
27891,1
27892,1
27893,0
27894,2
27895,1
27896,3
27897,0
27898,1
27899,0
27900,1
27901,0
27902,0
27903,1
27904,0
27905,0
27906,0
27907,0
27908,2
27909,0
27910,1
27911,1
27912,0
27913,1
27914,0
27915,0
27916,0
27917,0
27918,1
27919,0
27920,2
27921,1
27922,1
27923,0
27924,0
27925,1
27926,0
27927,0
27928,0
27929,0
27930,0
27931,1
27932,1
27933,5
27934,0
27935,0
27936,1
27937,0
27938,0
27939,0
27940,1
27941,0
27942,1
27943,1
27944,2
27945,1
27946,0
27947,1
27948,0
27949,0
27950,0
27951,1
27952,0
27953,1
27954,1
27955,0
27956,1
27957,0
27958,0
27959,0
27960,0
27961,0
27962,0
27963,0
27964,0
27965,0
27966,2
27967,1
27968,0
27969,1
27970,2
27971,1
27972,0
27973,0
27974,1
27975,0
27976,1
27977,1
27978,0
27979,1
27980,0
27981,1
27982,0
27983,1
27984,0
27985,0
27986,0
27987,1
27988,0
27989,1
27990,0
27991,0
27992,0
27993,0
27994,0
27995,0
27996,0
27997,2
27998,0
27999,0
28000,0
28001,2
28002,1
28003,1
28004,0
28005,0
28006,0
28007,2
28008,2
28009,3
28010,1
28011,2
28012,2
28013,0
28014,1
28015,0
28016,0
28017,3
28018,0
28019,0
28020,2
28021,3
28022,0
28023,1
28024,2
28025,0
28026,3
28027,1
28028,0
28029,1
28030,3
28031,0
28032,0
28033,0
28034,2
28035,3
28036,1
28037,2
28038,0
28039,0
28040,0
28041,1
28042,0
28043,1
28044,0
28045,0
28046,1
28047,1
28048,1
28049,0
28050,0
28051,0
28052,0
28053,0
28054,1
28055,1
28056,1
28057,1
28058,0
28059,2
28060,2
28061,2
28062,1
28063,1
28064,0
28065,1
28066,0
28067,0
28068,1
28069,0
28070,0
28071,1
28072,0
28073,0
28074,2
28075,2
28076,0
28077,1
28078,1
28079,0
28080,3
28081,1
28082,0
28083,1
28084,1
28085,0
28086,1
28087,0
28088,0
28089,2
28090,2
28091,0
28092,1
28093,0
28094,0
28095,0
28096,1
28097,0
28098,0
28099,0
28100,0
28101,0
28102,2
28103,0
28104,1
28105,2
28106,1
28107,1
28108,1
28109,0
28110,1
28111,0
28112,1
28113,2
28114,2
28115,1
28116,1
28117,1
28118,1
28119,0
28120,0
28121,0
28122,0
28123,0
28124,1
28125,0
28126,1
28127,2
28128,2
28129,0
28130,0
28131,0
28132,0
28133,3
28134,1
28135,0
28136,1
28137,1
28138,1
28139,0
28140,0
28141,4
28142,2
28143,1
28144,0
28145,1
28146,0
28147,1
28148,3
28149,2
28150,0
28151,0
28152,1
28153,3
28154,1
28155,0
28156,1
28157,0
28158,1
28159,0
28160,1
28161,1
28162,3
28163,0
28164,0
28165,1
28166,0
28167,1
28168,0
28169,0
28170,2
28171,1
28172,0
28173,0
28174,1
28175,0
28176,1
28177,2
28178,1
28179,0
28180,1
28181,0
28182,0
28183,1
28184,3
28185,0
28186,1
28187,2
28188,1
28189,1
28190,0
28191,0
28192,0
28193,1
28194,0
28195,3
28196,0
28197,0
28198,1
28199,0
28200,1
28201,0
28202,0
28203,0
28204,0
28205,1
28206,0
28207,3
28208,2
28209,0
28210,1
28211,1
28212,0
28213,3
28214,1
28215,3
28216,0
28217,0
28218,0
28219,4
28220,0
28221,0
28222,0
28223,0
28224,0
28225,0
28226,1
28227,1
28228,1
28229,0
28230,0
28231,0
28232,0
28233,0
28234,0
28235,0
28236,0
28237,0
28238,3
28239,0
28240,1
28241,0
28242,3
28243,0
28244,0
28245,0
28246,1
28247,0
28248,2
28249,4
28250,0
28251,0
28252,0
28253,2
28254,0
28255,0
28256,0
28257,0
28258,1
28259,0
28260,0
28261,0
28262,0
28263,0
28264,0
28265,1
28266,4
28267,1
28268,2
28269,0
28270,0
28271,2
28272,1
28273,1
28274,0
28275,1
28276,0
28277,0
28278,0
28279,0
28280,2
28281,0
28282,2
28283,3
28284,1
28285,0
28286,1
28287,0
28288,1
28289,1
28290,0
28291,3
28292,0
28293,0
28294,0
28295,2
28296,1
28297,1
28298,0
28299,1
28300,0
28301,0
28302,0
28303,0
28304,0
28305,0
28306,0
28307,0
28308,4
28309,0
28310,1
28311,0
28312,0
28313,1
28314,0
28315,1
28316,0
28317,1
28318,2
28319,0
28320,0
28321,3
28322,0
28323,0
28324,0
28325,0
28326,1
28327,1
28328,0
28329,0
28330,1
28331,0
28332,0
28333,0
28334,1
28335,0
28336,1
28337,1
28338,0
28339,0
28340,0
28341,1
28342,0
28343,0
28344,1
28345,1
28346,0
28347,0
28348,0
28349,1
28350,0
28351,1
28352,2
28353,2
28354,2
28355,0
28356,0
28357,1
28358,0
28359,2
28360,1
28361,4
28362,1
28363,0
28364,1
28365,0
28366,1
28367,2
28368,2
28369,0
28370,0
28371,0
28372,0
28373,1
28374,0
28375,2
28376,0
28377,2
28378,2
28379,0
28380,0
28381,0
28382,1
28383,0
28384,1
28385,0
28386,0
28387,1
28388,3
28389,0
28390,2
28391,0
28392,1
28393,0
28394,0
28395,0
28396,0
28397,1
28398,0
28399,1
28400,0
28401,1
28402,2
28403,1
28404,1
28405,0
28406,0
28407,1
28408,0
28409,2
28410,1
28411,0
28412,1
28413,0
28414,1
28415,2
28416,2
28417,1
28418,3
28419,1
28420,1
28421,0
28422,0
28423,0
28424,2
28425,1
28426,0
28427,1
28428,0
28429,0
28430,2
28431,0
28432,2
28433,0
28434,0
28435,1
28436,0
28437,0
28438,0
28439,0
28440,0
28441,4
28442,0
28443,1
28444,0
28445,1
28446,0
28447,3
28448,1
28449,0
28450,0
28451,0
28452,1
28453,0
28454,0
28455,1
28456,0
28457,0
28458,2
28459,0
28460,3
28461,0
28462,0
28463,1
28464,1
28465,1
28466,0
28467,0
28468,0
28469,1
28470,6
28471,1
28472,2
28473,1
28474,0
28475,1
28476,1
28477,0
28478,0
28479,1
28480,0
28481,0
28482,1
28483,1
28484,0
28485,1
28486,1
28487,0
28488,0
28489,0
28490,1
28491,1
28492,0
28493,0
28494,0
28495,0
28496,0
28497,3
28498,1
28499,0
28500,1
28501,1
28502,0
28503,2
28504,1
28505,1
28506,0
28507,2
28508,2
28509,1
28510,0
28511,1
28512,0
28513,0
28514,0
28515,1
28516,3
28517,1
28518,0
28519,0
28520,0
28521,1
28522,0
28523,0
28524,0
28525,0
28526,1
28527,0
28528,0
28529,1
28530,2
28531,0
28532,0
28533,0
28534,1
28535,2
28536,2
28537,0
28538,0
28539,1
28540,1
28541,2
28542,0
28543,0
28544,0
28545,0
28546,0
28547,0
28548,1
28549,1
28550,2
28551,0
28552,1
28553,2
28554,1
28555,0
28556,1
28557,0
28558,0
28559,1
28560,0
28561,0
28562,1
28563,0
28564,2
28565,1
28566,1
28567,1
28568,1
28569,1
28570,1
28571,1
28572,0
28573,0
28574,0
28575,1
28576,0
28577,2
28578,0
28579,0
28580,0
28581,1
28582,2
28583,1
28584,0
28585,1
28586,0
28587,2
28588,1
28589,3
28590,0
28591,0
28592,1
28593,0
28594,1
28595,1
28596,0
28597,0
28598,2
28599,0
28600,1
28601,0
28602,1
28603,3
28604,0
28605,2
28606,0
28607,0
28608,0
28609,1
28610,0
28611,0
28612,0
28613,2
28614,0
28615,0
28616,0
28617,0
28618,2
28619,0
28620,0
28621,2
28622,0
28623,1
28624,0
28625,0
28626,0
28627,1
28628,0
28629,6
28630,4
28631,0
28632,0
28633,0
28634,0
28635,2
28636,0
28637,0
28638,2
28639,0
28640,1
28641,0
28642,0
28643,1
28644,1
28645,0
28646,0
28647,1
28648,1
28649,0
28650,1
28651,0
28652,1
28653,0
28654,1
28655,0
28656,2
28657,0
28658,0
28659,0
28660,0
28661,0
28662,0
28663,0
28664,0
28665,0
28666,0
28667,1
28668,3
28669,0
28670,2
28671,1
28672,0
28673,5
28674,0
28675,1
28676,1
28677,1
28678,1
28679,1
28680,0
28681,1
28682,1
28683,0
28684,0
28685,0
28686,0
28687,0
28688,3
28689,1
28690,0
28691,1
28692,1
28693,1
28694,0
28695,1
28696,0
28697,1
28698,3
28699,0
28700,1
28701,1
28702,0
28703,0
28704,1
28705,2
28706,1
28707,0
28708,0
28709,0
28710,1
28711,0
28712,0
28713,3
28714,0
28715,0
28716,0
28717,1
28718,2
28719,3
28720,1
28721,0
28722,1
28723,1
28724,2
28725,0
28726,1
28727,0
28728,0
28729,1
28730,1
28731,4
28732,1
28733,0
28734,0
28735,0
28736,1
28737,1
28738,0
28739,0
28740,0
28741,2
28742,0
28743,0
28744,0
28745,1
28746,0
28747,3
28748,0
28749,0
28750,1
28751,0
28752,2
28753,0
28754,0
28755,2
28756,2
28757,0
28758,0
28759,2
28760,1
28761,1
28762,1
28763,0
28764,1
28765,0
28766,1
28767,0
28768,0
28769,1
28770,1
28771,0
28772,1
28773,0
28774,2
28775,0
28776,0
28777,0
28778,1
28779,1
28780,0
28781,4
28782,0
28783,0
28784,1
28785,0
28786,0
28787,0
28788,1
28789,2
28790,0
28791,1
28792,2
28793,4
28794,1
28795,0
28796,0
28797,0
28798,1
28799,0
28800,0
28801,0
28802,1
28803,1
28804,1
28805,1
28806,2
28807,1
28808,0
28809,0
28810,0
28811,1
28812,2
28813,1
28814,1
28815,1
